indicator_id,country_id,year,value,magnitude,qualifier
#indicator+code,#country+code,#date+year,#indicator+value+num,,
SAP.1,TGO,1970,350089,,
SAP.1.GLAST,TGO,1970,53250,,
SAP.2.G1,TGO,1970,51691,,
999978,TGO,1970,3,,
X.US.5T8.FSGOV,TGO,1970,.3509399890899658,,
THDUR.2T3,TGO,1970,7,,
XGDP.5T8.FSGOV,TGO,1970,.1016800031065941,,
SAP.1.G1,TGO,1970,64163,,
REPR.2.G5.F.CP,TGO,1970,0,NA,
X.USCONST.FSGOV,TGO,1970,28.10181045532227,,
SAP.1.F,TGO,1970,175761,,
SAP.1.GLAST.M,TGO,1970,26513,,
41939,TGO,1970,0,NA,
SAP.1.G1.F,TGO,1970,32208,,
41938,TGO,1970,0,NA,
SAP.3.F,TGO,1970,66903,,
41928,TGO,1970,0,NA,
SAP.3,TGO,1970,133406,,
SAP.5T8.F,TGO,1970,97507,,
999976,TGO,1970,4,,
X.US.1.FSGOV,TGO,1970,3.445859909057617,,
999975,TGO,1970,12,,
X.US.2T3.FSGOV,TGO,1970,1.322960019111633,,
SAP.1.M,TGO,1970,174328,,
X.USCONST.1.FSGOV,TGO,1970,18.03743934631348,,
REPR.2.G5.M.CP,TGO,1970,0,NA,
SAP.02.F,TGO,1970,105520,,
SAP.1.G1.M,TGO,1970,31955,,
SAP.2.F,TGO,1970,99140,,
SAP.1.GLAST.F,TGO,1970,26737,,
41930,TGO,1970,0,NA,
SAP.2T3,TGO,1970,330916,,
X.US.FSGOV,TGO,1970,5.368549823760986,,
SAP.1.AGM1.M,TGO,1970,33266,,
SAP.2T3.F,TGO,1970,166043,,
41937,TGO,1970,0,NA,
X.USCONST.5T8.FSGOV,TGO,1970,1.836989998817444,,
41919,TGO,1970,0,NA,
X.USCONST.02.FSGOV,TGO,1970,.3437199890613556,,
MYS.1T8.AG25T99.GPIA,TGO,1970,.179189994931221,,
X.USCONST.2T3.FSGOV,TGO,1970,6.925059795379639,,
MYS.1T8.AG25T99.F,TGO,1970,.163440003991127,,
SAP.1.AGM1,TGO,1970,66805,,
299932,TGO,1970,6,,
MYS.1T8.AG25T99,TGO,1970,.4960600137710571,,
10405,TGO,1970,1969,,
SAP.2,TGO,1970,197510,,
405,TGO,1970,1969,,
SAP.5T8,TGO,1970,194471,,
XGDP.02.FSGOV,TGO,1970,.0190299991518259,,
41929,TGO,1970,0,NA,
41920,TGO,1970,0,NA,
SAP.2.M,TGO,1970,98370,,
SAP.2T3.M,TGO,1970,164873,,
999977,TGO,1970,16,,
MYS.1T8.AG25T99.M,TGO,1970,.9121500253677368,,
REPR.2.G5.CP,TGO,1970,0,NA,
299929,TGO,1970,3,,
SAP.02,TGO,1970,210269,,
SAP.2.G1.M,TGO,1970,25741,,
41921,TGO,1970,0,NA,
XGDP.2T3.FSGOV,TGO,1970,.3833200037479401,,
299905,TGO,1970,6,,
SAP.02.M,TGO,1970,104749,,
X.US.02.FSGOV,TGO,1970,.0656599998474121,,
SAP.2.G1.F,TGO,1970,25950,,
SAP.3.M,TGO,1970,66503,,
SAP.5T8.M,TGO,1970,96964,,
SAP.1.AGM1.F,TGO,1970,33539,,
XGDP.1.FSGOV,TGO,1970,.9984099864959717,,
299902,TGO,1970,3,,
SAP.02.F,TGO,1971,109483,,
SLE.2T3.GPIA,TGO,1971,.2864600121974945,,
REPR.2.G4.CP,TGO,1971,31.61961936950684,,
SLE.2T3,TGO,1971,.4511300027370453,,
SAP.1.M,TGO,1971,181077,,
SAP.3,TGO,1971,137571,,
20160,TGO,1971,152,,
GTVP.2T3.V,TGO,1971,10.2576904296875,,
REPR.1.G6.F.CP,TGO,1971,44.8237190246582,,
SLE.02.GPIA,TGO,1971,.7285100221633911,,
REPR.2.G2.CP,TGO,1971,15.09605026245117,,
SAP.5T8.M,TGO,1971,100283,,
999978,TGO,1971,3,,
21502,TGO,1971,11056,,
41935,TGO,1971,787,,
REPR.2.G1.CP,TGO,1971,15.90445041656494,,
20183,TGO,1971,218,,
21510,TGO,1971,12318,,
SR.1.GLAST.M.CP,TGO,1971,75.62494659423828,,
FTP.2T3,TGO,1971,24.77272987365723,,
999976,TGO,1971,4,,
GER.2T3.GPIA,TGO,1971,.2864600121974945,,
405,TGO,1971,1970,,
41928,TGO,1971,0,NA,
SAP.2.F,TGO,1971,102306,,
REPR.1.G3.CP,TGO,1971,31.15619087219238,,
21507,TGO,1971,2101,,
42097,TGO,1971,55,,
OFST.1.CP,TGO,1971,187380,,
SLE.1T3.GPIA,TGO,1971,.423550009727478,,
20083,TGO,1971,4926,,
REPR.1.F.CP,TGO,1971,36.56740188598633,,
21505,TGO,1971,3552,,
NERT.1.M.CP,TGO,1971,66.65175628662109,,
GER.1.F,TGO,1971,38.83446884155273,,
SR.1.G5.GPIA,TGO,1971,.8894299864768982,,
20082,TGO,1971,22003,,
REPR.1.M.CP,TGO,1971,35.26750946044922,,
OFST.1.F.CP,TGO,1971,126994,,
SAP.2.G1.M,TGO,1971,26564,,
SR.1.G4.GPIA,TGO,1971,.910040020942688,,
GER.2T3,TGO,1971,6.444690227508545,,
299929,TGO,1971,3,,
SAP.1.AGM1.M,TGO,1971,34565,,
20062,TGO,1971,228505,,
OFST.1.M.CP,TGO,1971,60386,,
999975,TGO,1971,12,,
25053,TGO,1971,886,,
SLE.1T8,TGO,1971,4.348490238189697,,
REPR.1.G4.F.CP,TGO,1971,25.81403923034668,,
REPR.1.G5.F.CP,TGO,1971,32.72628021240234,,
21516,TGO,1971,77455,,
41934,TGO,1971,747,,
SLE.02.F,TGO,1971,.1091400012373924,,
REPR.2.G5.M.CP,TGO,1971,0,NA,
SR.1.GLAST.GPIA,TGO,1971,.8151800036430359,,
20182,TGO,1971,880,,
SAP.2T3,TGO,1971,341413,,
42104,TGO,1971,662,,
SR.1.GLAST.CP,TGO,1971,71.17391967773438,,
21500,TGO,1971,28668,,
20060,TGO,1971,9414,,
41907,TGO,1971,7185,,
41908,TGO,1971,7123,,
SLE.02,TGO,1971,.1294099986553192,,
25003,TGO,1971,48,,UIS_EST
GER.1,TGO,1971,62.85934066772461,,
41938,TGO,1971,0,NA,
SR.1.G4.CP,TGO,1971,77.74053192138672,,
FTP.1,TGO,1971,19.39114952087402,,
21511,TGO,1971,2863,,
SAP.1,TGO,1971,363518,,
41937,TGO,1971,0,NA,
SAP.02,TGO,1971,218239,,
SLE.1T3.M,TGO,1971,6.08480978012085,,
REPR.1.G2.F.CP,TGO,1971,31.01156997680664,,
21504,TGO,1971,10675,,
PRP.02,TGO,1971,71.20246124267578,,
NERT.1.CP,TGO,1971,48.45372009277344,,
21517,TGO,1971,24563,,
41936,TGO,1971,824,,
SAP.2T3.F,TGO,1971,171300,,
SAP.5T8,TGO,1971,201109,,
REPR.1.G1.M.CP,TGO,1971,42.72412872314453,,
SAP.2,TGO,1971,203842,,
SAP.2T3.M,TGO,1971,170113,,
999977,TGO,1971,16,,
SLE.2T3.F,TGO,1971,.2012999951839447,,
SR.1.G5.CP,TGO,1971,75.51872253417969,,
SAP.1.GLAST,TGO,1971,55196,,
10405,TGO,1971,1970,,
SAP.1.GLAST.M,TGO,1971,27488,,
REPR.2.G3.CP,TGO,1971,11.3459997177124,,
41906,TGO,1971,19050,,
41920,TGO,1971,0,NA,
SAP.3.F,TGO,1971,68994,,
SLE.5T8,TGO,1971,.0220299996435642,,
REPR.2.G5.F.CP,TGO,1971,0,NA,
GER.1T8,TGO,1971,27.7464599609375,,
SR.1.G5.M.CP,TGO,1971,78.33191680908203,,
SAP.2.G1,TGO,1971,53341,,
REPR.1.G1.CP,TGO,1971,43.00801849365234,,
SLE.1T3,TGO,1971,4.326459884643555,,
REPR.1.G2.CP,TGO,1971,28.88628959655762,,
GER.1T3,TGO,1971,35.53652954101563,,
41940,TGO,1971,3839,,
PRP.1,TGO,1971,33.90560150146484,,
GER.1.M,TGO,1971,87.06517028808594,,
REPR.2.G5.CP,TGO,1971,0,NA,
GTVP.2T3.GPV,TGO,1971,89.7423095703125,,
REPR.1.G4.CP,TGO,1971,23.98644065856934,,
41914,TGO,1971,52892,,
SAP.1.G1.F,TGO,1971,33405,,
REPR.1.G6.M.CP,TGO,1971,49.61899948120117,,
REPR.1.G3.F.CP,TGO,1971,33.46807098388672,,
THDUR.2T3,TGO,1971,7,,
REPR.1.G3.M.CP,TGO,1971,30.11453056335449,,
299902,TGO,1971,3,,
SR.1.G4.F.CP,TGO,1971,72.89430236816406,,
SAP.02.M,TGO,1971,108756,,
NERT.1.F.CP,TGO,1971,30.3917407989502,,
20163,TGO,1971,758,,
SAP.1.AGM1,TGO,1971,69383,,
REPR.1.G5.CP,TGO,1971,31.64587020874023,,
SLE.1.GPIA,TGO,1971,.4414499998092651,,
SAP.2.M,TGO,1971,101536,,
42099,TGO,1971,3151,,
40033,TGO,1971,5431,,
GER.1.GPIA,TGO,1971,.446040004491806,,
41910,TGO,1971,5742,,
REPR.1.G4.M.CP,TGO,1971,23.19952964782715,,
SR.1.G5.F.CP,TGO,1971,69.67050170898438,,
20063,TGO,1971,70850,,
NERT.1.GPIA,TGO,1971,.4559800028800964,,
REPR.1.CP,TGO,1971,35.67055130004883,,
20061,TGO,1971,3983,,
REPR.1.G5.M.CP,TGO,1971,31.20532035827637,,
21509,TGO,1971,2558,,
SLE.1,TGO,1971,3.875329971313477,,
41909,TGO,1971,4337,,
GER.2T3.F,TGO,1971,2.875659942626953,,
41911,TGO,1971,9455,,
40035,TGO,1971,157655,,
21506,TGO,1971,6438,,
SR.1.G4.M.CP,TGO,1971,80.09993743896484,,
20161,TGO,1971,97,,
REPR.1.G1.F.CP,TGO,1971,43.56716918945313,,
40044,TGO,1971,17077,,
SLE.1T3.F,TGO,1971,2.577229976654053,,
SLE.1.F,TGO,1971,2.375940084457397,,
GER.1T3.GPIA,TGO,1971,.4305399954319,,
SLE.02.M,TGO,1971,.1498100012540817,,
299932,TGO,1971,6,,
REPR.1.G6.CP,TGO,1971,48.44094085693359,,
41933,TGO,1971,1049,,
41921,TGO,1971,0,NA,
SAP.1.GLAST.F,TGO,1971,27708,,
21501,TGO,1971,9618,,
SLE.1.M,TGO,1971,5.382100105285645,,
SLE.2T3.M,TGO,1971,.7027000188827515,,
SAP.5T8.F,TGO,1971,100826,,
GER.2T3.M,TGO,1971,10.03861999511719,,
GER.1T3.M,TGO,1971,49.7542610168457,,
SAP.1.G1,TGO,1971,66563,,
41930,TGO,1971,0,NA,
20162,TGO,1971,3909,,
SAP.1.F,TGO,1971,182441,,
41939,TGO,1971,0,NA,
41919,TGO,1971,0,NA,
21508,TGO,1971,8300,,
299905,TGO,1971,6,,
SAP.3.M,TGO,1971,68577,,
SAP.1.AGM1.F,TGO,1971,34818,,
SR.1.GLAST.F.CP,TGO,1971,61.6478385925293,,
SAP.1.G1.M,TGO,1971,33158,,
41929,TGO,1971,0,NA,
SAP.2.G1.F,TGO,1971,26777,,
FTP.02,TGO,1971,63.81578826904297,,
REPR.1.G2.M.CP,TGO,1971,27.88521957397461,,
21503,TGO,1971,3871,,
GER.1T3.F,TGO,1971,21.42131996154785,,
20062,TGO,1972,257875,,
SLE.1T3.F,TGO,1972,2.945280075073242,,
SLE.5T8.F,TGO,1972,.0076199998147786,,
20060,TGO,1972,6129,,
SAP.1.G1.F,TGO,1972,34526,,
SAP.5T8,TGO,1972,206761,,
SAP.3.M,TGO,1972,70323,,
SLE.5T8,TGO,1972,.0341500006616116,,
SAP.1.GLAST.M,TGO,1972,28333,,
FTP.2T3,TGO,1972,20.16048049926758,,UIS_EST
SAP.2.M,TGO,1972,104519,,
SAP.1.GLAST,TGO,1972,56877,,
REPR.2.G5.M.CP,TGO,1972,0,NA,
PRP.02,TGO,1972,65.36139678955078,,
41939,TGO,1972,0,NA,
SAP.1.G1,TGO,1972,68825,,
GER.1T3,TGO,1972,39.2338981628418,,
41928,TGO,1972,0,NA,
SAP.1.F,TGO,1972,188575,,
SAP.5T8.M,TGO,1972,103083,,
THDUR.2T3,TGO,1972,7,,
SLE.1.F,TGO,1972,2.6771399974823,,
SAP.3.F,TGO,1972,70750,,
41919,TGO,1972,0,NA,
SLE.1T8.M,TGO,1972,6.797619819641113,,
42104,TGO,1972,796,,UIS_EST
41934,TGO,1972,668,,
SAP.2,TGO,1972,209797,,
20083,TGO,1972,6743,,
SAP.2.G1.F,TGO,1972,27622,,
999975,TGO,1972,12,,
GER.1T3.M,TGO,1972,54.31917190551758,,
41938,TGO,1972,0,NA,
40044,TGO,1972,20512,,
FTP.5T8,TGO,1972,20.43011093139648,,
GER.2T3.F,TGO,1972,3.830640077590942,,
41909,TGO,1972,4352,,
21509,TGO,1972,2408,,
999976,TGO,1972,4,,
GER.1T8.M,TGO,1972,42.55282974243164,,
SLE.1T8,TGO,1972,4.868599891662598,,
43617,TGO,1972,74,,
42099,TGO,1972,3419,,
GER.2T3.GPIA,TGO,1972,.3265199959278107,,
GTVP.2T3.GPV,TGO,1972,90.24031829833984,,
OFST.1.F.CP,TGO,1972,126840,,
SAP.1.AGM1.M,TGO,1972,35788,,
SAP.1.M,TGO,1972,187299,,
20061,TGO,1972,2891,,
40033,TGO,1972,3238,,
GER.1,TGO,1972,68.60677337646484,,
21503,TGO,1972,4154,,
41910,TGO,1972,5631,,
SAP.2T3,TGO,1972,350870,,
21507,TGO,1972,2085,,
SAP.2T3.M,TGO,1972,174842,,
GER.1T3.GPIA,TGO,1972,.4464400112628937,,
SLE.02.GPIA,TGO,1972,.8874199986457825,,
21510,TGO,1972,12304,,
41930,TGO,1972,0,NA,
41906,TGO,1972,20740,,
SLE.02.F,TGO,1972,.0767500028014183,,
SLE.5T8.M,TGO,1972,.060819998383522,,
GTVP.2T3.V,TGO,1972,9.759679794311523,,
999977,TGO,1972,16,,
21505,TGO,1972,3726,,
SAP.1.GLAST.F,TGO,1972,28544,,
SLE.02.M,TGO,1972,.0864799991250038,,
42620,TGO,1972,1254,,
20063,TGO,1972,81675,,
20182,TGO,1972,997,,UIS_EST
GER.1.GPIA,TGO,1972,.4603999853134155,,
SLE.1.GPIA,TGO,1972,.4525600075721741,,
20163,TGO,1972,852,,
SAP.3,TGO,1972,141073,,
999978,TGO,1972,3,,
SAP.2.G1.M,TGO,1972,27414,,
SLE.2T3.M,TGO,1972,.8212199807167053,,
GER.2T3.M,TGO,1972,11.73173046112061,,
25057,TGO,1972,158,,
25007,TGO,1972,19,,
41907,TGO,1972,7930,,
GER.2T3,TGO,1972,7.767829895019531,,
SLE.1T3,TGO,1972,4.834449768066406,,
OFST.1.CP,TGO,1972,189201,,
41933,TGO,1972,1012,,
20160,TGO,1972,122,,
21508,TGO,1972,8039,,
SAP.1,TGO,1972,375874,,
GER.1T8.F,TGO,1972,18.91514015197754,,
OFST.1.M.CP,TGO,1972,62361,,
41921,TGO,1972,0,NA,
GER.1.F,TGO,1972,43.31167984008789,,
299932,TGO,1972,6,,
21517,TGO,1972,25908,,
25053,TGO,1972,1412,,
SAP.02.F,TGO,1972,113008,,
GER.1T8,TGO,1972,30.69528007507324,,
FTP.02,TGO,1972,78.68852233886719,,
299929,TGO,1972,3,,
21504,TGO,1972,11167,,
SLE.1.M,TGO,1972,5.915579795837402,,
20162,TGO,1972,4271,,
41940,TGO,1972,3643,,
21511,TGO,1972,2797,,
SLE.1,TGO,1972,4.29069995880127,,
GER.1T3.F,TGO,1972,24.25049018859863,,
41911,TGO,1972,9507,,
SLE.1T8.GPIA,TGO,1972,.4343999922275543,,
42097,TGO,1972,26,,
SAP.2T3.F,TGO,1972,176028,,
NERT.1.M.CP,TGO,1972,66.70510864257813,,
25003,TGO,1972,93,,
NERT.1.F.CP,TGO,1972,32.73764038085938,,
SAP.2.G1,TGO,1972,55036,,
GER.1.M,TGO,1972,94.07418060302734,,
41937,TGO,1972,0,NA,
SLE.2T3.GPIA,TGO,1972,.3265199959278107,,
299905,TGO,1972,6,,
SAP.2.F,TGO,1972,105278,,
SAP.1.AGM1,TGO,1972,71812,,
SAP.1.G1.M,TGO,1972,34299,,
21516,TGO,1972,81509,,
41929,TGO,1972,0,NA,
SAP.5T8.F,TGO,1972,103678,,
20082,TGO,1972,27255,,
SLE.2T3.F,TGO,1972,.2681399881839752,,
NERT.1.CP,TGO,1972,49.66371917724609,,
20161,TGO,1972,96,,
405,TGO,1972,1971,,
41908,TGO,1972,7441,,
21501,TGO,1972,10738,,
REPR.2.G3.CP,TGO,1972,14.79067039489746,,
NERT.1.GPIA,TGO,1972,.4907799959182739,,
REPR.2.G2.CP,TGO,1972,14.32452011108398,,
SLE.1T8.F,TGO,1972,2.952899932861328,,
REPR.2.G5.F.CP,TGO,1972,0,NA,
REPR.2.G4.CP,TGO,1972,27.16575050354004,,
SLE.1T3.GPIA,TGO,1972,.4371899962425232,,
41920,TGO,1972,0,NA,
21500,TGO,1972,31478,,
REPR.2.G1.CP,TGO,1972,16.62092971801758,,
41936,TGO,1972,941,,
299902,TGO,1972,3,,
41935,TGO,1972,424,,
SAP.1.AGM1.F,TGO,1972,36024,,
41914,TGO,1972,55601,,
SAP.02,TGO,1972,225330,,
40035,TGO,1972,176200,,
21506,TGO,1972,6437,,
REPR.2.G5.CP,TGO,1972,0,NA,
SLE.1T3.M,TGO,1972,6.736800193786621,,
21502,TGO,1972,12084,,
PRP.1,TGO,1972,33.38013076782227,,
20183,TGO,1972,201,,UIS_EST
SAP.02.M,TGO,1972,112322,,
SLE.02,TGO,1972,.0816000029444695,,
FTP.1,TGO,1972,19.94849014282227,,
10405,TGO,1972,1971,,
SLE.2T3,TGO,1972,.543749988079071,,
GER.1T8.GPIA,TGO,1972,.4445100128650665,,
SLE.5T8.GPIA,TGO,1972,.1252699941396713,,
SAP.1.AGM1,TGO,1973,73843,,
GER.1T8,TGO,1973,33.7016716003418,,
SAP.02.F,TGO,1973,116362,,
SAP.1.G1.F,TGO,1973,35608,,
REPR.2.G4.F.CP,TGO,1973,33.01662826538086,,
41938,TGO,1973,0,NA,
GER.1T8.M,TGO,1973,46.45170974731445,,
FTP.5T8,TGO,1973,13.10344982147217,,
GER.2T3.M,TGO,1973,13.32960987091064,,
GTVP.2T3.GPV,TGO,1973,90.51393890380859,,
25057,TGO,1973,155,,
20163,TGO,1973,973,,
PRP.1,TGO,1973,33.55271911621094,,
41928,TGO,1973,0,NA,
GER.1T3.F,TGO,1973,26.93951988220215,,
THDUR.2T3,TGO,1973,7,,
SAP.2.F,TGO,1973,108023,,
SAP.3.F,TGO,1973,72355,,
SAP.5T8,TGO,1973,211510,,
REPR.2.G2.F.CP,TGO,1973,22.62274932861328,,
25007,TGO,1973,19,,
GER.1.F,TGO,1973,48.12865829467773,,
SLE.1T8.GPIA,TGO,1973,.4478299915790558,,
SLE.1,TGO,1973,4.494209766387939,,
SAP.2,TGO,1973,215300,,
GTVP.2T3.V,TGO,1973,9.48606014251709,,
41920,TGO,1973,0,NA,
999978,TGO,1973,3,,
SAP.5T8.F,TGO,1973,106057,,
299902,TGO,1973,3,,
20082,TGO,1973,31288,,
REPR.2.G5.M.CP,TGO,1973,0,NA,
SLE.1T3,TGO,1973,5.103280067443848,,
25053,TGO,1973,1469,,
SAP.2.G1.M,TGO,1973,28162,,
SLE.1.M,TGO,1973,6.110479831695557,,
GER.1T3.M,TGO,1973,59.25130844116211,,
25003,TGO,1973,145,,
SLE.02.F,TGO,1973,.0900299996137619,,
20083,TGO,1973,7400,,
FTP.2T3,TGO,1973,20.53653907775879,,UIS_EST
GER.1.M,TGO,1973,101.8413391113281,,
41940,TGO,1973,4470,,
SAP.2.G1,TGO,1973,56522,,
GER.1T3.GPIA,TGO,1973,.4546700119972229,,
REPR.2.G3.CP,TGO,1973,18.89316940307617,,
REPR.2.G1.F.CP,TGO,1973,22.66156005859375,,
SAP.3.M,TGO,1973,71933,,
REPR.2.G5.CP,TGO,1973,0,NA,
41939,TGO,1973,0,NA,
43617,TGO,1973,126,,
SAP.2.M,TGO,1973,107277,,
REPR.2.G5.F.CP,TGO,1973,0,NA,
SAP.1.F,TGO,1973,194406,,
41930,TGO,1973,0,NA,
GER.2T3.F,TGO,1973,4.102499961853027,,
SLE.5T8,TGO,1973,.0347299985587597,,
999977,TGO,1973,16,,
SLE.1T3.M,TGO,1973,7.04355001449585,,
40035,TGO,1973,196787,,
GER.1T8.F,TGO,1973,21.02981948852539,,
REPR.2.G2.CP,TGO,1973,17.01379013061523,,
299929,TGO,1973,3,,
PRP.02,TGO,1973,72.68636322021484,,
20161,TGO,1973,103,,
GER.1.GPIA,TGO,1973,.4725799858570099,,
FTP.02,TGO,1973,80.46875,,
SAP.1.GLAST.F,TGO,1973,29378,,
20060,TGO,1973,7110,,
42620,TGO,1973,1314,,
20160,TGO,1973,128,,
SLE.02.M,TGO,1973,.0937900021672249,,
REPR.2.G3.F.CP,TGO,1973,21.35367012023926,,
SAP.1.GLAST.M,TGO,1973,29187,,
SAP.2.G1.F,TGO,1973,28360,,
41937,TGO,1973,0,NA,
41929,TGO,1973,0,NA,
SAP.2T3,TGO,1973,359588,,
299932,TGO,1973,6,,
SAP.1.G1,TGO,1973,71008,,
REPR.2.G3.M.CP,TGO,1973,18.22863006591797,,
41921,TGO,1973,0,NA,
10405,TGO,1973,1972,,
20063,TGO,1973,93565,,
42097,TGO,1973,25,,
SAP.1.M,TGO,1973,193229,,
SLE.2T3.GPIA,TGO,1973,.3077700138092041,,
SLE.2T3,TGO,1973,.6090700030326843,,
999975,TGO,1973,12,,
SLE.2T3.F,TGO,1973,.2871699929237366,,
20162,TGO,1973,4881,,
SAP.2T3.M,TGO,1973,179210,,
GER.2T3,TGO,1973,8.701069831848145,,
299905,TGO,1973,6,,
REPR.2.G1.M.CP,TGO,1973,15.25909996032715,,
SLE.1T3.GPIA,TGO,1973,.4507499933242798,,
REPR.2.G1.CP,TGO,1973,17.19986915588379,,
20061,TGO,1973,3492,,
SAP.02,TGO,1973,232093,,
40044,TGO,1973,23888,,
41919,TGO,1973,0,NA,
SLE.02,TGO,1973,.091899998486042,,
SAP.3,TGO,1973,144288,,
SAP.1,TGO,1973,387635,,
SLE.5T8.M,TGO,1973,.0623000003397465,,
REPR.2.G2.M.CP,TGO,1973,15.28124046325684,,
SAP.1.AGM1.F,TGO,1973,37036,,
42099,TGO,1973,3908,,
SLE.5T8.GPIA,TGO,1973,.1172899976372719,,
999976,TGO,1973,4,,
SAP.02.M,TGO,1973,115731,,
SLE.2T3.M,TGO,1973,.9330700039863586,,
SAP.1.GLAST,TGO,1973,58565,,
SAP.5T8.M,TGO,1973,105453,,
405,TGO,1973,1972,,
41933,TGO,1973,1393,,
SLE.5T8.F,TGO,1973,.0073099997825921,,
FTP.1,TGO,1973,19.93444061279297,,
20062,TGO,1973,290352,,
REPR.2.G4.CP,TGO,1973,30.98212051391602,,
SLE.1.F,TGO,1973,2.887720108032227,,
SLE.1T8.F,TGO,1973,3.182199954986572,,
SLE.02.GPIA,TGO,1973,.9599400162696838,,
40033,TGO,1973,3618,,
41935,TGO,1973,590,,
41934,TGO,1973,791,,
GER.1T3,TGO,1973,43.04470825195313,,
SAP.2T3.F,TGO,1973,180378,,
20182,TGO,1973,1081,,UIS_EST
42104,TGO,1973,859,,UIS_EST
SLE.1T3.F,TGO,1973,3.174890041351318,,
REPR.2.G4.M.CP,TGO,1973,30.45355987548828,,
41936,TGO,1973,1085,,
GER.2T3.GPIA,TGO,1973,.3077700138092041,,
SLE.1T8,TGO,1973,5.138010025024414,,
SAP.1.AGM1.M,TGO,1973,36807,,
SLE.1.GPIA,TGO,1973,.4725799858570099,,
20183,TGO,1973,222,,UIS_EST
SAP.1.G1.M,TGO,1973,35400,,
GER.1,TGO,1973,74.90345001220703,,
GER.1T8.GPIA,TGO,1973,.4527199864387512,,
SLE.1T8.M,TGO,1973,7.105860233306885,,
SAP.2.G1.M,TGO,1974,28968,,
SLE.1.GPIA,TGO,1974,.4888400137424469,,
FTP.2T3,TGO,1974,18.33045959472656,,UIS_EST
41921,TGO,1974,0,NA,
SAP.2T3,TGO,1974,368375,,
REPR.2.G3.CP,TGO,1974,20.38606071472168,,
REPR.2.G1.F.CP,TGO,1974,21.74216079711914,,
SLE.1T3,TGO,1974,5.399350166320801,,
999975,TGO,1974,12,,
GTVP.2T3.GPV,TGO,1974,90.88851165771484,,
GER.1T3.F,TGO,1974,29.00802040100098,,
40035,TGO,1974,208968,,
999978,TGO,1974,3,,
GER.1T8.GPIA,TGO,1974,.4654200077056885,,
SAP.1,TGO,1974,399085,,
REPR.2.G4.M.CP,TGO,1974,30.24036979675293,,
41934,TGO,1974,1160,,
SAP.3.M,TGO,1974,73558,,
41925,TGO,1974,364,,
GER.1T3.M,TGO,1974,62.09500122070313,,
20182,TGO,1974,1162,,UIS_EST
SAP.1.AGM1,TGO,1974,75831,,
999976,TGO,1974,4,,
SAP.2.F,TGO,1974,110778,,
299905,TGO,1974,6,,
41927,TGO,1974,278,,
GTVP.2T3.V,TGO,1974,9.111490249633789,,
FTP.5T8,TGO,1974,8.974360466003418,,
SLE.2T3.F,TGO,1974,.3380900025367737,,
42099,TGO,1974,4183,,
41940,TGO,1974,5600,,
25003,TGO,1974,156,,
SLE.5T8.GPIA,TGO,1974,.1456799954175949,,
REPR.2.G1.CP,TGO,1974,16.70759010314941,,
41928,TGO,1974,0,NA,
20163,TGO,1974,1055,,
41933,TGO,1974,1543,,
41929,TGO,1974,0,NA,
SLE.5T8.F,TGO,1974,.0086500002071261,,
SAP.1.M,TGO,1974,198999,,
SAP.1.AGM1.F,TGO,1974,38018,,
SAP.1.G1.F,TGO,1974,36561,,
SAP.2.G1.F,TGO,1974,29146,,
SLE.1.F,TGO,1974,3.07997989654541,,
GER.1T3,TGO,1974,45.50386810302734,,
REPR.2.G4.CP,TGO,1974,31.34176063537598,,
SLE.5T8.M,TGO,1974,.0593799985945225,,
25057,TGO,1974,188,,
SLE.1.M,TGO,1974,6.300570011138916,,
41917,TGO,1974,708,,
20060,TGO,1974,7273,,
REPR.2.G3.F.CP,TGO,1974,26.22089004516602,,
GER.2T3.GPIA,TGO,1974,.3098500072956085,,
41920,TGO,1974,0,NA,
PRP.02,TGO,1974,69.72364044189453,,
41930,TGO,1974,0,NA,
40044,TGO,1974,28623,,
43617,TGO,1974,142,,
25053,TGO,1974,1471,,
42620,TGO,1974,1283,,
41916,TGO,1974,796,,
SAP.1.F,TGO,1974,200086,,
25007,TGO,1974,14,,
GER.2T3.F,TGO,1974,4.829800128936768,,
SLE.1T3.GPIA,TGO,1974,.4624199867248535,,
SAP.5T8.F,TGO,1974,108665,,
SAP.2T3.F,TGO,1974,184749,,
SLE.2T3.GPIA,TGO,1974,.3098500072956085,,
20062,TGO,1974,311678,,
41918,TGO,1974,987,,
GER.1T8.M,TGO,1974,48.68412017822266,,
REPR.2.G2.CP,TGO,1974,17.28087997436523,,
41937,TGO,1974,0,NA,
299932,TGO,1974,6,,
REPR.2.G5.CP,TGO,1974,0,NA,
FTP.1,TGO,1974,20.14127922058105,,
GER.2T3,TGO,1974,10.1923303604126,,
20160,TGO,1974,138,,
299929,TGO,1974,3,,
GER.1T3.GPIA,TGO,1974,.4671599864959717,,
THDUR.2T3,TGO,1974,7,,
REPR.2.G2.F.CP,TGO,1974,20.22763061523438,,
41939,TGO,1974,0,NA,
20082,TGO,1974,37546,,
SAP.3.F,TGO,1974,73971,,
GER.1.F,TGO,1974,51.33293151855469,,
SAP.5T8,TGO,1974,216701,,
41935,TGO,1974,932,,
20183,TGO,1974,213,,UIS_EST
SLE.2T3.M,TGO,1974,1.091140031814575,,
41931,TGO,1974,1550,,
SAP.1.GLAST.M,TGO,1974,30116,,
42104,TGO,1974,949,,UIS_EST
20161,TGO,1974,109,,
10405,TGO,1974,1973,,
SAP.1.AGM1.M,TGO,1974,37813,,
SLE.1T3.M,TGO,1974,7.391709804534912,,
SAP.1.G1.M,TGO,1974,36361,,
SAP.02.F,TGO,1974,119697,,
41922,TGO,1974,3944,,
SAP.5T8.M,TGO,1974,108036,,
41936,TGO,1974,1265,,
SAP.2.M,TGO,1974,110068,,
GER.1.GPIA,TGO,1974,.4888400137424469,,
SLE.1T8,TGO,1974,5.433290004730225,,
SAP.2,TGO,1974,220846,,
SLE.1T8.M,TGO,1974,7.451089859008789,,
SLE.5T8,TGO,1974,.0339399985969067,,
REPR.2.G5.M.CP,TGO,1974,0,NA,
SLE.02.GPIA,TGO,1974,.8714399933815002,,
41924,TGO,1974,533,,
PRP.1,TGO,1974,31.98428916931152,,
999977,TGO,1974,16,,
41919,TGO,1974,0,NA,
SAP.1.GLAST.F,TGO,1974,30294,,
REPR.2.G4.F.CP,TGO,1974,35.45893859863281,,
GER.1,TGO,1974,78.09815216064453,,
REPR.2.G5.F.CP,TGO,1974,0,NA,
SLE.02.M,TGO,1974,.0976400002837181,,
SLE.02.F,TGO,1974,.0850899964570999,,
SLE.1T8.GPIA,TGO,1974,.4598900079727173,,
GER.1T8.F,TGO,1974,22.65876007080078,,
REPR.2.G1.M.CP,TGO,1974,14.83545017242432,,
REPR.2.G2.M.CP,TGO,1974,16.34693908691406,,
SLE.2T3,TGO,1974,.7134600281715393,,
20063,TGO,1974,102710,,
SLE.1T8.F,TGO,1974,3.426709890365601,,
SLE.02,TGO,1974,.0913499966263771,,
41915,TGO,1974,1010,,
20061,TGO,1974,3395,,
GER.1.M,TGO,1974,105.0095672607422,,
SAP.1.G1,TGO,1974,72922,,
42097,TGO,1974,29,,
SAP.02.M,TGO,1974,119149,,
GER.1T8,TGO,1974,35.6339111328125,,
SAP.2T3.M,TGO,1974,183626,,
SLE.1,TGO,1974,4.685890197753906,,
FTP.02,TGO,1974,78.98551177978516,,
SAP.2.G1,TGO,1974,58114,,
405,TGO,1974,1973,,
REPR.2.G3.M.CP,TGO,1974,18.8454704284668,,
SAP.3,TGO,1974,147529,,
41926,TGO,1974,224,,
SAP.1.GLAST,TGO,1974,60410,,
299902,TGO,1974,3,,
40033,TGO,1974,3878,,
20162,TGO,1974,5238,,
SAP.02,TGO,1974,238846,,
20083,TGO,1974,8923,,
41938,TGO,1974,0,NA,
SLE.1T3.F,TGO,1974,3.418060064315796,,
GER.2T3.M,TGO,1974,15.58765983581543,,
299905,TGO,1975,6,,
41925,TGO,1975,391,,
SLE.1T8.GPIA,TGO,1975,.4661000072956085,,
SLE.2T3,TGO,1975,.897379994392395,,
20062,TGO,1975,329443,,
SAP.2.G1.M,TGO,1975,29862,,
SAP.1.G1,TGO,1975,74819,,
REPR.2.G1.CP,TGO,1975,18.45859909057617,,
999977,TGO,1975,16,,
41922,TGO,1975,4888,,
405,TGO,1975,1974,,
GER.1T8.GPIA,TGO,1975,.4732100069522858,,
SLE.2T3.F,TGO,1975,.4155699908733368,,
REPR.2.G2.F.CP,TGO,1975,21.41385078430176,,
41936,TGO,1975,1537,,
SAP.1,TGO,1975,410182,,
GTVP.2T3.GPV,TGO,1975,91.51296234130859,,
SLE.5T8,TGO,1975,.0366000011563301,,
SAP.5T8,TGO,1975,221175,,
FTP.5T8,TGO,1975,18.81719970703125,,
43617,TGO,1975,151,,
25003,TGO,1975,186,,
SAP.3,TGO,1975,150835,,
SAP.02,TGO,1975,245799,,
SLE.1T8,TGO,1975,5.752950191497803,,
GER.1.M,TGO,1975,106.8244705200195,,
REPR.1.F.CP,TGO,1975,34.05455017089844,,
SAP.1.AGM1.M,TGO,1975,39027,,
SAP.1.G1.F,TGO,1975,37497,,
20161,TGO,1975,108,,
41924,TGO,1975,624,,
41928,TGO,1975,0,NA,
41919,TGO,1975,0,NA,
20060,TGO,1975,6242,,
SLE.5T8.M,TGO,1975,.0637099966406822,,
SLE.1T8.F,TGO,1975,3.661269903182983,,
GER.1T3.M,TGO,1975,65.08984375,,
SLE.1,TGO,1975,4.81898021697998,,
999978,TGO,1975,3,,
SLE.5T8.F,TGO,1975,.0096500003710389,,
41934,TGO,1975,1388,,
GER.1T3.GPIA,TGO,1975,.4750500023365021,,
SAP.02.M,TGO,1975,122673,,
41938,TGO,1975,0,NA,
SAP.1.GLAST.F,TGO,1975,31217,,
299932,TGO,1975,6,,
GER.2T3.F,TGO,1975,5.936709880828857,,
SAP.2.G1.F,TGO,1975,30026,,
41937,TGO,1975,0,NA,
41920,TGO,1975,0,NA,
25057,TGO,1975,214,,
40035,TGO,1975,218565,,
REPR.2.G4.M.CP,TGO,1975,30.39575958251953,,
SAP.02.F,TGO,1975,123126,,
REPR.2.G2.M.CP,TGO,1975,13.78160953521729,,
GER.1T3.F,TGO,1975,30.92083930969238,,
20083,TGO,1975,11242,,
20183,TGO,1975,238,,UIS_EST
GER.1T8,TGO,1975,37.6085090637207,,
PRP.02,TGO,1975,61.13425064086914,,
41929,TGO,1975,0,NA,
GER.1.F,TGO,1975,53.93423080444336,,
SAP.2T3.F,TGO,1975,189364,,
20063,TGO,1975,110878,,
41939,TGO,1975,0,NA,
41916,TGO,1975,997,,
42097,TGO,1975,26,,
41917,TGO,1975,950,,
SAP.1.GLAST,TGO,1975,62277,,
SLE.1T3.M,TGO,1975,7.791379928588867,,
42620,TGO,1975,1405,,
SAP.2T3.M,TGO,1975,188298,,
SAP.3.M,TGO,1975,75214,,
40044,TGO,1975,37173,,
GER.1T8.F,TGO,1975,24.18366050720215,,
REPR.2.G3.F.CP,TGO,1975,24.15279960632324,,
20163,TGO,1975,1127,,
SAP.5T8.F,TGO,1975,110910,,
41926,TGO,1975,349,,
SAP.2T3,TGO,1975,377662,,
GTVP.2T3.V,TGO,1975,8.487039566040039,,
SAP.5T8.M,TGO,1975,110265,,
SLE.2T3.M,TGO,1975,1.381909966468811,,
REPR.1.CP,TGO,1975,31.73628997802734,,
20061,TGO,1975,2876,,
41931,TGO,1975,1886,,
SAP.2.F,TGO,1975,113743,,
GER.1,TGO,1975,80.31629943847656,,
SLE.1.F,TGO,1975,3.236049890518188,,
GER.1.GPIA,TGO,1975,.5048900246620178,,
SLE.1T3.GPIA,TGO,1975,.4686700105667114,,
REPR.2.G2.CP,TGO,1975,15.56214046478271,,
SLE.1T3,TGO,1975,5.716350078582764,,
GER.1T8.M,TGO,1975,51.10509872436523,,
SAP.1.M,TGO,1975,204602,,
FTP.1,TGO,1975,20.0284309387207,,
SLE.2T3.GPIA,TGO,1975,.3007200062274933,,
GER.2T3,TGO,1975,12.81966018676758,,
SLE.02.F,TGO,1975,.0700699985027313,,
41935,TGO,1975,1299,,
SLE.1.GPIA,TGO,1975,.5048900246620178,,
999976,TGO,1975,4,,
REPR.2.G3.M.CP,TGO,1975,19.04435920715332,,
SAP.1.AGM1,TGO,1975,78230,,
20160,TGO,1975,134,,
REPR.2.G5.M.CP,TGO,1975,0,NA,
SLE.02,TGO,1975,.0761800035834312,,
SAP.3.F,TGO,1975,75621,,
SAP.2,TGO,1975,226827,,
20182,TGO,1975,1335,,UIS_EST
41921,TGO,1975,0,NA,
999975,TGO,1975,12,,
20162,TGO,1975,5627,,
41915,TGO,1975,1145,,
42099,TGO,1975,4500,,
41940,TGO,1975,6963,,
SAP.1.GLAST.M,TGO,1975,31060,,
41927,TGO,1975,367,,
PRP.1,TGO,1975,30.00671005249023,,
299929,TGO,1975,3,,
SLE.1T8.M,TGO,1975,7.855090141296387,,
299902,TGO,1975,3,,
25053,TGO,1975,1619,,
GER.2T3.M,TGO,1975,19.74157905578613,,
40033,TGO,1975,3366,,
GER.1T3,TGO,1975,47.96102142333984,,
FTP.2T3,TGO,1975,17.82772064208984,,UIS_EST
42104,TGO,1975,1097,,UIS_EST
41930,TGO,1975,0,NA,
41918,TGO,1975,1170,,
SLE.02.M,TGO,1975,.0823199972510338,,
SLE.1T3.F,TGO,1975,3.651619911193848,,
REPR.2.G5.CP,TGO,1975,0,NA,
SLE.02.GPIA,TGO,1975,.8512799739837646,,
SLE.5T8.GPIA,TGO,1975,.1514299958944321,,
10405,TGO,1975,1974,,
REPR.2.G5.F.CP,TGO,1975,0,NA,
REPR.2.G4.CP,TGO,1975,32.28321075439453,,
SAP.1.AGM1.F,TGO,1975,39203,,
THDUR.2T3,TGO,1975,7,,
41933,TGO,1975,1769,,
SAP.2.M,TGO,1975,113084,,
SLE.1.M,TGO,1975,6.409470081329346,,
REPR.2.G1.M.CP,TGO,1975,16.67217063903809,,
FTP.02,TGO,1975,80.59700775146484,,
REPR.2.G3.CP,TGO,1975,20.15545082092285,,
25007,TGO,1975,35,,
REPR.2.G4.F.CP,TGO,1975,39.64968109130859,,
SAP.1.G1.M,TGO,1975,37322,,
REPR.2.G1.F.CP,TGO,1975,23.69438934326172,,
SAP.2.G1,TGO,1975,59888,,
20082,TGO,1975,48415,,
GER.2T3.GPIA,TGO,1975,.3007200062274933,,
SAP.1.F,TGO,1975,205580,,
REPR.1.M.CP,TGO,1975,30.56024932861328,,
20082,TGO,1976,64404,,
SLE.1T8.M,TGO,1976,8.626509666442871,,
41940,TGO,1976,9067,,
25057,TGO,1976,323,,
FTP.1,TGO,1976,20.1315803527832,,
41916,TGO,1976,992,,
SLE.02.F,TGO,1976,.0775600001215935,,
GER.1T8.M,TGO,1976,55.81045913696289,,
20162,TGO,1976,6080,,
SAP.1.AGM1.M,TGO,1976,40100,,
REPR.2.G1.F.CP,TGO,1976,21.35687065124512,,
41937,TGO,1976,0,NA,
SLE.5T8.M,TGO,1976,.0902400016784668,,
GER.1T3.M,TGO,1976,70.86652374267578,,
41911,TGO,1976,9558,,
20060,TGO,1976,6723,,
42104,TGO,1976,1366,,UIS_EST
SLE.1T3.M,TGO,1976,8.536279678344727,,
SLE.1T8.GPIA,TGO,1976,.4809400141239166,,
SLE.5T8,TGO,1976,.0521499998867512,,
41918,TGO,1976,1490,,
SAP.1,TGO,1976,421414,,
21503,TGO,1976,6478,,
SLE.1T8.F,TGO,1976,4.148799896240234,,
20063,TGO,1976,126041,,
SAP.5T8.F,TGO,1976,113120,,
41933,TGO,1976,3001,,
41914,TGO,1976,66794,,
41931,TGO,1976,2542,,
41925,TGO,1976,469,,
GER.2T3.GPIA,TGO,1976,.3107999861240387,,
41930,TGO,1976,0,NA,
SAP.02.F,TGO,1976,126477,,
41919,TGO,1976,0,NA,
41928,TGO,1976,0,NA,
21510,TGO,1976,13110,,
REPR.2.G5.CP,TGO,1976,0,NA,
299929,TGO,1976,3,,
SAP.1.GLAST,TGO,1976,63901,,
41927,TGO,1976,498,,
GTVP.2T3.V,TGO,1976,8.139249801635742,,
20160,TGO,1976,133,,
SLE.02.M,TGO,1976,.0821299999952316,,
GER.2T3.F,TGO,1976,7.89493989944458,,
REPR.2.G5.M.CP,TGO,1976,0,NA,
PRP.1,TGO,1976,28.57521057128906,,
20062,TGO,1976,362895,,
GER.2T3,TGO,1976,16.62614059448242,,
GER.1T8.GPIA,TGO,1976,.4897199869155884,,
21511,TGO,1976,3552,,
21517,TGO,1976,37759,,
299932,TGO,1976,6,,
SAP.1.GLAST.M,TGO,1976,31877,,
41926,TGO,1976,392,,
SAP.3.F,TGO,1976,77335,,
GER.1T3.F,TGO,1976,34.88006973266602,,
20163,TGO,1976,1224,,
999975,TGO,1976,12,,
41934,TGO,1976,1461,,
REPR.2.G3.CP,TGO,1976,15.7362003326416,,
SLE.1T3,TGO,1976,6.330649852752686,,
REPR.2.G4.CP,TGO,1976,26.78619003295898,,
REPR.2.G4.F.CP,TGO,1976,26.94268035888672,,
41922,TGO,1976,6369,,
41908,TGO,1976,10015,,
SLE.1.GPIA,TGO,1976,.5300099849700928,,
SAP.2T3.F,TGO,1976,194175,,
GER.2T3.M,TGO,1976,25.40180015563965,,
20061,TGO,1976,3270,,
REPR.2.G4.M.CP,TGO,1976,26.74457931518555,,
41935,TGO,1976,1504,,
41917,TGO,1976,1112,,
299902,TGO,1976,3,,
21509,TGO,1976,3399,,
SLE.02,TGO,1976,.0798399969935417,,
REPR.2.G3.M.CP,TGO,1976,14.71714019775391,,
SAP.2T3.M,TGO,1976,193191,,
25003,TGO,1976,270,,UIS_EST
41906,TGO,1976,24260,,
SLE.2T3.F,TGO,1976,.552649974822998,,
GER.1T3.GPIA,TGO,1976,.4921900033950806,,
SAP.1.GLAST.F,TGO,1976,32024,,
SAP.2.G1.F,TGO,1976,30917,,
SAP.2.G1.M,TGO,1976,30776,,
SLE.5T8.GPIA,TGO,1976,.1582199931144714,,
SLE.1.M,TGO,1976,6.758150100708008,,
SAP.1.G1.M,TGO,1976,38504,,
41907,TGO,1976,10536,,
SAP.02,TGO,1976,252602,,
FTP.2T3,TGO,1976,16.40147018432617,,UIS_EST
GER.1.F,TGO,1976,59.6980094909668,,
SLE.1.F,TGO,1976,3.58188009262085,,
SAP.2.F,TGO,1976,116840,,
SAP.1.G1.F,TGO,1976,38645,,
SLE.1T3.F,TGO,1976,4.134530067443848,,
SAP.3.M,TGO,1976,76939,,
21506,TGO,1976,9028,,
40035,TGO,1976,236854,,
40033,TGO,1976,3453,,
SLE.2T3.M,TGO,1976,1.778130054473877,,
GTVP.2T3.GPV,TGO,1976,91.86074829101563,,
SLE.2T3,TGO,1976,1.163830041885376,,
REPR.2.G2.CP,TGO,1976,12.91571044921875,,
41910,TGO,1976,6678,,
41939,TGO,1976,0,NA,
SAP.1.AGM1.F,TGO,1976,40236,,
SLE.5T8.F,TGO,1976,.0142799997702241,,
SAP.2.M,TGO,1976,116252,,
SAP.5T8.M,TGO,1976,112483,,
REPR.2.G5.F.CP,TGO,1976,0,NA,
PRP.02,TGO,1976,64.24214935302734,,
21505,TGO,1976,6183,,
FTP.02,TGO,1976,89.47367858886719,,
21504,TGO,1976,16198,,
GER.1T3,TGO,1976,52.83253860473633,,
40044,TGO,1976,49074,,
GER.1T8,TGO,1976,41.53702926635742,,
21507,TGO,1976,3281,,
REPR.2.G1.M.CP,TGO,1976,12.98521995544434,,
21516,TGO,1976,104553,,
SAP.02.M,TGO,1976,126125,,
42099,TGO,1976,4856,,
SAP.3,TGO,1976,154274,,
THDUR.2T3,TGO,1976,7,,
SLE.1T3.GPIA,TGO,1976,.4843499958515167,,
21501,TGO,1976,14866,,
999978,TGO,1976,3,,
SAP.1.M,TGO,1976,210283,,
21502,TGO,1976,17014,,
20161,TGO,1976,119,,
21500,TGO,1976,39126,,
GER.1,TGO,1976,86.11366271972656,,
SAP.1.F,TGO,1976,211131,,
SAP.1.AGM1,TGO,1976,80336,,
41938,TGO,1976,0,NA,
299905,TGO,1976,6,,
20183,TGO,1976,268,,UIS_EST
GER.1T8.F,TGO,1976,27.33157920837402,,
SAP.5T8,TGO,1976,225603,,
41921,TGO,1976,0,NA,
10405,TGO,1976,1975,,
25053,TGO,1976,2353,,
42620,TGO,1976,2030,,
41915,TGO,1976,2021,,
20083,TGO,1976,15330,,
REPR.2.G2.F.CP,TGO,1976,17.70512008666992,,
41909,TGO,1976,5747,,
41920,TGO,1976,0,NA,
SAP.2T3,TGO,1976,387366,,
SAP.2.G1,TGO,1976,61693,,
42097,TGO,1976,14,,
41929,TGO,1976,0,NA,
REPR.2.G1.CP,TGO,1976,15.20919990539551,,
SLE.02.GPIA,TGO,1976,.9443699717521667,,
21508,TGO,1976,10077,,
20182,TGO,1976,1634,,
SAP.1.G1,TGO,1976,77149,,
SLE.1,TGO,1976,5.166820049285889,,
REPR.2.G3.F.CP,TGO,1976,19.34235954284668,,
999977,TGO,1976,16,,
999976,TGO,1976,4,,
41936,TGO,1976,1988,,
SLE.1T8,TGO,1976,6.382800102233887,,
SLE.2T3.GPIA,TGO,1976,.3107999861240387,,
41924,TGO,1976,980,,
GER.1.M,TGO,1976,112.6358337402344,,
GER.1.GPIA,TGO,1976,.5300099849700928,,
REPR.2.G2.M.CP,TGO,1976,11.46592044830322,,
SAP.2,TGO,1976,233092,,
405,TGO,1976,1975,,
SAP.1.F,TGO,1977,216776,,
41920,TGO,1977,0,NA,
SLE.02,TGO,1977,.0630899965763092,,
SLE.02.F,TGO,1977,.0597099997103214,,
REPR.2.G3.CP,TGO,1977,22.61271095275879,,
GER.2T3.M,TGO,1977,31.58728981018066,,
41928,TGO,1977,0,NA,
20182,TGO,1977,2161,,
SAP.1.GLAST.F,TGO,1977,32876,,
SLE.1.M,TGO,1977,7.053790092468262,,
999976,TGO,1977,4,,
10405,TGO,1977,1976,,
REPR.2.G4.CP,TGO,1977,31.85474967956543,,
REPR.2.G1.CP,TGO,1977,23.01258087158203,,
41930,TGO,1977,0,NA,
41926,TGO,1977,400,,
GER.1T8.F,TGO,1977,30.1881103515625,,
999975,TGO,1977,12,,
FTP.2T3,TGO,1977,13.18834018707275,,
41924,TGO,1977,1234,,
GER.1T3.M,TGO,1977,76.42862701416016,,
41925,TGO,1977,574,,
405,TGO,1977,1976,,
REPR.2.G1.F.CP,TGO,1977,27.57632064819336,,
42104,TGO,1977,1876,,
REPR.2.G5.M.CP,TGO,1977,0,NA,
SAP.3.F,TGO,1977,79086,,
SAP.2.G1,TGO,1977,63272,,
SLE.1,TGO,1977,5.480780124664307,,
SLE.1T8.GPIA,TGO,1977,.4894900023937225,,
GTVP.2T3.V,TGO,1977,8.133649826049805,,
42097,TGO,1977,8,,
41939,TGO,1977,0,NA,
REPR.2.G3.M.CP,TGO,1977,21.7265796661377,,
SLE.1T8,TGO,1977,6.971159934997559,,
SLE.2T3.M,TGO,1977,2.21111011505127,,
SAP.2.G1.M,TGO,1977,31568,,
SAP.5T8,TGO,1977,230115,,
REPR.2.G2.F.CP,TGO,1977,24.0984001159668,,
REPR.1.CP,TGO,1977,29.63191986083984,,
20162,TGO,1977,6528,,
299929,TGO,1977,3,,
SAP.1.AGM1.F,TGO,1977,41349,,
GER.2T3,TGO,1977,20.42913055419922,,
GER.2T3.GPIA,TGO,1977,.2951399981975555,,
SAP.2T3.M,TGO,1977,198200,,
SAP.1.AGM1.M,TGO,1977,41241,,
SAP.1.M,TGO,1977,216061,,
41918,TGO,1977,1579,,
40035,TGO,1977,254008,,
41935,TGO,1977,1477,,
REPR.2.G1.M.CP,TGO,1977,21.38512992858887,,
SLE.1T3.F,TGO,1977,4.565549850463867,,
GER.1T8,TGO,1977,45.20793151855469,,
THDUR.2T3,TGO,1977,7,,
PRP.02,TGO,1977,56.83401107788086,,
SAP.1.AGM1,TGO,1977,82590,,
20160,TGO,1977,128,,
41936,TGO,1977,2002,,
999978,TGO,1977,3,,
SAP.1.G1.F,TGO,1977,39656,,
SAP.02.M,TGO,1977,129632,,
SAP.2T3.F,TGO,1977,199120,,
25053,TGO,1977,2777,,
999977,TGO,1977,16,,
SAP.02,TGO,1977,259514,,
SLE.5T8.M,TGO,1977,.1016200035810471,,
GTVP.2T3.GPV,TGO,1977,91.86634826660156,,
SAP.2T3,TGO,1977,397320,,
42620,TGO,1977,2332,,
REPR.2.G4.F.CP,TGO,1977,34.82479858398438,,
GER.1T3.F,TGO,1977,38.45576858520508,,
41921,TGO,1977,0,NA,
299932,TGO,1977,6,,
SLE.2T3,TGO,1977,1.430040001869202,,
SAP.2.F,TGO,1977,120034,,
SLE.1T3.M,TGO,1977,9.264900207519531,,
REPR.2.G5.F.CP,TGO,1977,0,NA,
20183,TGO,1977,285,,
SAP.1,TGO,1977,432837,,
GER.1.F,TGO,1977,65.21617126464844,,
SAP.1.G1,TGO,1977,79203,,
SLE.1.F,TGO,1977,3.912970066070557,,
20062,TGO,1977,395381,,
SLE.02.M,TGO,1977,.06649000197649,,
SAP.2.M,TGO,1977,119501,,
GER.2T3.F,TGO,1977,9.32252025604248,,
SLE.2T3.GPIA,TGO,1977,.2951399981975555,,
REPR.2.G2.CP,TGO,1977,19.76177978515625,,
41915,TGO,1977,2074,,
40033,TGO,1977,2873,,
SAP.2.G1.F,TGO,1977,31704,,
SLE.1T3,TGO,1977,6.910820007324219,,
SAP.02.F,TGO,1977,129882,,
41927,TGO,1977,423,,
41937,TGO,1977,0,NA,
SAP.1.G1.M,TGO,1977,39547,,
REPR.1.F.CP,TGO,1977,31.6312198638916,,
41938,TGO,1977,0,NA,
20163,TGO,1977,1281,,
41919,TGO,1977,0,NA,
41934,TGO,1977,1802,,
41929,TGO,1977,0,NA,
SAP.3.M,TGO,1977,78699,,
SAP.1.GLAST,TGO,1977,65628,,
REPR.2.G3.F.CP,TGO,1977,25.86901092529297,,
SLE.5T8.F,TGO,1977,.0192799996584654,,
GER.1T8.M,TGO,1977,60.29225158691406,,
20083,TGO,1977,18563,,
SAP.5T8.M,TGO,1977,114739,,
40044,TGO,1977,62606,,
41931,TGO,1977,2817,,
SLE.2T3.F,TGO,1977,.6525800228118896,,
25057,TGO,1977,445,,
299905,TGO,1977,6,,
REPR.2.G4.M.CP,TGO,1977,31.12896919250488,,
GER.1T3,TGO,1977,57.40480041503906,,
SAP.1.GLAST.M,TGO,1977,32752,,
GER.1T3.GPIA,TGO,1977,.5031599998474121,,
SAP.3,TGO,1977,157785,,
SLE.5T8,TGO,1977,.0603399984538555,,
GER.1,TGO,1977,91.34639739990234,,
SLE.1T8.M,TGO,1977,9.366519927978516,,
FTP.1,TGO,1977,19.62315940856934,,
GER.1T8.GPIA,TGO,1977,.5006999969482422,,
FTP.02,TGO,1977,93.75,,
20063,TGO,1977,141373,,
GER.1.GPIA,TGO,1977,.5547299981117249,,
SLE.1.GPIA,TGO,1977,.5547299981117249,,
SLE.5T8.GPIA,TGO,1977,.1897699981927872,,
REPR.2.G2.M.CP,TGO,1977,18.4360408782959,,
41933,TGO,1977,3308,,
20060,TGO,1977,5458,,
SLE.02.GPIA,TGO,1977,.8980200290679932,,
SLE.1T8.F,TGO,1977,4.584829807281494,,
41940,TGO,1977,9599,,
41922,TGO,1977,6585,,
41916,TGO,1977,1228,,
41917,TGO,1977,1077,,
42099,TGO,1977,5247,,
20161,TGO,1977,120,,
SLE.1T3.GPIA,TGO,1977,.4927799999713898,,
20061,TGO,1977,2585,,
REPR.2.G5.CP,TGO,1977,0,NA,
299902,TGO,1977,3,,
REPR.1.M.CP,TGO,1977,28.51918029785156,,
SAP.2,TGO,1977,239535,,
GER.1.M,TGO,1977,117.563102722168,,
20082,TGO,1977,81169,,
SAP.5T8.F,TGO,1977,115376,,
41908,TGO,1978,11060,,
21509,TGO,1978,4049,,
SAP.2.M,TGO,1978,122848,,
41930,TGO,1978,0,NA,
40044,TGO,1978,73890,,
41933,TGO,1978,6108,,
40033,TGO,1978,3251,,
REPR.1.G2.M.CP,TGO,1978,29.06673049926758,,
SAP.2.G1,TGO,1978,64970,,
40035,TGO,1978,265850,,
REPR.2.G1.M.CP,TGO,1978,20.82044982910156,,
SAP.2T3.M,TGO,1978,203502,,
REPR.1.G1.M.CP,TGO,1978,38.31880950927734,,
SAP.1.GLAST.M,TGO,1978,33681,,
SLE.1.GPIA,TGO,1978,.5711899995803833,,
21508,TGO,1978,10813,,
20061,TGO,1978,2873,,
21516,TGO,1978,117159,,
REPR.2.G1.CP,TGO,1978,21.92929077148438,,
REPR.1.M.CP,TGO,1978,31.07390975952148,,
SAP.1.AGM1,TGO,1978,84891,,
999975,TGO,1978,12,,
SR.1.G5.M.CP,TGO,1978,81.85128784179688,,
SAP.1.G1,TGO,1978,81420,,
SLE.1.M,TGO,1978,7.617919921875,,
SLE.02.M,TGO,1978,.0732100009918213,,
20083,TGO,1978,22175,,
REPR.1.G4.CP,TGO,1978,24.38349914550781,,
41927,TGO,1978,646,,
25003,TGO,1978,223,,
SAP.1.AGM1.F,TGO,1978,42490,,
SAP.2,TGO,1978,246166,,
SLE.1T3,TGO,1978,7.630859851837158,,
SR.1.GLAST.CP,TGO,1978,75.55549621582031,,
SAP.5T8,TGO,1978,234712,,
20183,TGO,1978,291,,
SAP.1.F,TGO,1978,222575,,
REPR.2.G5.F.CP,TGO,1978,0,NA,
OFST.1.M.CP,TGO,1978,38446,,
21503,TGO,1978,8114,,
SLE.2T3.M,TGO,1978,2.541650056838989,,
41909,TGO,1978,6944,,
21502,TGO,1978,20577,,
25053,TGO,1978,3151,,
20160,TGO,1978,144,,
41928,TGO,1978,0,NA,
20062,TGO,1978,421436,,
SR.1.G4.CP,TGO,1978,82.38005828857422,,
GER.2T3.M,TGO,1978,36.30923080444336,,
SR.1.G4.F.CP,TGO,1978,79.16837310791016,,
OFST.1.CP,TGO,1978,146682,,
21510,TGO,1978,15093,,
SLE.5T8,TGO,1978,.0671200007200241,,
REPR.1.G1.F.CP,TGO,1978,39.1071891784668,,
OFST.1.F.CP,TGO,1978,108236,,
REPR.1.G3.M.CP,TGO,1978,29.50041961669922,,
GER.1T3.M,TGO,1978,79.84281921386719,,
41906,TGO,1978,24885,,
THDUR.2T3,TGO,1978,7,,
20182,TGO,1978,2377,,
20082,TGO,1978,96065,,
41936,TGO,1978,3009,,
SAP.02.F,TGO,1978,133312,,
REPR.2.G2.CP,TGO,1978,18.62779998779297,,
REPR.1.G3.CP,TGO,1978,31.03701972961426,,
REPR.1.G6.CP,TGO,1978,38.27616119384766,,
GTVP.2T3.GPV,TGO,1978,92.03040313720703,,
SAP.2.G1.M,TGO,1978,32429,,
SAP.1.GLAST,TGO,1978,67467,,
SAP.3.F,TGO,1978,81006,,
42099,TGO,1978,5739,,
20163,TGO,1978,1512,,
299929,TGO,1978,3,,
SR.1.G5.F.CP,TGO,1978,75.21833801269531,,
SLE.1.F,TGO,1978,4.351260185241699,,
REPR.2.G3.F.CP,TGO,1978,26.31867980957031,,
NERT.1.GPIA,TGO,1978,.6212999820709229,,
41914,TGO,1978,72441,,
REPR.2.G3.M.CP,TGO,1978,21.90984916687012,,
41918,TGO,1978,2363,,
20162,TGO,1978,7251,,
REPR.1.G6.M.CP,TGO,1978,36.28886032104492,,
41934,TGO,1978,3534,,
REPR.1.G4.F.CP,TGO,1978,27.73975944519043,,
REPR.2.G4.M.CP,TGO,1978,38.97909164428711,,
SLE.5T8.F,TGO,1978,.0259199999272823,,
SAP.1.GLAST.F,TGO,1978,33786,,
REPR.2.G4.F.CP,TGO,1978,43.22504043579102,,
SLE.2T3,TGO,1978,1.648880004882813,,
999977,TGO,1978,16,,
NERT.1.M.CP,TGO,1978,82.68267822265625,,
GER.1T3.GPIA,TGO,1978,.5215299725532532,,
SLE.1T3.F,TGO,1978,5.110960006713867,,
GTVP.2T3.V,TGO,1978,7.969600200653076,,
REPR.1.G5.M.CP,TGO,1978,25.09906005859375,,
FTP.2T3,TGO,1978,12.24232006072998,,
43617,TGO,1978,205,,
GER.1T8.F,TGO,1978,32.75440979003906,,
SAP.02,TGO,1978,266536,,
SLE.02,TGO,1978,.0689300000667572,,
SR.1.G5.GPIA,TGO,1978,.9189599752426147,,
SAP.5T8.F,TGO,1978,117672,,
SLE.02.GPIA,TGO,1978,.8831400275230408,,
41915,TGO,1978,4184,,
SLE.1T3.M,TGO,1978,10.15956020355225,,
299905,TGO,1978,6,,
41919,TGO,1978,0,NA,
SLE.5T8.M,TGO,1978,.1085499972105026,,
REPR.2.G5.CP,TGO,1978,0,NA,
SLE.1T3.GPIA,TGO,1978,.5030699968338013,,
PRP.02,TGO,1978,58.47484970092773,,
SR.1.GLAST.F.CP,TGO,1978,69.61421203613281,,
GER.1.F,TGO,1978,69.90273284912109,,
GER.1,TGO,1978,94.79332733154297,,
SLE.02.F,TGO,1978,.0646499991416931,,
REPR.1.CP,TGO,1978,32.39994049072266,,
SAP.2T3,TGO,1978,407826,,
SR.1.G4.M.CP,TGO,1978,84.44965362548828,,
SR.1.G4.GPIA,TGO,1978,.9374600052833557,,
FTP.1,TGO,1978,20.8523006439209,,
SAP.1,TGO,1978,444584,,
SAP.1.G1.M,TGO,1978,40671,,
21507,TGO,1978,4470,,
FTP.02,TGO,1978,97.91667175292969,,
GER.1T3,TGO,1978,60.7103385925293,,
SAP.5T8.M,TGO,1978,117040,,
21517,TGO,1978,44718,,
SAP.2.G1.F,TGO,1978,32541,,
41921,TGO,1978,0,NA,
20063,TGO,1978,155586,,
21511,TGO,1978,4768,,
REPR.1.G1.CP,TGO,1978,38.63714981079102,,
41940,TGO,1978,17671,,
SAP.3.M,TGO,1978,80654,,
REPR.2.G4.CP,TGO,1978,39.84489059448242,,
FTP.5T8,TGO,1978,8.071749687194824,,
REPR.1.G6.F.CP,TGO,1978,42.87876129150391,,
41926,TGO,1978,707,,
41916,TGO,1978,2525,,
SLE.1T8.M,TGO,1978,10.26811027526855,,
REPR.1.G5.F.CP,TGO,1978,29.57913970947266,,
SLE.2T3.GPIA,TGO,1978,.2989000082015991,,
999976,TGO,1978,4,,
NERT.1.F.CP,TGO,1978,51.37099838256836,,
299902,TGO,1978,3,,
21505,TGO,1978,7294,,
GER.1.GPIA,TGO,1978,.5837500095367432,,
SAP.1.M,TGO,1978,222009,,
42097,TGO,1978,3,,
GER.1T8.M,TGO,1978,63.08734130859375,,
41937,TGO,1978,0,NA,
REPR.1.F.CP,TGO,1978,34.66572189331055,,
21500,TGO,1978,40908,,
42620,TGO,1978,2541,,
REPR.2.G3.CP,TGO,1978,22.87940979003906,,
SLE.1T8,TGO,1978,7.697979927062988,,
SAP.3,TGO,1978,161660,,
REPR.1.G2.F.CP,TGO,1978,32.17535018920898,,
41911,TGO,1978,10325,,
25007,TGO,1978,18,,
41935,TGO,1978,2889,,
41929,TGO,1978,0,NA,
21504,TGO,1978,18354,,
SAP.2T3.F,TGO,1978,204324,,
SR.1.GLAST.GPIA,TGO,1978,.8811600208282471,,
25057,TGO,1978,610,,
GER.1T8,TGO,1978,47.8926887512207,,
21506,TGO,1978,11414,,
SLE.1T8.F,TGO,1978,5.136879920959473,,
REPR.1.G5.CP,TGO,1978,26.58246040344238,,
REPR.2.G5.M.CP,TGO,1978,0,NA,
41931,TGO,1978,4594,,
REPR.1.G3.F.CP,TGO,1978,33.60633850097656,,
41907,TGO,1978,12463,,
SLE.5T8.GPIA,TGO,1978,.238769993185997,,
999978,TGO,1978,3,,
REPR.2.G1.F.CP,TGO,1978,25.10733032226563,,
20161,TGO,1978,141,,
GER.1.M,TGO,1978,119.7473983764648,,
41938,TGO,1978,0,NA,
10405,TGO,1978,1977,,
41917,TGO,1978,2182,,
SAP.1.AGM1.M,TGO,1978,42401,,
41925,TGO,1978,1009,,
41939,TGO,1978,0,NA,
GER.1T8.GPIA,TGO,1978,.5191900134086609,,
41924,TGO,1978,1924,,
SLE.1T8.GPIA,TGO,1978,.5002800226211548,,
REPR.1.G4.M.CP,TGO,1978,22.56267929077148,,
REPR.2.G2.M.CP,TGO,1978,17.76855087280273,,
SR.1.G5.CP,TGO,1978,79.31581878662109,,
299932,TGO,1978,6,,
41910,TGO,1978,6764,,
GER.2T3.F,TGO,1978,10.85286045074463,,
GER.2T3,TGO,1978,23.55538940429688,,
SAP.1.G1.F,TGO,1978,40749,,
42104,TGO,1978,2086,,
SLE.2T3.F,TGO,1978,.7597000002861023,,
41920,TGO,1978,0,NA,
41922,TGO,1978,12803,,
21501,TGO,1978,16023,,
NERT.1.CP,TGO,1978,67.00691223144531,,
REPR.2.G2.F.CP,TGO,1978,21.39360046386719,,
SAP.2.F,TGO,1978,123318,,
GER.2T3.GPIA,TGO,1978,.2989000082015991,,
SLE.1,TGO,1978,5.981979846954346,,
SR.1.GLAST.M.CP,TGO,1978,79.0029296875,,
20060,TGO,1978,6124,,
GER.1T3.F,TGO,1978,41.64006042480469,,
REPR.1.G2.CP,TGO,1978,30.27975082397461,,
405,TGO,1978,1977,,
SAP.02.M,TGO,1978,133224,,
X.US.FSGOV,TGO,1979,59.56296157836914,,
20182,TGO,1979,2686,,
999975,TGO,1979,12,,
REPR.1.F.CP,TGO,1979,34.37870025634766,,
REPR.1.G5.CP,TGO,1979,27.96731948852539,,
21500,TGO,1979,44391,,
41938,TGO,1979,0,NA,
REPR.2.G3.CP,TGO,1979,28.39323997497559,,
41909,TGO,1979,8144,,
SAP.1.GLAST.F,TGO,1979,34630,,
REPR.1.G5.M.CP,TGO,1979,26.19676971435547,,
THDUR.2T3,TGO,1979,7,,
41940,TGO,1979,21106,,
SLE.5T8.GPIA,TGO,1979,.1957200020551682,,
SAP.2.G1.M,TGO,1979,33365,,
SAP.2T3.M,TGO,1979,209144,,
21508,TGO,1979,12838,,
REPR.1.G5.F.CP,TGO,1979,31.39649963378906,,
REPR.1.G1.CP,TGO,1979,37.96451187133789,,
SLE.02,TGO,1979,.0764300003647804,,
25057,TGO,1979,520,,
SR.1.G4.M.CP,TGO,1979,81.27027893066406,,
41908,TGO,1979,13310,,
SLE.02.M,TGO,1979,.0786399990320206,,
SLE.1T3.M,TGO,1979,10.83619022369385,,
REPR.2.G3.M.CP,TGO,1979,27.53273963928223,,
GER.1T8,TGO,1979,51.53572845458984,,
PRP.02,TGO,1979,49.10369110107422,,
SR.1.G5.CP,TGO,1979,74.50237274169922,,
SAP.3.F,TGO,1979,83143,,
REPR.1.G6.M.CP,TGO,1979,36.76739120483398,,
REPR.1.G4.M.CP,TGO,1979,23.57646942138672,,
SLE.02.GPIA,TGO,1979,.9436299800872803,,
405,TGO,1979,1978,,
40044,TGO,1979,86619,,
SLE.1T8,TGO,1979,8.317179679870605,,
SAP.3,TGO,1979,165969,,
21509,TGO,1979,4730,,
999976,TGO,1979,4,,
REPR.2.G3.F.CP,TGO,1979,31.28503036499023,,
X.US.1.FSGOV,TGO,1979,14.60750961303711,,
41916,TGO,1979,3037,,
SLE.1.GPIA,TGO,1979,.6009100079536438,,
41935,TGO,1979,3787,,
SAP.1.G1,TGO,1979,83740,,
41921,TGO,1979,0,NA,
41907,TGO,1979,14579,,
SAP.1.AGM1.M,TGO,1979,43584,,
SAP.2.M,TGO,1979,126318,,
GER.1T8.M,TGO,1979,67.07459259033203,,
GER.2T3.GPIA,TGO,1979,.3119100034236908,,
GER.1T3.GPIA,TGO,1979,.5401399731636047,,
GTVP.2T3.GPV,TGO,1979,93.00096893310547,,
21504,TGO,1979,22378,,
25053,TGO,1979,3163,,
XGDP.2T3.FSGOV,TGO,1979,1.664299964904785,,
20160,TGO,1979,171,,
41922,TGO,1979,15262,,
299905,TGO,1979,6,,
SLE.2T3.F,TGO,1979,.9042800068855286,,
REPR.2.G1.CP,TGO,1979,23.48492050170898,,
42104,TGO,1979,2344,,
OFST.1.CP,TGO,1979,144864,,
SR.1.GLAST.F.CP,TGO,1979,60.53025817871094,,
SLE.5T8.M,TGO,1979,.1105000004172325,,
20060,TGO,1979,6973,,
SLE.1.M,TGO,1979,7.937079906463623,,
XGDP.1.FSGOV,TGO,1979,1.205389976501465,,
SAP.2.G1,TGO,1979,66825,,
SAP.5T8,TGO,1979,239817,,
SAP.02.F,TGO,1979,136805,,
20161,TGO,1979,166,,
NERT.1.CP,TGO,1979,68.29402160644531,,
21506,TGO,1979,13576,,
21517,TGO,1979,53935,,
REPR.1.G3.M.CP,TGO,1979,30.53157997131348,,
GER.1,TGO,1979,100.2639465332031,,
41937,TGO,1979,0,NA,
SAP.02.M,TGO,1979,136913,,
REPR.1.G2.CP,TGO,1979,29.75869941711426,,
41926,TGO,1979,958,,
299902,TGO,1979,3,,
OFST.1.F.CP,TGO,1979,106316,,
X.USCONST.UK.FSGOV,TGO,1979,18.84441947937012,,
REPR.2.G1.F.CP,TGO,1979,26.39065933227539,,
GTVP.2T3.V,TGO,1979,6.999030113220215,,
SAP.1.G1.F,TGO,1979,41902,,
SAP.2,TGO,1979,253041,,
SLE.1,TGO,1979,6.351260185241699,,
10405,TGO,1979,1978,,
REPR.2.G1.M.CP,TGO,1979,22.35807991027832,,
SLE.1.F,TGO,1979,4.769450187683105,,
40035,TGO,1979,284322,,
41915,TGO,1979,4309,,
41931,TGO,1979,5329,,
SR.1.G4.F.CP,TGO,1979,72.77397155761719,,
REPR.1.CP,TGO,1979,32.62926864624023,,
REPR.2.G2.CP,TGO,1979,22.88511085510254,,
REPR.1.G1.M.CP,TGO,1979,38.28718185424805,,
20063,TGO,1979,173782,,
SLE.02.F,TGO,1979,.0742100030183792,,
21511,TGO,1979,6235,,
REPR.2.G2.M.CP,TGO,1979,21.08595085144043,,
REPR.1.G3.F.CP,TGO,1979,34.84767913818359,,
41920,TGO,1979,0,NA,
XGDP.02.FSGOV,TGO,1979,.0397000014781952,,
NERT.1.GPIA,TGO,1979,.6438000202178955,,
FTP.2T3,TGO,1979,12.73268985748291,,
SLE.1T3,TGO,1979,8.251239776611328,,
SR.1.GLAST.CP,TGO,1979,69.67713928222656,,
40033,TGO,1979,3589,,
SAP.5T8.M,TGO,1979,119594,,
42620,TGO,1979,2643,,
NERT.1.F.CP,TGO,1979,53.50638961791992,,
41928,TGO,1979,0,NA,
20163,TGO,1979,1808,,
SLE.1T8.GPIA,TGO,1979,.5202800035476685,,
X.US.02.FSGOV,TGO,1979,.4810599982738495,,
SLE.2T3.M,TGO,1979,2.899120092391968,,
SLE.1T3.F,TGO,1979,5.673719882965088,,
GER.1T3,TGO,1979,65.28471374511719,,
REPR.2.G4.CP,TGO,1979,47.63425827026367,,
21501,TGO,1979,18143,,
SLE.2T3.GPIA,TGO,1979,.3119100034236908,,
X.US.2T3.FSGOV,TGO,1979,20.16881942749023,,
SR.1.G5.GPIA,TGO,1979,.8480100035667419,,
21507,TGO,1979,5432,,
21502,TGO,1979,24906,,
41927,TGO,1979,1091,,
20162,TGO,1979,8264,,
SAP.1.AGM1.F,TGO,1979,43614,,
OFST.1.M.CP,TGO,1979,38548,,
SAP.1.GLAST,TGO,1979,69161,,
REPR.1.G4.CP,TGO,1979,25.45388031005859,,
REPR.2.G4.F.CP,TGO,1979,51.93996047973633,,
SAP.2.G1.F,TGO,1979,33460,,
999978,TGO,1979,3,,
X.US.5T8.FSGOV,TGO,1979,14.75876045227051,,
SLE.5T8,TGO,1979,.0659499987959862,,
SLE.1T8.F,TGO,1979,5.695350170135498,,
41911,TGO,1979,12221,,
GER.2T3.M,TGO,1979,41.41595840454102,,
20083,TGO,1979,27111,,
XGDP.5T8.FSGOV,TGO,1979,1.217869997024536,,
20183,TGO,1979,342,,
SAP.1,TGO,1979,456898,,
REPR.2.G4.M.CP,TGO,1979,46.47013854980469,,
SAP.1.AGM1,TGO,1979,87198,,
SLE.1T3.GPIA,TGO,1979,.5235900282859802,,
REPR.1.G6.CP,TGO,1979,38.34621810913086,,
X.USCONST.1.FSGOV,TGO,1979,28.83371925354004,,
SAP.02,TGO,1979,273718,,
43617,TGO,1979,208,,
SLE.5T8.F,TGO,1979,.0216300003230572,,
REPR.2.G5.M.CP,TGO,1979,0,NA,
41906,TGO,1979,26248,,
REPR.1.G1.F.CP,TGO,1979,37.50096893310547,,
SAP.2.F,TGO,1979,126723,,
41936,TGO,1979,4932,,
X.USCONST.2T3.FSGOV,TGO,1979,39.8111686706543,,
999977,TGO,1979,16,,
FTP.5T8,TGO,1979,8.370039939880371,,
41930,TGO,1979,0,NA,
SR.1.GLAST.M.CP,TGO,1979,75.45835876464844,,
REPR.2.G2.F.CP,TGO,1979,29.01786041259766,,
GER.2T3,TGO,1979,27.14254951477051,,
SR.1.G5.F.CP,TGO,1979,67.22109985351563,,
SR.1.G4.GPIA,TGO,1979,.8954600095748901,,
SR.1.G5.M.CP,TGO,1979,79.26957702636719,,
REPR.1.G3.CP,TGO,1979,32.18498992919922,,
20062,TGO,1979,458104,,
21503,TGO,1979,10327,,
SAP.3.M,TGO,1979,82826,,
GER.1.GPIA,TGO,1979,.610040009021759,,
41929,TGO,1979,0,NA,
20082,TGO,1979,113730,,
SLE.1T8.M,TGO,1979,10.94668960571289,,
41914,TGO,1979,82610,,
21505,TGO,1979,9068,,
SAP.5T8.F,TGO,1979,120223,,
GER.2T3.F,TGO,1979,12.91823959350586,,
SAP.1.G1.M,TGO,1979,41838,,
X.USCONST.FSGOV,TGO,1979,117.5711288452148,,
SAP.2T3,TGO,1979,419010,,
GER.1T8.F,TGO,1979,36.0466194152832,,
25003,TGO,1979,227,,
GER.1T3.F,TGO,1979,45.81013107299805,,
41939,TGO,1979,0,NA,
NERT.1.M.CP,TGO,1979,83.11002349853516,,
FTP.02,TGO,1979,97.07601928710938,,
X.USCONST.5T8.FSGOV,TGO,1979,29.13225936889648,,
41918,TGO,1979,3841,,
299932,TGO,1979,6,,
REPR.1.G2.F.CP,TGO,1979,31.05326080322266,,
GER.1.M,TGO,1979,124.5769577026367,,
SAP.1.GLAST.M,TGO,1979,34531,,
41933,TGO,1979,6122,,
21510,TGO,1979,18456,,
299929,TGO,1979,3,,
X.US.UK.FSGOV,TGO,1979,9.546810150146484,,
SR.1.GLAST.GPIA,TGO,1979,.8021699786186218,,
SR.1.G4.CP,TGO,1979,77.83309173583984,,
GER.1.F,TGO,1979,75.99752044677734,,
41925,TGO,1979,1136,,
FTP.1,TGO,1979,21.87803077697754,,
21516,TGO,1979,136545,,
41924,TGO,1979,1813,,
SLE.2T3,TGO,1979,1.899979948997498,,
42099,TGO,1979,6456,,
REPR.1.G4.F.CP,TGO,1979,28.6839599609375,,
SAP.1.M,TGO,1979,228230,,
REPR.2.G5.F.CP,TGO,1979,0,NA,
REPR.1.G2.M.CP,TGO,1979,28.89888954162598,,
SAP.2T3.F,TGO,1979,209866,,
42097,TGO,1979,5,,
GER.1T3.M,TGO,1979,84.81094360351563,,
X.USCONST.02.FSGOV,TGO,1979,.9495599865913391,,
REPR.2.G5.CP,TGO,1979,0,NA,
SAP.1.F,TGO,1979,228668,,
20061,TGO,1979,3384,,
41934,TGO,1979,4173,,
41917,TGO,1979,2829,,
41910,TGO,1979,8108,,
41919,TGO,1979,0,NA,
REPR.1.G6.F.CP,TGO,1979,41.71820068359375,,
GER.1T8.GPIA,TGO,1979,.5374100208282471,,
REPR.1.M.CP,TGO,1979,31.55998992919922,,
25007,TGO,1979,19,,
405,TGO,1980,1979,,
41909,TGO,1980,8960,,
SAP.02,TGO,1980,281865,,
20082,TGO,1980,127894,,
25053,TGO,1980,3638,,
21504,TGO,1980,25262,,
20063,TGO,1980,186668,,
FTP.2T3,TGO,1980,13.61516952514648,,UIS_EST
SAP.3,TGO,1980,171134,,
REPR.1.CP,TGO,1980,37.15185165405273,,
SR.1.G4.M.CP,TGO,1980,74.34082794189453,,UIS_EST
41934,TGO,1980,5424,,
REPR.1.G6.F.CP,TGO,1980,55.97491073608398,,
SAP.2T3,TGO,1980,431518,,
SAP.2.G1.M,TGO,1980,34283,,
42097,TGO,1980,1,,
40044,TGO,1980,96970,,
REPR.2.G1.F.CP,TGO,1980,32.15605926513672,,
SLE.02.M,TGO,1980,.0717900022864342,,
GER.1T3,TGO,1980,67.84642028808594,,
25007,TGO,1980,30,,
SAP.5T8.F,TGO,1980,123248,,
999978,TGO,1980,3,,
20182,TGO,1980,3217,,UIS_EST
SAP.2T3.F,TGO,1980,216072,,
SLE.02.GPIA,TGO,1980,.9226400256156921,,
THDUR.2T3,TGO,1980,7,,
41916,TGO,1980,3864,,
REPR.1.G1.M.CP,TGO,1980,39.310791015625,,UIS_EST
REPR.2.G5.M.CP,TGO,1980,0,NA,
SLE.2T3.GPIA,TGO,1980,.3179799914360046,,
41914,TGO,1980,89732,,
41919,TGO,1980,0,NA,
41906,TGO,1980,28344,,
SR.1.G4.F.CP,TGO,1980,69.77272033691406,,UIS_EST
SLE.5T8.GPIA,TGO,1980,.1894900053739548,,
41917,TGO,1980,4457,,
41918,TGO,1980,6069,,
SAP.1.AGM1.F,TGO,1980,44901,,
SAP.02.F,TGO,1980,140778,,
299932,TGO,1980,6,,
20060,TGO,1980,6484,,
SR.1.G5.GPIA,TGO,1980,.9087299704551697,,UIS_EST
999976,TGO,1980,4,,
21510,TGO,1980,20029,,
SAP.3.F,TGO,1980,85702,,
20083,TGO,1980,30924,,
SLE.5T8,TGO,1980,.0739800035953522,,
REPR.1.G4.F.CP,TGO,1980,33.8754997253418,,UIS_EST
SR.1.G5.M.CP,TGO,1980,69.78678131103516,,UIS_EST
GER.1T8.F,TGO,1980,37.95452880859375,,
SLE.1T3,TGO,1980,8.636309623718262,,
SAP.1.G1.F,TGO,1980,43113,,
SAP.1.GLAST.M,TGO,1980,35500,,
21511,TGO,1980,6949,,
SLE.1T8.F,TGO,1980,6.041999816894531,,
SAP.2.F,TGO,1980,130370,,
21500,TGO,1980,47669,,
21509,TGO,1980,5706,,
REPR.2.G4.CP,TGO,1980,49.71540832519531,,
FTP.5T8,TGO,1980,10.30928039550781,,
SAP.1.M,TGO,1980,235254,,
SLE.1T8.M,TGO,1980,11.38484954833984,,
REPR.1.G1.CP,TGO,1980,39.27970886230469,,UIS_EST
REPR.2.G4.M.CP,TGO,1980,48.70661926269531,,
GER.1T8.GPIA,TGO,1980,.5472599864006042,,
41915,TGO,1980,5431,,
SLE.1T3.M,TGO,1980,11.26025009155273,,
SAP.2.G1,TGO,1980,68654,,
REPR.2.G5.F.CP,TGO,1980,0,NA,
999977,TGO,1980,16,,
SAP.1.G1.M,TGO,1980,43107,,
REPR.1.G5.F.CP,TGO,1980,37.39942169189453,,UIS_EST
SAP.2,TGO,1980,260384,,
41933,TGO,1980,7917,,
41939,TGO,1980,0,NA,
OFST.1.F.CP,TGO,1980,107348,,
SR.1.GLAST.M.CP,TGO,1980,64.81574249267578,,UIS_EST
41936,TGO,1980,7903,,
21517,TGO,1980,59744,,
20163,TGO,1980,1973,,
SAP.1.GLAST,TGO,1980,71076,,
GER.2T3.GPIA,TGO,1980,.3179799914360046,,
REPR.2.G3.CP,TGO,1980,30.59437942504883,,
REPR.2.G2.CP,TGO,1980,26.4156494140625,,
43617,TGO,1980,261,,
REPR.1.G2.CP,TGO,1980,32.89788055419922,,UIS_EST
SAP.3.M,TGO,1980,85432,,
NERT.1.CP,TGO,1980,68.58660125732422,,
OFST.1.M.CP,TGO,1980,40535,,
41935,TGO,1980,5964,,
42620,TGO,1980,3056,,
NERT.1.F.CP,TGO,1980,54.41891860961914,,
42104,TGO,1980,2779,,UIS_EST
41907,TGO,1980,15343,,
SLE.5T8.M,TGO,1980,.124600000679493,,
41922,TGO,1980,21131,,
REPR.1.G1.F.CP,TGO,1980,39.2357292175293,,UIS_EST
REPR.2.G4.F.CP,TGO,1980,53.50207138061523,,
SLE.02,TGO,1980,.0690099969506264,,
REPR.2.G3.M.CP,TGO,1980,28.89504051208496,,
41911,TGO,1980,13080,,
FTP.02,TGO,1980,99.40119934082031,,
REPR.1.G3.CP,TGO,1980,36.30796051025391,,UIS_EST
41929,TGO,1980,0,NA,
GER.1T3.F,TGO,1980,48.18437957763672,,
SAP.02.M,TGO,1980,141087,,
GER.1.M,TGO,1980,126.5032730102539,,
21516,TGO,1980,149476,,
999975,TGO,1980,12,,
41924,TGO,1980,2486,,
SLE.1.GPIA,TGO,1980,.6185899972915649,,
GER.2T3.M,TGO,1980,45.00896072387695,,
20160,TGO,1980,167,,
GER.1,TGO,1980,102.8693771362305,,
21501,TGO,1980,19325,,
21507,TGO,1980,6336,,
SLE.1T8,TGO,1980,8.71028995513916,,
25057,TGO,1980,582,,
299902,TGO,1980,3,,
41910,TGO,1980,9221,,
20161,TGO,1980,166,,
40033,TGO,1980,3376,,
SAP.1.AGM1,TGO,1980,89845,,
40035,TGO,1980,297604,,
41927,TGO,1980,1834,,
SR.1.G5.CP,TGO,1980,67.33183288574219,,UIS_EST
REPR.2.G1.M.CP,TGO,1980,25.97125053405762,,
21503,TGO,1980,10950,,
REPR.1.G4.CP,TGO,1980,29.70745086669922,,UIS_EST
41926,TGO,1980,1507,,
GTVP.2T3.GPV,TGO,1980,93.67209625244141,,
REPR.1.G6.CP,TGO,1980,53.18209838867188,,
REPR.1.G3.M.CP,TGO,1980,34.2923698425293,,UIS_EST
GER.2T3.F,TGO,1980,14.31190013885498,,
SAP.1.F,TGO,1980,235510,,
REPR.1.F.CP,TGO,1980,39.0152587890625,,
SR.1.G4.GPIA,TGO,1980,.9385499954223633,,UIS_EST
41931,TGO,1980,7849,,
SR.1.GLAST.F.CP,TGO,1980,54.50571823120117,,UIS_EST
PRP.02,TGO,1980,48.62739181518555,,
NERT.1.M.CP,TGO,1980,82.76969146728516,,
GER.1T3.GPIA,TGO,1980,.5503799915313721,,
REPR.1.G2.M.CP,TGO,1980,31.87190055847168,,UIS_EST
SAP.5T8.M,TGO,1980,122631,,
GER.1.F,TGO,1980,79.26117706298828,,
SR.1.GLAST.CP,TGO,1980,60.99715042114258,,UIS_EST
299905,TGO,1980,6,,
REPR.2.G2.M.CP,TGO,1980,25.55850982666016,,
SAP.1.AGM1.M,TGO,1980,44944,,
SLE.5T8.F,TGO,1980,.0236099995672703,,
SR.1.G4.CP,TGO,1980,72.53645324707031,,UIS_EST
41908,TGO,1980,14784,,
SAP.1,TGO,1980,470764,,
OFST.1.CP,TGO,1980,147883,,
REPR.1.G4.M.CP,TGO,1980,27.21758079528809,,UIS_EST
SLE.1T3.GPIA,TGO,1980,.5344799757003784,,
GER.1T8.M,TGO,1980,69.35434722900391,,
SLE.1T8.GPIA,TGO,1980,.530709981918335,,
SLE.1,TGO,1980,6.561639785766602,,
SLE.1.M,TGO,1980,8.109620094299316,,
NERT.1.GPIA,TGO,1980,.6574699878692627,,
SLE.02.F,TGO,1980,.0662299990653992,,
GER.1.GPIA,TGO,1980,.626550018787384,,
SAP.2T3.M,TGO,1980,215446,,
21506,TGO,1980,15296,,
41940,TGO,1980,30081,,
SR.1.GLAST.GPIA,TGO,1980,.8409299850463867,,UIS_EST
REPR.1.G3.F.CP,TGO,1980,39.41133880615234,,UIS_EST
10405,TGO,1980,1979,,
GTVP.2T3.V,TGO,1980,6.327899932861328,,
42099,TGO,1980,6947,,
SAP.2.G1.F,TGO,1980,34371,,
41921,TGO,1980,0,NA,
SAP.1.GLAST.F,TGO,1980,35576,,
REPR.2.G2.F.CP,TGO,1980,28.93026924133301,,
REPR.2.G5.CP,TGO,1980,0,NA,
SAP.2.M,TGO,1980,130014,,
SLE.2T3,TGO,1980,2.074670076370239,,
REPR.1.G5.M.CP,TGO,1980,31.35819053649902,,UIS_EST
SAP.5T8,TGO,1980,245879,,
41930,TGO,1980,0,NA,
20162,TGO,1980,8920,,
41928,TGO,1980,0,NA,
21508,TGO,1980,14927,,
GER.1T8,TGO,1980,53.63394165039063,,
SR.1.G5.F.CP,TGO,1980,63.4174690246582,,UIS_EST
41938,TGO,1980,0,NA,
REPR.1.G6.M.CP,TGO,1980,51.83951187133789,,
REPR.1.G5.CP,TGO,1980,33.47518157958984,,UIS_EST
SAP.1.G1,TGO,1980,86220,,
SLE.2T3.F,TGO,1980,1.001829981803894,,
SLE.1.F,TGO,1980,5.016550064086914,,
299929,TGO,1980,3,,
REPR.2.G1.CP,TGO,1980,27.73834037780762,,
21505,TGO,1980,10478,,
REPR.1.M.CP,TGO,1980,35.98305130004883,,
GER.1T3.M,TGO,1980,87.54692840576172,,
41920,TGO,1980,0,NA,
20061,TGO,1980,3108,,
21502,TGO,1980,26293,,
25003,TGO,1980,291,,
REPR.2.G3.F.CP,TGO,1980,36.31008911132813,,
SLE.2T3.M,TGO,1980,3.150629997253418,,
41925,TGO,1980,1560,,
SLE.1T3.F,TGO,1980,6.01839017868042,,
GER.2T3,TGO,1980,29.63816070556641,,
20183,TGO,1980,438,,UIS_EST
REPR.1.G2.F.CP,TGO,1980,34.40491104125977,,UIS_EST
FTP.1,TGO,1980,22.11882972717285,,
41937,TGO,1980,0,NA,
20062,TGO,1980,484272,,
20163,TGO,1981,1972,,
X.US.2T3.FSGOV,TGO,1981,14.68889045715332,,
299932,TGO,1981,6,,
REPR.2.G5.CP,TGO,1981,0,NA,
REPR.2.G2.M.CP,TGO,1981,21.83511924743652,,
SLE.02.GPIA,TGO,1981,.9752100110054016,,
SAP.2T3.F,TGO,1981,223125,,
REPR.1.G5.CP,TGO,1981,33.01253128051758,,UIS_EST
X.USCONST.FSGOV,TGO,1981,114.7008285522461,,
SR.1.GLAST.M.CP,TGO,1981,51.38771057128906,,UIS_EST
41934,TGO,1981,7198,,
21516,TGO,1981,179916,,
SR.1.G4.M.CP,TGO,1981,66.46196746826172,,UIS_EST
REPR.2.G4.M.CP,TGO,1981,46.49744033813477,,
FTP.02,TGO,1981,100,,
41936,TGO,1981,10831,,
REPR.2.G2.CP,TGO,1981,23.23744010925293,,
SR.1.G5.GPIA,TGO,1981,.7555400133132935,,UIS_EST
X.US.02.FSGOV,TGO,1981,.4073899984359741,,
REPR.1.CP,TGO,1981,36.18693161010742,,
REPR.2.G4.CP,TGO,1981,47.44792938232422,,
20162,TGO,1981,9201,,
SAP.2.F,TGO,1981,134520,,
41917,TGO,1981,5115,,
20160,TGO,1981,230,,
299929,TGO,1981,3,,
REPR.2.G3.F.CP,TGO,1981,34.30537033081055,,
10405,TGO,1981,1980,,
REPR.1.G4.M.CP,TGO,1981,27.8216495513916,,UIS_EST
41930,TGO,1981,0,NA,
SR.1.GLAST.GPIA,TGO,1981,.6920999884605408,,UIS_EST
GER.1,TGO,1981,104.1085586547852,,
SLE.1.GPIA,TGO,1981,.6433600187301636,,
41907,TGO,1981,17854,,
REPR.1.G5.F.CP,TGO,1981,36.15541076660156,,UIS_EST
21506,TGO,1981,19243,,
SR.1.GLAST.CP,TGO,1981,44.81084060668945,,UIS_EST
43617,TGO,1981,260,,
20061,TGO,1981,3808,,
41935,TGO,1981,7026,,
REPR.2.G1.M.CP,TGO,1981,20.58893966674805,,
SLE.5T8.F,TGO,1981,.0277100000530481,,
20063,TGO,1981,198418,,
42099,TGO,1981,7229,,
REPR.1.G6.F.CP,TGO,1981,44.54515075683594,,UIS_EST
SAP.2.G1.F,TGO,1981,35423,,
REPR.2.G3.CP,TGO,1981,30.9422607421875,,
REPR.1.G1.CP,TGO,1981,39.84708023071289,,UIS_EST
X.USCONST.1.FSGOV,TGO,1981,28.39048957824707,,
SR.1.G4.CP,TGO,1981,61.41875076293945,,UIS_EST
SAP.02.M,TGO,1981,145581,,
41922,TGO,1981,27002,,
SAP.1.G1.F,TGO,1981,44532,,
41928,TGO,1981,0,NA,
SAP.5T8.M,TGO,1981,126259,,
SAP.1.F,TGO,1981,243410,,
999977,TGO,1981,16,,
REPR.1.G2.CP,TGO,1981,33.39876937866211,,UIS_EST
SLE.02,TGO,1981,.0797400027513504,,
42097,TGO,1981,0,NIL,
REPR.1.G4.CP,TGO,1981,29.87047004699707,,UIS_EST
20062,TGO,1981,506788,,
REPR.2.G3.M.CP,TGO,1981,29.86515998840332,,
SAP.2T3,TGO,1981,445716,,
41906,TGO,1981,29169,,
41926,TGO,1981,1911,,
41910,TGO,1981,11775,,
GER.1.F,TGO,1981,81.51596069335938,,
REPR.1.G2.M.CP,TGO,1981,32.79130935668945,,UIS_EST
SAP.1.G1,TGO,1981,89129,,
SAP.2.M,TGO,1981,134225,,
XGDP.1.FSGOV,TGO,1981,1.071380019187927,,
SAP.5T8.F,TGO,1981,126860,,
41925,TGO,1981,2004,,
REPR.1.G2.F.CP,TGO,1981,34.25791931152344,,UIS_EST
SLE.5T8.M,TGO,1981,.1602700054645538,,
21510,TGO,1981,29774,,
21503,TGO,1981,13121,,
FTP.5T8,TGO,1981,12.45790958404541,,
SR.1.G5.M.CP,TGO,1981,59.86080932617188,,UIS_EST
SAP.1.AGM1,TGO,1981,92729,,
41911,TGO,1981,19600,,
41931,TGO,1981,10152,,
SAP.1.G1.M,TGO,1981,44597,,
42620,TGO,1981,4047,,
SR.1.G5.CP,TGO,1981,53.74462127685547,,UIS_EST
405,TGO,1981,1980,,
GER.1.M,TGO,1981,126.7041397094727,,
SAP.02.F,TGO,1981,145091,,
40033,TGO,1981,3918,,
41927,TGO,1981,2452,,
PRP.1,TGO,1981,24.14698028564453,,
41929,TGO,1981,0,NA,
SAP.5T8,TGO,1981,253119,,
299905,TGO,1981,6,,
21505,TGO,1981,13176,,
REPR.1.G3.M.CP,TGO,1981,35.10758972167969,,UIS_EST
41933,TGO,1981,9456,,
GER.1.GPIA,TGO,1981,.6433600187301636,,
PRP.02,TGO,1981,52.52394866943359,,
FTP.1,TGO,1981,21.43244934082031,,
REPR.1.G1.M.CP,TGO,1981,40.1727409362793,,UIS_EST
21511,TGO,1981,10174,,
REPR.1.G3.F.CP,TGO,1981,38.98471832275391,,UIS_EST
SR.1.GLAST.F.CP,TGO,1981,35.5654411315918,,UIS_EST
SAP.02,TGO,1981,290672,,
25003,TGO,1981,297,,
999976,TGO,1981,4,,
SLE.02.F,TGO,1981,.0787400007247925,,
SLE.1,TGO,1981,6.246510028839111,,
REPR.1.G1.F.CP,TGO,1981,39.39387893676758,,UIS_EST
41937,TGO,1981,0,NA,
41908,TGO,1981,17652,,
41940,TGO,1981,38664,,
XGDP.2T3.FSGOV,TGO,1981,1.123209953308105,,
X.US.FSGOV,TGO,1981,56.60602951049805,,
41915,TGO,1981,6324,,
21502,TGO,1981,30975,,
41939,TGO,1981,0,NA,
REPR.1.G6.M.CP,TGO,1981,41.12863922119141,,UIS_EST
SAP.1.GLAST.M,TGO,1981,36824,,
SAP.1.AGM1.F,TGO,1981,46312,,
21504,TGO,1981,30828,,
REPR.2.G2.F.CP,TGO,1981,27.31707000732422,,
21517,TGO,1981,72829,,
21508,TGO,1981,19351,,
41924,TGO,1981,3132,,
41914,TGO,1981,107087,,
20060,TGO,1981,7726,,
REPR.1.G3.CP,TGO,1981,36.677490234375,,UIS_EST
25007,TGO,1981,37,,
25053,TGO,1981,4750,,
SLE.1.M,TGO,1981,7.602250099182129,,
41938,TGO,1981,0,NA,
21501,TGO,1981,20576,,
X.US.5T8.FSGOV,TGO,1981,15.77657032012939,,
41909,TGO,1981,11037,,
REPR.2.G5.F.CP,TGO,1981,0,NA,
21509,TGO,1981,7576,,
SR.1.G4.F.CP,TGO,1981,54.45066070556641,,UIS_EST
REPR.1.G4.F.CP,TGO,1981,33.16091918945313,,UIS_EST
X.US.1.FSGOV,TGO,1981,14.01099967956543,,
SLE.5T8.GPIA,TGO,1981,.1728899925947189,,
SAP.1.GLAST,TGO,1981,73697,,
41918,TGO,1981,8379,,
999975,TGO,1981,12,,
SAP.2,TGO,1981,268745,,
299902,TGO,1981,3,,
X.USCONST.2T3.FSGOV,TGO,1981,29.76409912109375,,
SAP.2.G1,TGO,1981,70779,,
REPR.1.F.CP,TGO,1981,37.64678955078125,,
40035,TGO,1981,308370,,
SLE.5T8,TGO,1981,.0938299968838692,,
SAP.1,TGO,1981,486788,,
THDUR.2T3,TGO,1981,7,,
SAP.3,TGO,1981,176971,,
21500,TGO,1981,49745,,
REPR.1.M.CP,TGO,1981,35.24758911132813,,
SAP.2.G1.M,TGO,1981,35356,,
SR.1.G5.F.CP,TGO,1981,45.22729110717773,,UIS_EST
SR.1.G4.GPIA,TGO,1981,.8192800283432007,,UIS_EST
SLE.1.F,TGO,1981,4.890960216522217,,
SLE.02.M,TGO,1981,.0807399973273277,,
REPR.2.G1.F.CP,TGO,1981,24.28392028808594,,
SAP.3.F,TGO,1981,88605,,
SAP.1.GLAST.F,TGO,1981,36873,,
SAP.1.M,TGO,1981,243378,,
SAP.1.AGM1.M,TGO,1981,46417,,
X.USCONST.5T8.FSGOV,TGO,1981,31.96806907653809,,
21507,TGO,1981,8206,,
41921,TGO,1981,0,NA,
41916,TGO,1981,5194,,
41920,TGO,1981,0,NA,
999978,TGO,1981,3,,
25057,TGO,1981,703,,
SAP.3.M,TGO,1981,88366,,
X.USCONST.02.FSGOV,TGO,1981,.8255000114440918,,
41919,TGO,1981,0,NA,
SAP.2T3.M,TGO,1981,222591,,
REPR.1.G6.CP,TGO,1981,42.2429313659668,,UIS_EST
REPR.2.G1.CP,TGO,1981,21.68231010437012,,
REPR.2.G4.F.CP,TGO,1981,50.929931640625,,
XGDP.5T8.FSGOV,TGO,1981,1.206390023231506,,
REPR.1.G5.M.CP,TGO,1981,31.25046920776367,,UIS_EST
XGDP.02.FSGOV,TGO,1981,.0311500001698732,,
REPR.2.G5.M.CP,TGO,1981,0,NA,
20161,TGO,1981,230,,
40035,TGO,1982,302255,,
42620,TGO,1982,3677,,
SR.1.G4.CP,TGO,1982,62.48453140258789,,
REPR.1.G4.F.CP,TGO,1982,28.49241065979004,,
21516,TGO,1982,183391,,
41940,TGO,1982,37660,,
43617,TGO,1982,284,,
SAP.1.M,TGO,1982,252353,,
REPR.1.G3.M.CP,TGO,1982,33.81845855712891,,
SAP.3,TGO,1982,183414,,
41914,TGO,1982,108693,,
SR.1.G4.GPIA,TGO,1982,.8545899987220764,,
41922,TGO,1982,26272,,
SR.1.G5.M.CP,TGO,1982,59.24010848999023,,
20183,TGO,1982,547,,UIS_EST
SAP.5T8.M,TGO,1982,130575,,
21501,TGO,1982,20681,,
SLE.02.F,TGO,1982,.0877600014209747,,
GER.2T3.GPIA,TGO,1982,.3390499949455261,,
41926,TGO,1982,2094,,
REPR.2.G1.F.CP,TGO,1982,28.27548980712891,,
41917,TGO,1982,5692,,
41937,TGO,1982,0,NA,
20182,TGO,1982,4319,,UIS_EST
SAP.1.G1.F,TGO,1982,46082,,
SR.1.G5.F.CP,TGO,1982,46.018798828125,,
SAP.2.G1,TGO,1982,73608,,
41925,TGO,1982,2016,,
REPR.2.G2.F.CP,TGO,1982,25.66333961486816,,
20160,TGO,1982,265,,
40033,TGO,1982,4619,,
REPR.1.G2.M.CP,TGO,1982,30.38109016418457,,
SAP.1.AGM1.F,TGO,1982,48016,,
REPR.1.G3.CP,TGO,1982,35.42800903320313,,
NERT.1.M.CP,TGO,1982,79.35034942626953,,
SR.1.GLAST.GPIA,TGO,1982,.699429988861084,,
GER.1T3.F,TGO,1982,47.46910858154297,,
REPR.1.G6.CP,TGO,1982,40.97848129272461,,
SAP.5T8.F,TGO,1982,131175,,
REPR.1.G6.M.CP,TGO,1982,39.81750869750977,,
REPR.1.G3.F.CP,TGO,1982,37.77421188354492,,
SLE.5T8.F,TGO,1982,.0240100007504225,,
REPR.1.G4.CP,TGO,1982,26.0248908996582,,
25003,TGO,1982,341,,
299902,TGO,1982,3,,
REPR.1.G6.F.CP,TGO,1982,43.31219863891602,,
41929,TGO,1982,0,NA,
GER.1T8.GPIA,TGO,1982,.5697500109672546,,
SLE.2T3,TGO,1982,1.975649952888489,,
41916,TGO,1982,4688,,
GER.1T8.M,TGO,1982,65.71125030517578,,
REPR.1.CP,TGO,1982,34.43954086303711,,
SLE.5T8,TGO,1982,.0822699964046478,,
REPR.1.G1.F.CP,TGO,1982,39.83105850219727,,
41936,TGO,1982,11778,,
41919,TGO,1982,0,NA,
SAP.3.F,TGO,1982,91811,,
GER.1T3.GPIA,TGO,1982,.5739099979400635,,
REPR.1.M.CP,TGO,1982,33.47272872924805,,
SLE.5T8.GPIA,TGO,1982,.1705500036478043,,
REPR.1.G5.CP,TGO,1982,30.17992973327637,,
SAP.1.GLAST,TGO,1982,76321,,
REPR.2.G2.M.CP,TGO,1982,22.12409019470215,,
SAP.2.G1.F,TGO,1982,36826,,
REPR.1.F.CP,TGO,1982,35.92757034301758,,
REPR.2.G1.M.CP,TGO,1982,23.48624992370605,,
SAP.2T3.F,TGO,1982,231177,,
41939,TGO,1982,0,NA,
41933,TGO,1982,6421,,
GER.1T3,TGO,1982,65.08547973632813,,
SLE.02.M,TGO,1982,.0921600013971329,,
SAP.3.M,TGO,1982,91603,,
GER.2T3.M,TGO,1982,42.17477035522461,,
SLE.1T3.F,TGO,1982,5.95766019821167,,
SR.1.GLAST.M.CP,TGO,1982,49.70541000366211,,
42104,TGO,1982,3772,,UIS_EST
REPR.2.G5.F.CP,TGO,1982,0,NA,
REPR.2.G4.CP,TGO,1982,49.11420822143555,,
20082,TGO,1982,130366,,
21506,TGO,1982,20317,,
NERT.1.CP,TGO,1982,66.02400970458984,,
SLE.1T3.GPIA,TGO,1982,.5602499842643738,,
NERT.1.F.CP,TGO,1982,52.68806076049805,,
999976,TGO,1982,4,,
OFST.1.M.CP,TGO,1982,52110,,
REPR.1.G4.M.CP,TGO,1982,24.46718978881836,,
999977,TGO,1982,16,,
20060,TGO,1982,9000,,
21510,TGO,1982,27294,,
SAP.5T8,TGO,1982,261750,,
41927,TGO,1982,2711,,
REPR.1.G2.CP,TGO,1982,31.00724983215332,,
40044,TGO,1982,97309,,
SLE.1.GPIA,TGO,1982,.6452599763870239,,
405,TGO,1982,1981,,
GER.1T3.M,TGO,1982,82.71159362792969,,
OFST.1.CP,TGO,1982,171417,,
REPR.1.G2.F.CP,TGO,1982,31.89250946044922,,
REPR.2.G4.F.CP,TGO,1982,47.45822143554688,,
41915,TGO,1982,4293,,
SLE.1T8.F,TGO,1982,5.981669902801514,,
SAP.1.GLAST.F,TGO,1982,38173,,
GER.2T3.F,TGO,1982,14.29942989349365,,
21509,TGO,1982,8003,,
GER.1,TGO,1982,98.83354949951172,,
20162,TGO,1982,9619,,
20083,TGO,1982,33057,,
10405,TGO,1982,1981,,
SR.1.G4.M.CP,TGO,1982,66.50438690185547,,
41928,TGO,1982,0,NA,
42097,TGO,1982,1,,
REPR.1.G5.M.CP,TGO,1982,28.63747024536133,,
SLE.1,TGO,1982,6.31898021697998,,
41909,TGO,1982,11662,,
25057,TGO,1982,630,,
GER.1T8,TGO,1982,51.56512069702148,,
REPR.2.G4.M.CP,TGO,1982,49.58591842651367,,
41935,TGO,1982,7786,,
41920,TGO,1982,0,NA,
REPR.2.G5.CP,TGO,1982,0,NA,
SAP.2.F,TGO,1982,139366,,
SLE.1T8,TGO,1982,8.376899719238281,,
999978,TGO,1982,3,,
SLE.02.GPIA,TGO,1982,.9523400068283081,,
SAP.1.G1,TGO,1982,92281,,
SAP.2.G1.M,TGO,1982,36782,,
SAP.02,TGO,1982,300121,,
GER.1.F,TGO,1982,77.87731170654297,,
21504,TGO,1982,33082,,
41930,TGO,1982,0,NA,
REPR.2.G2.CP,TGO,1982,23.10969924926758,,
REPR.2.G3.CP,TGO,1982,32.67097854614258,,
SAP.2T3.M,TGO,1982,230728,,
41918,TGO,1982,9067,,
SLE.1T8.M,TGO,1982,10.77478981018066,,
21500,TGO,1982,50030,,
PRP.1,TGO,1982,23.65459060668945,,
REPR.2.G1.CP,TGO,1982,24.94149971008301,,
21502,TGO,1982,32327,,
25053,TGO,1982,4307,,
SAP.02.M,TGO,1982,150366,,
41908,TGO,1982,18844,,
SAP.1.F,TGO,1982,252171,,
REPR.1.G1.CP,TGO,1982,39.87604141235352,,
REPR.1.G1.M.CP,TGO,1982,39.90853881835938,,
FTP.2T3,TGO,1982,12.66497039794922,,UIS_EST
20063,TGO,1982,196384,,
SLE.1T3,TGO,1982,8.29463005065918,,
FTP.02,TGO,1982,99.62264251708984,,
41931,TGO,1982,9656,,
299932,TGO,1982,6,,
REPR.1.G5.F.CP,TGO,1982,32.89468002319336,,
SAP.1.AGM1.M,TGO,1982,48166,,
41911,TGO,1982,17907,,
20163,TGO,1982,2044,,
299905,TGO,1982,6,,
21507,TGO,1982,8655,,
SLE.1T8.GPIA,TGO,1982,.5551499724388123,,
FTP.1,TGO,1982,21.24961090087891,,
OFST.1.F.CP,TGO,1982,119307,,
SR.1.G5.GPIA,TGO,1982,.7768200039863586,,
999975,TGO,1982,12,,
THDUR.2T3,TGO,1982,7,,
SR.1.GLAST.CP,TGO,1982,43.54631042480469,,
REPR.2.G3.F.CP,TGO,1982,33.49868011474609,,
SLE.5T8.M,TGO,1982,.1407999992370605,,
41921,TGO,1982,0,NA,
SLE.2T3.M,TGO,1982,2.952229976654053,,
SAP.2.M,TGO,1982,139125,,
21505,TGO,1982,14238,,
20062,TGO,1982,498639,,
SAP.1.GLAST.M,TGO,1982,38148,,
20061,TGO,1982,4381,,
SLE.1.M,TGO,1982,7.681749820709229,,
SAP.2T3,TGO,1982,461905,,
41910,TGO,1982,12338,,
SAP.1,TGO,1982,504524,,
42099,TGO,1982,7575,,
21503,TGO,1982,13734,,
GTVP.2T3.V,TGO,1982,5.707779884338379,,
SLE.02,TGO,1982,.0899600014090538,,
GER.1T8.F,TGO,1982,37.43896102905273,,
SR.1.G4.F.CP,TGO,1982,56.8337287902832,,
GER.1.GPIA,TGO,1982,.6502000093460083,,
SLE.2T3.GPIA,TGO,1982,.3390499949455261,,
41907,TGO,1982,18593,,
PRP.02,TGO,1982,45.82221984863281,,
41938,TGO,1982,0,NA,
SR.1.G5.CP,TGO,1982,53.76462936401367,,
41934,TGO,1982,6704,,
SLE.1.F,TGO,1982,4.956699848175049,,
21508,TGO,1982,20341,,
20161,TGO,1982,264,,
GER.1.M,TGO,1982,119.7746810913086,,
SAP.02.F,TGO,1982,149755,,
41906,TGO,1982,29349,,
SAP.1.AGM1,TGO,1982,96182,,
SAP.1.G1.M,TGO,1982,46199,,
REPR.2.G5.M.CP,TGO,1982,0,NA,
21511,TGO,1982,9387,,
SAP.2,TGO,1982,278491,,
21517,TGO,1982,74698,,
GTVP.2T3.GPV,TGO,1982,94.29222106933594,,
FTP.5T8,TGO,1982,16.71553993225098,,
NERT.1.GPIA,TGO,1982,.6639900207519531,,
SLE.1T3.M,TGO,1982,10.63399028778076,,
299929,TGO,1982,3,,
25007,TGO,1982,57,,
REPR.2.G3.M.CP,TGO,1982,32.40361022949219,,
GER.2T3,TGO,1982,28.22355079650879,,
SLE.2T3.F,TGO,1982,1.000959992408752,,
SR.1.GLAST.F.CP,TGO,1982,34.76562881469727,,
41924,TGO,1982,2128,,
SLE.02.F,TGO,1983,.0894500017166138,,
SLE.02,TGO,1983,.091059997677803,,
41908,TGO,1983,18427,,
REPR.1.G4.F.CP,TGO,1983,27.05631065368652,,
21511,TGO,1983,8879,,
41940,TGO,1983,41378,,
41937,TGO,1983,0,NA,
REPR.1.G5.CP,TGO,1983,27.94206047058105,,
SR.1.GLAST.M.CP,TGO,1983,32.79293823242188,,
REPR.2.G1.M.CP,TGO,1983,21.08085060119629,,
OFST.1.M.CP,TGO,1983,64713,,
SLE.1T3.M,TGO,1983,9.887929916381836,,
REPR.1.G5.F.CP,TGO,1983,29.98627090454102,,
NERT.1.M.CP,TGO,1983,75.32035064697266,,
OFST.1.CP,TGO,1983,188711,,
SAP.2.M,TGO,1983,144417,,
42620,TGO,1983,3464,,
21509,TGO,1983,7399,,
20063,TGO,1983,194608,,
20060,TGO,1983,9393,,
GER.2T3,TGO,1983,24.84527015686035,,
GER.1.M,TGO,1983,113.5420989990234,,
41917,TGO,1983,6471,,
NERT.1.GPIA,TGO,1983,.6988999843597412,,
405,TGO,1983,1982,,
42104,TGO,1983,3843,,UIS_EST
25003,TGO,1983,372,,UIS_EST
SR.1.G4.F.CP,TGO,1983,41.0177116394043,,
41926,TGO,1983,2161,,
25057,TGO,1983,570,,
SLE.1T8.M,TGO,1983,10.01570987701416,,
41929,TGO,1983,0,NA,
REPR.1.G3.M.CP,TGO,1983,33.67322158813477,,
SAP.2.G1,TGO,1983,76370,,
REPR.2.G4.F.CP,TGO,1983,42.12308883666992,,
REPR.2.G1.F.CP,TGO,1983,24.16921997070313,,
SAP.1.AGM1,TGO,1983,99408,,
GER.1T8.GPIA,TGO,1983,.5756199955940247,,
REPR.2.G3.CP,TGO,1983,29.22064018249512,,
REPR.2.G4.M.CP,TGO,1983,39.41629028320313,,
20160,TGO,1983,329,,
REPR.1.G3.CP,TGO,1983,34.30659866333008,,
SR.1.G5.M.CP,TGO,1983,43.56890869140625,,
SAP.02.M,TGO,1983,155093,,
REPR.2.G5.M.CP,TGO,1983,0,NA,
21516,TGO,1983,171729,,
GER.2T3.F,TGO,1983,12.42428970336914,,
40044,TGO,1983,89302,,
41910,TGO,1983,11337,,
SR.1.GLAST.CP,TGO,1983,26.60791015625,,
SLE.5T8.GPIA,TGO,1983,.1638299971818924,,
SLE.02.GPIA,TGO,1983,.9653999805450439,,
REPR.1.CP,TGO,1983,33.28099822998047,,
REPR.1.G1.F.CP,TGO,1983,38.17615127563477,,
41938,TGO,1983,0,NA,
21503,TGO,1983,12366,,
20062,TGO,1983,492329,,
SLE.2T3,TGO,1983,1.739169955253601,,
PRP.02,TGO,1983,50.00532150268555,,
21501,TGO,1983,20323,,
SR.1.G5.F.CP,TGO,1983,29.43283081054688,,
41931,TGO,1983,10272,,
41906,TGO,1983,28187,,
REPR.2.G3.F.CP,TGO,1983,32.41437911987305,,
SLE.02.M,TGO,1983,.0926499962806702,,
SAP.3.F,TGO,1983,95283,,
REPR.1.G5.M.CP,TGO,1983,26.7669792175293,,
REPR.1.G4.M.CP,TGO,1983,24.5577392578125,,
SLE.1.M,TGO,1983,7.277919769287109,,
REPR.2.G5.F.CP,TGO,1983,0,NA,
FTP.02,TGO,1983,99.08815002441406,,
25053,TGO,1983,4034,,
REPR.2.G2.CP,TGO,1983,21.52572059631348,,
GTVP.2T3.V,TGO,1983,5.243229866027832,,
SLE.5T8,TGO,1983,.0742399990558624,,
REPR.1.F.CP,TGO,1983,34.09366989135742,,
21505,TGO,1983,14120,,
THDUR.2T3,TGO,1983,7,,
20182,TGO,1983,4438,,UIS_EST
SAP.2,TGO,1983,289019,,
REPR.2.G3.M.CP,TGO,1983,28.14852905273438,,
SAP.2.F,TGO,1983,144602,,
SLE.2T3.F,TGO,1983,.869700014591217,,
999978,TGO,1983,3,,
299932,TGO,1983,6,,
GER.1.GPIA,TGO,1983,.6546199917793274,,
NERT.1.F.CP,TGO,1983,52.64142990112305,,
SLE.1T3.GPIA,TGO,1983,.5631999969482422,,
41922,TGO,1983,28729,,
REPR.1.G6.F.CP,TGO,1983,37.50616073608398,,
41924,TGO,1983,2607,,
SAP.1,TGO,1983,524040,,
SAP.2T3.F,TGO,1983,239885,,
SAP.2T3,TGO,1983,479391,,
SAP.1.GLAST,TGO,1983,79321,,
20082,TGO,1983,119106,,
41933,TGO,1983,7568,,
SAP.1.G1.M,TGO,1983,48030,,
41919,TGO,1983,0,NA,
GER.1T3.F,TGO,1983,44.72916030883789,,
SR.1.G5.GPIA,TGO,1983,.6755499839782715,,
41934,TGO,1983,5911,,
41935,TGO,1983,8632,,
REPR.1.G3.F.CP,TGO,1983,35.21347045898438,,
PRP.1,TGO,1983,23.01571083068848,,
REPR.1.G2.CP,TGO,1983,32.2564697265625,,
SLE.1.F,TGO,1983,4.699170112609863,,
SLE.1T8,TGO,1983,7.801990032196045,,
20162,TGO,1983,10214,,
GER.1T3.M,TGO,1983,77.13954925537109,,
41916,TGO,1983,4083,,
SAP.2.G1.F,TGO,1983,38196,,
999975,TGO,1983,12,,
SR.1.G4.GPIA,TGO,1983,.7744600176811218,,
SLE.5T8.M,TGO,1983,.1277800053358078,,
20161,TGO,1983,326,,
SR.1.G4.CP,TGO,1983,47.82659912109375,,
SAP.3.M,TGO,1983,95089,,
42097,TGO,1983,3,,
21500,TGO,1983,48510,,
21517,TGO,1983,70556,,
REPR.2.G2.M.CP,TGO,1983,20.08249092102051,,
41915,TGO,1983,4961,,
41921,TGO,1983,0,NA,
GER.1T8.F,TGO,1983,35.27186965942383,,
41920,TGO,1983,0,NA,
SLE.1,TGO,1983,5.988580226898193,,
20183,TGO,1983,595,,UIS_EST
41918,TGO,1983,9999,,
GER.2T3.GPIA,TGO,1983,.3332200050354004,,
REPR.1.G2.F.CP,TGO,1983,32.90092086791992,,
REPR.1.G6.M.CP,TGO,1983,36.757080078125,,
SLE.2T3.M,TGO,1983,2.610009908676147,,
20163,TGO,1983,2132,,
41939,TGO,1983,0,NA,
SAP.1.G1.F,TGO,1983,47877,,
41914,TGO,1983,101173,,
SAP.1.F,TGO,1983,261828,,
41936,TGO,1983,12725,,
REPR.1.G1.CP,TGO,1983,38.36347961425781,,
GER.1,TGO,1983,93.94873809814453,,
40033,TGO,1983,4790,,
299902,TGO,1983,3,,
41909,TGO,1983,10160,,
21510,TGO,1983,25287,,
SR.1.GLAST.F.CP,TGO,1983,18.67411994934082,,
FTP.1,TGO,1983,20.87331008911133,,
REPR.2.G1.CP,TGO,1983,22.0031795501709,,
SAP.02,TGO,1983,309472,,
SAP.1.GLAST.F,TGO,1983,39664,,
40035,TGO,1983,297721,,
REPR.1.G6.CP,TGO,1983,37.00864028930664,,
41930,TGO,1983,0,NA,
299929,TGO,1983,3,,
SAP.2.G1.M,TGO,1983,38174,,
REPR.1.G4.CP,TGO,1983,25.52596092224121,,
REPR.1.M.CP,TGO,1983,32.74979019165039,,
REPR.1.G1.M.CP,TGO,1983,38.49773025512695,,
NERT.1.CP,TGO,1983,63.98920059204102,,
SAP.5T8.M,TGO,1983,135543,,
41927,TGO,1983,2726,,
SR.1.G4.M.CP,TGO,1983,52.96265029907227,,
SLE.1T8.F,TGO,1983,5.589809894561768,,
REPR.2.G2.F.CP,TGO,1983,25.37151908874512,,
41925,TGO,1983,1828,,
299905,TGO,1983,6,,
SLE.5T8.F,TGO,1983,.0209299996495247,,
GER.1T8.M,TGO,1983,61.27584075927734,,
10405,TGO,1983,1982,,
SLE.1T3.F,TGO,1983,5.568870067596436,,
REPR.2.G4.CP,TGO,1983,40.00162887573242,,
999977,TGO,1983,16,,
21506,TGO,1983,17629,,
FTP.2T3,TGO,1983,13.40694046020508,,UIS_EST
SLE.1.GPIA,TGO,1983,.6456800103187561,,
21508,TGO,1983,18736,,
SAP.1.GLAST.M,TGO,1983,39657,,
SLE.1T8.GPIA,TGO,1983,.5580999851226807,,
GER.1.F,TGO,1983,74.32666015625,,
SLE.2T3.GPIA,TGO,1983,.3332200050354004,,
21502,TGO,1983,29020,,
SLE.1T3,TGO,1983,7.727749824523926,,
REPR.2.G5.CP,TGO,1983,0,NA,
SR.1.G5.CP,TGO,1983,37.43653106689453,,
GER.1T3,TGO,1983,60.93442916870117,,
REPR.1.G2.M.CP,TGO,1983,31.79863929748535,,
SAP.2T3.M,TGO,1983,239506,,
GER.1T8,TGO,1983,48.26784133911133,,
SAP.1.M,TGO,1983,262212,,
41928,TGO,1983,0,NA,
42099,TGO,1983,8082,,
GTVP.2T3.GPV,TGO,1983,94.75676727294922,,
21504,TGO,1983,32547,,
SAP.1.AGM1.F,TGO,1983,49610,,
20061,TGO,1983,4603,,
SAP.1.G1,TGO,1983,95907,,
41907,TGO,1983,16654,,
GER.2T3.M,TGO,1983,37.28591156005859,,
SR.1.GLAST.GPIA,TGO,1983,.5694599747657776,,
SAP.5T8,TGO,1983,271681,,
999976,TGO,1983,4,,
41911,TGO,1983,16408,,
OFST.1.F.CP,TGO,1983,123998,,
SAP.5T8.F,TGO,1983,136138,,
SAP.3,TGO,1983,190372,,
SAP.1.AGM1.M,TGO,1983,49798,,
SAP.02.F,TGO,1983,154379,,
20083,TGO,1983,29804,,
GER.1T3.GPIA,TGO,1983,.5798500180244446,,
21507,TGO,1983,7469,,
25057,TGO,1984,661,,
SAP.1.AGM1.F,TGO,1984,51181,,
21505,TGO,1984,13073,,
20183,TGO,1984,565,,UIS_EST
SAP.1.GLAST.M,TGO,1984,41221,,
REPR.1.G2.M.CP,TGO,1984,33.38117980957031,,
SR.1.GLAST.F.CP,TGO,1984,22.51309967041016,,
20082,TGO,1984,101989,,
20163,TGO,1984,2143,,
PRP.02,TGO,1984,49.42689895629883,,
41909,TGO,1984,9995,,
20160,TGO,1984,343,,
NERT.1.F.CP,TGO,1984,46.20077133178711,,
SAP.1.AGM1.M,TGO,1984,51390,,
41933,TGO,1984,6496,,
40035,TGO,1984,278539,,
25003,TGO,1984,313,,UIS_EST
SAP.3.F,TGO,1984,98865,,
SAP.2.G1.F,TGO,1984,39693,,
41917,TGO,1984,4897,,
41918,TGO,1984,7590,,
X.US.FSGOV,TGO,1984,38.73392105102539,,
SAP.1.GLAST.F,TGO,1984,41224,,
SR.1.G4.GPIA,TGO,1984,.779229998588562,,
20062,TGO,1984,457376,,
X.USCONST.1.FSGOV,TGO,1984,37.03773880004883,,
REPR.1.G4.CP,TGO,1984,29.69485092163086,,
41907,TGO,1984,16942,,
REPR.1.G5.F.CP,TGO,1984,35.45040893554688,,
REPR.1.G5.M.CP,TGO,1984,32.24309921264648,,
GER.1.GPIA,TGO,1984,.6434900164604187,,
SLE.1T3.GPIA,TGO,1984,.5587599873542786,,
SLE.1T8,TGO,1984,6.864419937133789,,
41925,TGO,1984,1639,,
REPR.2.G1.M.CP,TGO,1984,22.7454891204834,,
SR.1.GLAST.M.CP,TGO,1984,43.1885986328125,,
X.USCONST.FSGOV,TGO,1984,101.245719909668,,
41908,TGO,1984,17899,,
SR.1.G5.GPIA,TGO,1984,.6670600175857544,,
21503,TGO,1984,12453,,
21506,TGO,1984,16962,,
SLE.1.GPIA,TGO,1984,.6357700228691101,,
299932,TGO,1984,6,,
REPR.2.G5.CP,TGO,1984,0,NA,
41915,TGO,1984,4365,,
REPR.2.G2.F.CP,TGO,1984,22.81940078735352,,
GER.2T3.F,TGO,1984,10.07227993011475,,
SAP.1,TGO,1984,543851,,
SAP.02.M,TGO,1984,159790,,
XGDP.2T3.FSGOV,TGO,1984,1.052569985389709,,
GER.1T3.GPIA,TGO,1984,.5740600228309631,,
SLE.1T8.M,TGO,1984,8.838120460510254,,
X.US.1.FSGOV,TGO,1984,14.16965007781982,,
SR.1.G4.M.CP,TGO,1984,62.44821166992188,,
X.USCONST.5T8.FSGOV,TGO,1984,26.00589942932129,,
999978,TGO,1984,3,,
REPR.2.G4.M.CP,TGO,1984,43.81718826293945,,
SLE.2T3.GPIA,TGO,1984,.3257899880409241,,
GER.1T8.M,TGO,1984,54.25601959228516,,
999977,TGO,1984,16,,
SLE.1T8.F,TGO,1984,4.89084005355835,,
21516,TGO,1984,163852,,
299929,TGO,1984,3,,
SLE.02.F,TGO,1984,.0864600017666817,,
41919,TGO,1984,0,NA,
OFST.1.M.CP,TGO,1984,84555,,
41930,TGO,1984,0,NA,
SLE.1T3,TGO,1984,6.789360046386719,,
GER.1T3.M,TGO,1984,68.22550964355469,,
41916,TGO,1984,3457,,
REPR.1.G4.F.CP,TGO,1984,32.35543823242188,,
SR.1.G5.M.CP,TGO,1984,53.40298080444336,,
42097,TGO,1984,6,,
SLE.1T8.GPIA,TGO,1984,.553380012512207,,
SLE.1T3.M,TGO,1984,8.711170196533203,,
SLE.2T3.F,TGO,1984,.7050600051879883,,
SAP.5T8.M,TGO,1984,140725,,
SR.1.G5.CP,TGO,1984,45.90301895141602,,
REPR.1.G1.F.CP,TGO,1984,39.84825134277344,,
21500,TGO,1984,46889,,
20162,TGO,1984,10145,,
41926,TGO,1984,1893,,
SAP.02,TGO,1984,318715,,
41934,TGO,1984,5096,,
21509,TGO,1984,6770,,
41921,TGO,1984,0,NA,
SLE.5T8,TGO,1984,.0750600025057793,,
REPR.1.G2.F.CP,TGO,1984,35.33927154541016,,
21501,TGO,1984,19479,,
SLE.5T8.F,TGO,1984,.0233900006860495,,
41911,TGO,1984,14744,,
20063,TGO,1984,178837,,
41914,TGO,1984,97503,,
GTVP.2T3.GPV,TGO,1984,94.0699462890625,,
41940,TGO,1984,32653,,
SLE.1,TGO,1984,5.355179786682129,,
10405,TGO,1984,1983,,
41920,TGO,1984,0,NA,
20060,TGO,1984,9248,,
REPR.1.G2.CP,TGO,1984,34.18405151367188,,
REPR.1.M.CP,TGO,1984,35.61798858642578,,
REPR.1.G3.CP,TGO,1984,36.48154830932617,,
GER.1T8,TGO,1984,42.57809066772461,,
21511,TGO,1984,7607,,
GER.2T3,TGO,1984,20.48818969726563,,
41938,TGO,1984,0,NA,
SAP.1.G1.F,TGO,1984,49477,,
GER.1,TGO,1984,84.09951019287109,,
SLE.1.M,TGO,1984,6.547049999237061,,
299902,TGO,1984,3,,
SAP.2,TGO,1984,300241,,
GER.1.F,TGO,1984,65.84063720703125,,
SAP.5T8,TGO,1984,282038,,
41931,TGO,1984,8541,,
XGDP.1.FSGOV,TGO,1984,1.451949954032898,,
SAP.3.M,TGO,1984,98688,,
41939,TGO,1984,0,NA,
42104,TGO,1984,3916,,UIS_EST
SAP.2T3.M,TGO,1984,248754,,
SAP.1.M,TGO,1984,272230,,
299905,TGO,1984,6,,
SAP.2T3.F,TGO,1984,249040,,
THDUR.2T3,TGO,1984,7,,
21504,TGO,1984,30972,,
REPR.1.G6.M.CP,TGO,1984,43.68148040771484,,
SAP.3,TGO,1984,197553,,
42099,TGO,1984,8002,,
X.USCONST.2T3.FSGOV,TGO,1984,26.84999084472656,,
SLE.02,TGO,1984,.0870499983429909,,
SR.1.GLAST.CP,TGO,1984,34.28084945678711,,
21507,TGO,1984,6967,,
GER.2T3.M,TGO,1984,30.91609001159668,,
SAP.2.F,TGO,1984,150175,,
SAP.1.G1,TGO,1984,99146,,
21517,TGO,1984,66349,,
21510,TGO,1984,22351,,
20061,TGO,1984,4580,,
NERT.1.CP,TGO,1984,57.58304977416992,,
SAP.2T3,TGO,1984,497794,,
SLE.5T8.M,TGO,1984,.1269499957561493,,
41929,TGO,1984,0,NA,
REPR.1.G4.M.CP,TGO,1984,28.02466011047363,,
REPR.2.G4.F.CP,TGO,1984,42.66633987426758,,
FTP.1,TGO,1984,21.12371063232422,,
REPR.1.G3.M.CP,TGO,1984,35.42697143554688,,
SR.1.GLAST.GPIA,TGO,1984,.5212699770927429,,
SAP.2.M,TGO,1984,150066,,
SLE.1T3.F,TGO,1984,4.86745023727417,,
SLE.5T8.GPIA,TGO,1984,.1842299997806549,,
REPR.2.G3.M.CP,TGO,1984,31.42526054382324,,
XGDP.5T8.FSGOV,TGO,1984,1.019479990005493,,
REPR.1.F.CP,TGO,1984,37.38824081420898,,
SLE.02.GPIA,TGO,1984,.98649001121521,,
41922,TGO,1984,22876,,
REPR.1.G3.F.CP,TGO,1984,38.02872085571289,,
REPR.1.G1.M.CP,TGO,1984,39.08486175537109,,
REPR.2.G1.F.CP,TGO,1984,24.93037986755371,,
41924,TGO,1984,2131,,
SAP.1.G1.M,TGO,1984,49669,,
OFST.1.F.CP,TGO,1984,146130,,
999975,TGO,1984,12,,
SLE.1.F,TGO,1984,4.162390232086182,,
20161,TGO,1984,337,,
FTP.2T3,TGO,1984,12.60879039764404,,UIS_EST
SR.1.G5.F.CP,TGO,1984,35.62303161621094,,
REPR.2.G5.M.CP,TGO,1984,0,NA,
PRP.1,TGO,1984,22.66953086853027,,
SAP.2.G1.M,TGO,1984,39688,,
X.US.5T8.FSGOV,TGO,1984,9.949159622192383,,
REPR.1.G5.CP,TGO,1984,33.40235900878906,,
REPR.2.G3.F.CP,TGO,1984,33.58055114746094,,
GER.1.M,TGO,1984,102.3175277709961,,
999976,TGO,1984,4,,
25053,TGO,1984,4234,,
20182,TGO,1984,4481,,UIS_EST
REPR.2.G2.M.CP,TGO,1984,21.19119071960449,,
41928,TGO,1984,0,NA,
SR.1.G4.CP,TGO,1984,56.7069091796875,,
42620,TGO,1984,3573,,
40033,TGO,1984,4668,,
X.US.2T3.FSGOV,TGO,1984,10.27208995819092,,
REPR.1.G6.F.CP,TGO,1984,42.5606689453125,,
GER.1T8.F,TGO,1984,30.90484046936035,,
SAP.1.GLAST,TGO,1984,82445,,
REPR.2.G2.CP,TGO,1984,21.63772010803223,,
20083,TGO,1984,25084,,
41937,TGO,1984,0,NA,
REPR.1.G6.CP,TGO,1984,43.31563186645508,,
41935,TGO,1984,6790,,
SAP.1.F,TGO,1984,271621,,
NERT.1.M.CP,TGO,1984,68.93987274169922,,
GER.2T3.GPIA,TGO,1984,.3257899880409241,,
21508,TGO,1984,17283,,
SAP.02.F,TGO,1984,158925,,
41927,TGO,1984,2238,,
40044,TGO,1984,76905,,
41936,TGO,1984,9828,,
SAP.2.G1,TGO,1984,79381,,
405,TGO,1984,1983,,
SLE.02.M,TGO,1984,.0876400023698807,,
41906,TGO,1984,27410,,
GER.1T3,TGO,1984,53.70016098022461,,
SAP.1.AGM1,TGO,1984,102571,,
GTVP.2T3.V,TGO,1984,5.930049896240234,,
SAP.5T8.F,TGO,1984,141313,,
FTP.02,TGO,1984,98.250732421875,,
SLE.2T3.M,TGO,1984,2.164129972457886,,
REPR.2.G4.CP,TGO,1984,43.56655883789063,,
SR.1.G4.F.CP,TGO,1984,48.66167068481445,,
REPR.2.G3.CP,TGO,1984,31.96146011352539,,
REPR.2.G1.CP,TGO,1984,23.3914909362793,,
41910,TGO,1984,10513,,
REPR.2.G5.F.CP,TGO,1984,0,NA,
SLE.2T3,TGO,1984,1.434170007705688,,
NERT.1.GPIA,TGO,1984,.6701599955558777,,
OFST.1.CP,TGO,1984,230685,,
GER.1T3.F,TGO,1984,39.16579055786133,,
GER.1T8.GPIA,TGO,1984,.5696099996566772,,
REPR.1.CP,TGO,1984,36.3101692199707,,
REPR.1.G1.CP,TGO,1984,39.40058135986328,,
21502,TGO,1984,29395,,
SLE.1.F,TGO,1985,3.914700031280518,,
42099,TGO,1985,8151,,
SR.1.GLAST.CP,TGO,1985,41.0105094909668,,
SAP.2,TGO,1985,311943,,
REPR.1.G5.M.CP,TGO,1985,31.44095993041992,,
GTVP.2T3.V,TGO,1985,5.988580226898193,,
41910,TGO,1985,11534,,
41936,TGO,1985,8238,,
REPR.1.G6.M.CP,TGO,1985,35.91086959838867,,
21505,TGO,1985,12740,,
SAP.3.M,TGO,1985,102296,,
41911,TGO,1985,15897,,
SR.1.G5.GPIA,TGO,1985,.6692000031471252,,
SLE.1T3,TGO,1985,6.349339962005615,,
REPR.2.G2.CP,TGO,1985,21.82467079162598,,
NERT.1.CP,TGO,1985,56.02965927124023,,
41915,TGO,1985,4086,,
40035,TGO,1985,278933,,
20061,TGO,1985,4640,,
REPR.1.G2.M.CP,TGO,1985,33.20549011230469,,
SAP.02.M,TGO,1985,164516,,
SAP.02.F,TGO,1985,163493,,
SAP.1.AGM1,TGO,1985,105506,,
21504,TGO,1985,30152,,
SAP.1.GLAST.M,TGO,1985,42788,,
21507,TGO,1985,7610,,
SAP.1.GLAST.F,TGO,1985,42751,,
20163,TGO,1985,2074,,
SAP.1,TGO,1985,563382,,
41940,TGO,1985,29010,,
REPR.1.G2.F.CP,TGO,1985,34.21081924438477,,
SR.1.G4.F.CP,TGO,1985,51.46319961547852,,
41934,TGO,1985,4360,,
REPR.1.M.CP,TGO,1985,34.93563079833984,,
21509,TGO,1985,7178,,
REPR.2.G5.F.CP,TGO,1985,0,NA,
GER.2T3.F,TGO,1985,8.480330467224121,,
GER.2T3.GPIA,TGO,1985,.3160600066184998,,
299932,TGO,1985,6,,
SAP.1.GLAST,TGO,1985,85539,,
SLE.2T3.GPIA,TGO,1985,.3160600066184998,,
SAP.2T3.M,TGO,1985,258239,,
SAP.2.G1.F,TGO,1985,41231,,
GER.1,TGO,1985,80.62184906005859,,
21517,TGO,1985,66864,,
THDUR.2T3,TGO,1985,7,,
SR.1.G5.F.CP,TGO,1985,40.08049011230469,,
20063,TGO,1985,175276,,
42097,TGO,1985,0,NIL,
SAP.2T3.F,TGO,1985,258457,,
REPR.2.G1.F.CP,TGO,1985,25.79734039306641,,
20083,TGO,1985,21918,,
41937,TGO,1985,0,NA,
SLE.1.M,TGO,1985,6.311140060424805,,
41938,TGO,1985,0,NA,
SAP.2.M,TGO,1985,155943,,
41926,TGO,1985,1630,,
REPR.1.G1.F.CP,TGO,1985,40.11243057250977,,
SLE.1,TGO,1985,5.113709926605225,,
41935,TGO,1985,6236,,
GER.1.F,TGO,1985,62.31327056884766,,
SLE.2T3.F,TGO,1985,.5936200022697449,,
21506,TGO,1985,18110,,
GTVP.2T3.GPV,TGO,1985,94.01142120361328,,
FTP.1,TGO,1985,20.28362083435059,,
999976,TGO,1985,4,,
21516,TGO,1985,166074,,
SAP.1.F,TGO,1985,281282,,
40044,TGO,1985,69289,,
SAP.1.M,TGO,1985,282100,,
SR.1.G4.M.CP,TGO,1985,67.57048034667969,,
SLE.02.GPIA,TGO,1985,1.00643002986908,,
41906,TGO,1985,26659,,
REPR.2.G4.CP,TGO,1985,48.975341796875,,
299902,TGO,1985,3,,
21502,TGO,1985,29869,,
SAP.1.G1.F,TGO,1985,51024,,
SR.1.G5.CP,TGO,1985,51.46086883544922,,
REPR.1.F.CP,TGO,1985,36.37406158447266,,
20082,TGO,1985,91207,,
REPR.1.G3.M.CP,TGO,1985,36.31108856201172,,
41907,TGO,1985,17208,,
GER.2T3.M,TGO,1985,26.83135032653809,,
REPR.1.CP,TGO,1985,35.4907112121582,,
21503,TGO,1985,12661,,
SAP.2.G1,TGO,1985,82459,,
21511,TGO,1985,7506,,
REPR.1.G4.M.CP,TGO,1985,27.56715965270996,,
SR.1.GLAST.M.CP,TGO,1985,50.38843154907227,,
GER.1T3,TGO,1985,50.49782943725586,,
SLE.02.F,TGO,1985,.0851399973034859,,
41931,TGO,1985,7071,,
REPR.2.G3.M.CP,TGO,1985,35.39921188354492,,
SAP.2T3,TGO,1985,516696,,
41921,TGO,1985,0,NA,
REPR.1.G3.F.CP,TGO,1985,38.74927139282227,,
SAP.2.F,TGO,1985,156000,,
REPR.2.G4.F.CP,TGO,1985,46.00727844238281,,
SR.1.GLAST.GPIA,TGO,1985,.5663400292396545,,
REPR.1.G4.F.CP,TGO,1985,30.20680046081543,,
41918,TGO,1985,6481,,
20161,TGO,1985,346,,
SLE.2T3.M,TGO,1985,1.878190040588379,,
REPR.2.G5.CP,TGO,1985,0,NA,
OFST.1.F.CP,TGO,1985,154661,,
SAP.5T8.F,TGO,1985,146697,,
SAP.1.AGM1.F,TGO,1985,52629,,
REPR.2.G3.CP,TGO,1985,35.33462142944336,,
GER.1T3.M,TGO,1985,64.44509887695313,,
999975,TGO,1985,12,,
SAP.5T8.M,TGO,1985,146110,,
REPR.2.G5.M.CP,TGO,1985,0,NA,
41914,TGO,1985,99210,,
41929,TGO,1985,0,NA,
SAP.02,TGO,1985,328009,,
41916,TGO,1985,3099,,
REPR.2.G2.F.CP,TGO,1985,24.55089950561523,,
SR.1.G5.M.CP,TGO,1985,59.89339828491211,,
SLE.02.M,TGO,1985,.0845900028944016,,
SAP.1.G1,TGO,1985,102251,,
40033,TGO,1985,4639,,
41928,TGO,1985,0,NA,
REPR.1.G6.CP,TGO,1985,35.92900085449219,,
405,TGO,1985,1984,,
20160,TGO,1985,346,,
SAP.2.G1.M,TGO,1985,41228,,
GER.1.GPIA,TGO,1985,.6302099823951721,,
REPR.1.G1.CP,TGO,1985,40.19697189331055,,
21500,TGO,1985,45828,,
41927,TGO,1985,1757,,
41920,TGO,1985,0,NA,
21508,TGO,1985,18712,,
SLE.1T3.M,TGO,1985,8.189339637756348,,
SLE.2T3,TGO,1985,1.235640048980713,,
OFST.1.M.CP,TGO,1985,93060,,
299929,TGO,1985,3,,
SAP.1.AGM1.M,TGO,1985,52877,,
SR.1.G4.CP,TGO,1985,60.78458023071289,,
41922,TGO,1985,20556,,
SLE.1T3.F,TGO,1985,4.508319854736328,,
SLE.1T3.GPIA,TGO,1985,.5505099892616272,,
REPR.2.G1.M.CP,TGO,1985,24.20218086242676,,
REPR.1.G1.M.CP,TGO,1985,40.2558708190918,,
REPR.1.G4.CP,TGO,1985,28.56613922119141,,
21510,TGO,1985,23403,,
SLE.02,TGO,1985,.0848700031638145,,
41925,TGO,1985,1261,,
41933,TGO,1985,5966,,
10405,TGO,1985,1984,,
GER.1T3.GPIA,TGO,1985,.5669199824333191,,
REPR.2.G4.M.CP,TGO,1985,49.77679824829102,,
GER.2T3,TGO,1985,17.65196990966797,,
20062,TGO,1985,454209,,
SAP.3,TGO,1985,204753,,
999977,TGO,1985,16,,
GER.1T3.F,TGO,1985,36.53506851196289,,
REPR.2.G1.CP,TGO,1985,24.64818000793457,,
OFST.1.CP,TGO,1985,247721,,
SR.1.GLAST.F.CP,TGO,1985,28.53697967529297,,
21501,TGO,1985,19169,,
20162,TGO,1985,10225,,
SLE.1.GPIA,TGO,1985,.6202800273895264,,
REPR.1.G6.F.CP,TGO,1985,35.96981048583984,,
299905,TGO,1985,6,,
GER.1.M,TGO,1985,98.87734985351563,,
REPR.1.G5.CP,TGO,1985,32.40359115600586,,
REPR.2.G2.M.CP,TGO,1985,20.8167896270752,,
REPR.1.G2.CP,TGO,1985,33.61582946777344,,
REPR.1.G3.CP,TGO,1985,37.29088973999023,,
SR.1.G4.GPIA,TGO,1985,.7616199851036072,,
SAP.3.F,TGO,1985,102457,,
41924,TGO,1985,1880,,
41909,TGO,1985,10500,,
REPR.2.G3.F.CP,TGO,1985,35.14165878295898,,
41939,TGO,1985,0,NA,
41930,TGO,1985,0,NA,
NERT.1.GPIA,TGO,1985,.6717600226402283,,
41908,TGO,1985,17412,,
NERT.1.F.CP,TGO,1985,45.01567840576172,,
NERT.1.M.CP,TGO,1985,67.01170349121094,,
41919,TGO,1985,0,NA,
41917,TGO,1985,4606,,
SAP.1.G1.M,TGO,1985,51227,,
SAP.5T8,TGO,1985,292807,,
FTP.02,TGO,1985,100,,
999978,TGO,1985,3,,
PRP.1,TGO,1985,22.40422058105469,,
REPR.1.G5.F.CP,TGO,1985,34.17264175415039,,
20060,TGO,1985,9279,,
PRP.02,TGO,1985,47.07403945922852,,
REPR.2.G3.M.CP,TGO,1986,35.93516159057617,,
SAP.1.AGM1.F,TGO,1986,54005,,
REPR.1.F.CP,TGO,1986,39.53250885009766,,
21503,TGO,1986,12242,,
SLE.1.M,TGO,1986,6.416450023651123,,
SR.1.GLAST.CP,TGO,1986,63.09226989746094,,
41917,TGO,1986,4815,,
SLE.2T3.F,TGO,1986,.602180004119873,,
42097,TGO,1986,0,NIL,
20163,TGO,1986,2008,,
OFST.1.CP,TGO,1986,279797,,
GER.2T3.GPIA,TGO,1986,.310589998960495,,
41914,TGO,1986,97447,,
999977,TGO,1986,16,,
SR.1.G4.CP,TGO,1986,80.31392669677734,,
SR.1.GLAST.GPIA,TGO,1986,.6733099818229675,,
SLE.1,TGO,1986,5.165120124816895,,
999975,TGO,1986,12,,
SLE.1.F,TGO,1986,3.912189960479736,,
SAP.1.G1.F,TGO,1986,52370,,
41921,TGO,1986,0,NA,
GER.1T3.M,TGO,1986,64.34825897216797,,
REPR.1.M.CP,TGO,1986,37.56660079956055,,
41916,TGO,1986,2727,,
41936,TGO,1986,8221,,
20182,TGO,1986,4351,,
21507,TGO,1986,6792,,
SLE.2T3.M,TGO,1986,1.938850045204163,,
SAP.2.M,TGO,1986,161588,,
REPR.2.G1.M.CP,TGO,1986,27.90885925292969,,
REPR.1.G6.F.CP,TGO,1986,47.50931167602539,,
41927,TGO,1986,1642,,
299932,TGO,1986,6,,
REPR.2.G1.F.CP,TGO,1986,30.92797088623047,,
40035,TGO,1986,285485,,
NERT.1.F.CP,TGO,1986,41.79896926879883,,
REPR.1.G4.CP,TGO,1986,30.03224945068359,,
20160,TGO,1986,364,,
SLE.1T3,TGO,1986,6.435460090637207,,
21508,TGO,1986,17310,,
41907,TGO,1986,17229,,
REPR.2.G2.CP,TGO,1986,20.96002006530762,,
REPR.2.G3.CP,TGO,1986,36.54737091064453,,
SAP.2T3.F,TGO,1986,267652,,
SAP.1.AGM1.M,TGO,1986,54309,,
SAP.2.F,TGO,1986,161582,,
41926,TGO,1986,1600,,
40044,TGO,1986,74095,,
NERT.1.GPIA,TGO,1986,.6747400164604187,,
41933,TGO,1986,5307,,
PRP.1,TGO,1986,23.36742973327637,,
REPR.1.G2.M.CP,TGO,1986,33.11682891845703,,
299902,TGO,1986,3,,
41930,TGO,1986,0,NA,
SLE.1.GPIA,TGO,1986,.6097099781036377,,
41925,TGO,1986,1189,,
41919,TGO,1986,0,NA,
SAP.1.M,TGO,1986,291291,,
REPR.1.G3.CP,TGO,1986,37.91849136352539,,
PRP.02,TGO,1986,47.97740936279297,,
41940,TGO,1986,28084,,
GER.1T3.GPIA,TGO,1986,.5581600069999695,,
REPR.1.G5.CP,TGO,1986,37.33401107788086,,
SAP.2.G1,TGO,1986,85384,,
42099,TGO,1986,8041,,
SR.1.G5.CP,TGO,1986,73.50666046142578,,
SR.1.G4.GPIA,TGO,1986,.8511300086975098,,
SAP.2.G1.F,TGO,1986,42675,,
41939,TGO,1986,0,NA,
SLE.02.M,TGO,1986,.0889099985361099,,
10405,TGO,1986,1985,,
SAP.1.AGM1,TGO,1986,108314,,
41920,TGO,1986,0,NA,
SAP.2T3,TGO,1986,535164,,
GER.1.GPIA,TGO,1986,.6234300136566162,,
299929,TGO,1986,3,,
42104,TGO,1986,3792,,
REPR.1.G1.F.CP,TGO,1986,42.60340118408203,,
FTP.2T3,TGO,1986,12.84762001037598,,
41909,TGO,1986,10180,,
REPR.2.G1.CP,TGO,1986,28.74712944030762,,
41918,TGO,1986,6579,,
SLE.1T3.GPIA,TGO,1986,.5403000116348267,,
SAP.5T8.F,TGO,1986,152047,,
20082,TGO,1986,97120,,
21505,TGO,1986,12566,,
SR.1.G4.M.CP,TGO,1986,85.47193908691406,,
41929,TGO,1986,0,NA,
REPR.1.G2.CP,TGO,1986,34.02328872680664,,
SLE.1T3.F,TGO,1986,4.514379978179932,,
REPR.2.G5.M.CP,TGO,1986,0,NA,
20162,TGO,1986,10049,,
21504,TGO,1986,30093,,
20061,TGO,1986,4733,,
REPR.1.G1.CP,TGO,1986,42.04888916015625,,
SR.1.G4.F.CP,TGO,1986,72.74730682373047,,
SR.1.G5.GPIA,TGO,1986,.7774400115013123,,
41922,TGO,1986,20066,,
20161,TGO,1986,364,,
21510,TGO,1986,18419,,
41935,TGO,1986,6415,,
21500,TGO,1986,48937,,
NERT.1.M.CP,TGO,1986,61.94869995117188,,
GER.2T3.M,TGO,1986,27.69782066345215,,
REPR.2.G4.M.CP,TGO,1986,37.4014892578125,,
SLE.2T3.GPIA,TGO,1986,.310589998960495,,
SR.1.GLAST.M.CP,TGO,1986,72.55618286132813,,
REPR.1.G4.M.CP,TGO,1986,28.64418983459473,,
SAP.02.F,TGO,1986,167800,,
SLE.1T3.M,TGO,1986,8.355299949645996,,
405,TGO,1986,1985,,
FTP.02,TGO,1986,100,,
SLE.02,TGO,1986,.0867699980735779,,
SLE.02.F,TGO,1986,.0846199989318848,,
REPR.1.G2.F.CP,TGO,1986,35.36973190307617,,
OFST.1.F.CP,TGO,1986,168957,,
41937,TGO,1986,0,NA,
41938,TGO,1986,0,NA,
999978,TGO,1986,3,,
REPR.1.G1.M.CP,TGO,1986,41.66921997070313,,
SAP.3.M,TGO,1986,105924,,
21506,TGO,1986,16972,,
GER.1T3,TGO,1986,50.14336013793945,,
SAP.5T8,TGO,1986,303495,,
SAP.2,TGO,1986,323170,,
FTP.1,TGO,1986,19.98208999633789,,
SAP.5T8.M,TGO,1986,151448,,
20062,TGO,1986,462858,,
NERT.1.CP,TGO,1986,51.89102172851563,,
SAP.3.F,TGO,1986,106070,,
999976,TGO,1986,4,,
41915,TGO,1986,3754,,
41908,TGO,1986,17527,,
20183,TGO,1986,559,,
REPR.2.G2.F.CP,TGO,1986,24.12148094177246,,
REPR.1.G3.M.CP,TGO,1986,36.58250045776367,,
SAP.1.G1.M,TGO,1986,52604,,
REPR.2.G5.CP,TGO,1986,0,NA,
41931,TGO,1986,6519,,
41928,TGO,1986,0,NA,
SAP.1.G1,TGO,1986,104974,,
REPR.2.G4.F.CP,TGO,1986,43.410400390625,,
GER.2T3.F,TGO,1986,8.60258960723877,,
20060,TGO,1986,9740,,
REPR.2.G5.F.CP,TGO,1986,0,NA,
21516,TGO,1986,161202,,
GER.2T3,TGO,1986,18.1477108001709,,
SAP.1.GLAST.F,TGO,1986,44281,,
GER.1.M,TGO,1986,98.00679779052734,,
REPR.1.G3.F.CP,TGO,1986,39.94771957397461,,
SR.1.G5.M.CP,TGO,1986,80.75122833251953,,
41910,TGO,1986,10877,,
SLE.2T3,TGO,1986,1.270339965820313,,
20063,TGO,1986,177373,,
REPR.1.G4.F.CP,TGO,1986,32.36140823364258,,
41934,TGO,1986,3916,,
REPR.1.G5.M.CP,TGO,1986,35.75434875488281,,
OFST.1.M.CP,TGO,1986,110840,,
REPR.1.G6.M.CP,TGO,1986,48.46797943115234,,
REPR.2.G4.CP,TGO,1986,38.64028930664063,,
SAP.1.F,TGO,1986,290299,,
GER.1T3.F,TGO,1986,35.91677093505859,,
SAP.02,TGO,1986,336743,,
SAP.3,TGO,1986,211994,,
THDUR.2T3,TGO,1986,7,,
41911,TGO,1986,12748,,
REPR.1.G5.F.CP,TGO,1986,40.26266098022461,,
21502,TGO,1986,29471,,
GER.1.F,TGO,1986,61.1001091003418,,
21511,TGO,1986,5671,,
GER.1,TGO,1986,79.58493041992188,,
21517,TGO,1986,63755,,
21501,TGO,1986,20051,,
SAP.1.GLAST.M,TGO,1986,44368,,
SAP.02.M,TGO,1986,168943,,
REPR.1.CP,TGO,1986,38.31996154785156,,
41906,TGO,1986,28886,,
299905,TGO,1986,6,,
GTVP.2T3.V,TGO,1986,5.67441987991333,,
SR.1.GLAST.F.CP,TGO,1986,48.85311889648438,,
REPR.1.G6.CP,TGO,1986,48.17356872558594,,
REPR.2.G2.M.CP,TGO,1986,19.81451034545898,,
40033,TGO,1986,5007,,
SAP.1.GLAST,TGO,1986,88649,,
20083,TGO,1986,23025,,
SLE.02.GPIA,TGO,1986,.9517199993133545,,
21509,TGO,1986,6433,,
41924,TGO,1986,1553,,
GTVP.2T3.GPV,TGO,1986,94.32557678222656,,
SAP.2.G1.M,TGO,1986,42709,,
SR.1.G5.F.CP,TGO,1986,62.77896881103516,,
SAP.1,TGO,1986,581590,,
SAP.2T3.M,TGO,1986,267512,,
REPR.2.G3.F.CP,TGO,1986,38.51631164550781,,
FTP.2T3,TGO,1987,12.13833999633789,,
SAP.2.G1,TGO,1987,88445,,
SR.1.G5.GPIA,TGO,1987,.7263500094413757,,
SR.1.GLAST.GPIA,TGO,1987,.649370014667511,,
GER.1.F,TGO,1987,65.39275360107422,,
SLE.1T8.GPIA,TGO,1987,.5367699861526489,,
SAP.3.M,TGO,1987,109704,,
X.USCONST.FSGOV,TGO,1987,95.44455718994141,,
REPR.1.M.CP,TGO,1987,30.99377059936523,,
41906,TGO,1987,32652,,
GER.2T3.M,TGO,1987,27.16217994689941,,
999978,TGO,1987,3,,
X.US.1.FSGOV,TGO,1987,18.93613052368164,,
XGDP.5T8.FSGOV,TGO,1987,.9211199879646301,,
999977,TGO,1987,16,,
21507,TGO,1987,7081,,
SLE.2T3.GPIA,TGO,1987,.3084200024604797,,
21509,TGO,1987,7511,,
GER.1T3,TGO,1987,52.84217071533203,,
41935,TGO,1987,6709,,
SAP.1.AGM1.F,TGO,1987,55505,,
299932,TGO,1987,6,,
20083,TGO,1987,23216,,
20061,TGO,1987,4746,,
X.US.2T3.FSGOV,TGO,1987,21.41169929504395,,
21502,TGO,1987,30590,,
SR.1.GLAST.M.CP,TGO,1987,62.80051040649414,,
SLE.1,TGO,1987,5.34621000289917,,
NERT.1.F.CP,TGO,1987,48.67290115356445,,
SLE.1T3.F,TGO,1987,4.646259784698486,,
GER.1.M,TGO,1987,105.0999908447266,,
GER.1T8.F,TGO,1987,29.9311408996582,,
REPR.1.F.CP,TGO,1987,33.42726898193359,,
X.USCONST.2T3.FSGOV,TGO,1987,34.68016815185547,,
SLE.1T8.M,TGO,1987,8.703539848327637,,
SAP.02.M,TGO,1987,173387,,
41909,TGO,1987,10517,,
GER.2T3,TGO,1987,17.76969909667969,,
SLE.02,TGO,1987,.0854799970984459,,
REPR.2.G3.M.CP,TGO,1987,38.68664169311523,,
SLE.5T8.M,TGO,1987,.1728200018405914,,
21516,TGO,1987,177367,,
SAP.3,TGO,1987,219514,,
GER.2T3.GPIA,TGO,1987,.3084200024604797,,
41925,TGO,1987,1112,,
41921,TGO,1987,0,NA,
NERT.1.GPIA,TGO,1987,.6619099974632263,,
SAP.1.G1,TGO,1987,107723,,
SAP.1.G1.M,TGO,1987,54008,,
REPR.2.G1.F.CP,TGO,1987,23.28828048706055,,
41919,TGO,1987,0,NA,
REPR.2.G4.M.CP,TGO,1987,43.02074813842773,,
NERT.1.M.CP,TGO,1987,73.53362274169922,,
41940,TGO,1987,29704,,
X.USCONST.5T8.FSGOV,TGO,1987,25.3243408203125,,
XGDP.2T3.FSGOV,TGO,1987,1.261420011520386,,
21500,TGO,1987,55510,,
41930,TGO,1987,0,NA,
GER.1.GPIA,TGO,1987,.6222000122070313,,
21504,TGO,1987,31056,,
299902,TGO,1987,3,,
41920,TGO,1987,0,NA,
405,TGO,1987,1986,,
41915,TGO,1987,5524,,
41914,TGO,1987,107247,,
21508,TGO,1987,19877,,
FTP.1,TGO,1987,20.23012924194336,,
41908,TGO,1987,18067,,
41922,TGO,1987,20602,,
40033,TGO,1987,5098,,
GER.1T3.GPIA,TGO,1987,.5609200000762939,,
41926,TGO,1987,1677,,
SLE.2T3.M,TGO,1987,1.901350021362305,,
XGDP.1.FSGOV,TGO,1987,1.115579962730408,,
GER.1T8.M,TGO,1987,53.97100830078125,,
21506,TGO,1987,17598,,
20060,TGO,1987,9844,,
41937,TGO,1987,0,NA,
SLE.02.M,TGO,1987,.0882100015878677,,
41916,TGO,1987,2521,,
REPR.2.G5.CP,TGO,1987,0,NA,
SAP.2T3.M,TGO,1987,277128,,
SAP.5T8.F,TGO,1987,157369,,
41917,TGO,1987,5032,,
21517,TGO,1987,70120,,
REPR.2.G3.F.CP,TGO,1987,40.33113098144531,,
SLE.5T8.F,TGO,1987,.0255800001323223,,
GER.1T8,TGO,1987,41.95566177368164,,
REPR.1.G6.F.CP,TGO,1987,18.24785041809082,,
25057,TGO,1987,805,,
REPR.1.G2.M.CP,TGO,1987,29.66860008239746,,
41933,TGO,1987,7877,,
X.US.FSGOV,TGO,1987,58.92794036865234,,
41924,TGO,1987,2353,,
REPR.1.G5.F.CP,TGO,1987,31.52886962890625,,
SR.1.G5.CP,TGO,1987,62.39395141601563,,
SAP.02,TGO,1987,345489,,
21511,TGO,1987,6886,,
REPR.1.G3.F.CP,TGO,1987,36.70792007446289,,
SLE.2T3,TGO,1987,1.243880033493042,,
REPR.2.G3.CP,TGO,1987,39.07973098754883,,
41907,TGO,1987,17795,,
X.US.5T8.FSGOV,TGO,1987,15.6353702545166,,
REPR.2.G2.M.CP,TGO,1987,20.52106094360352,,
SLE.1T8,TGO,1987,6.689139842987061,,
SLE.1.F,TGO,1987,4.059850215911865,,
SAP.1.GLAST.F,TGO,1987,45787,,
GER.1T8.GPIA,TGO,1987,.5545799732208252,,
REPR.2.G5.F.CP,TGO,1987,0,NA,
REPR.1.G4.F.CP,TGO,1987,27.5974292755127,,
SAP.5T8.M,TGO,1987,156752,,
SLE.1T3,TGO,1987,6.590089797973633,,
REPR.1.G2.CP,TGO,1987,30.8661994934082,,
REPR.1.G6.M.CP,TGO,1987,17.5792293548584,,
20082,TGO,1987,98490,,
SLE.02.GPIA,TGO,1987,.9379000067710876,,
21503,TGO,1987,12795,,
25003,TGO,1987,360,,UIS_EST
NERT.1.CP,TGO,1987,61.12771987915039,,
299905,TGO,1987,6,,
SR.1.G5.F.CP,TGO,1987,51.12007904052734,,
20182,TGO,1987,4424,,
OFST.1.CP,TGO,1987,232913,,
SR.1.G5.M.CP,TGO,1987,70.37914276123047,,
REPR.1.G4.CP,TGO,1987,25.65164947509766,,
SLE.1T3.M,TGO,1987,8.530719757080078,,
41936,TGO,1987,6485,,
42099,TGO,1987,8111,,
THDUR.2T3,TGO,1987,7,,
20063,TGO,1987,195523,,
21505,TGO,1987,12989,,
REPR.2.G4.F.CP,TGO,1987,46.90631103515625,,
10405,TGO,1987,1986,,
21510,TGO,1987,22736,,
REPR.1.CP,TGO,1987,31.92487907409668,,
REPR.1.G3.CP,TGO,1987,34.06100845336914,,
REPR.1.G2.F.CP,TGO,1987,32.66654968261719,,
41939,TGO,1987,0,NA,
REPR.1.G5.M.CP,TGO,1987,29.27150917053223,,
SR.1.GLAST.CP,TGO,1987,53.63351821899414,,
SAP.5T8,TGO,1987,314121,,
SAP.1.F,TGO,1987,298998,,
REPR.1.G5.CP,TGO,1987,30.06916046142578,,
GTVP.2T3.GPV,TGO,1987,93.70393371582031,,
999976,TGO,1987,4,,
REPR.2.G4.CP,TGO,1987,43.87464141845703,,
PRP.1,TGO,1987,23.25477981567383,,
SLE.5T8.GPIA,TGO,1987,.1480000019073486,,
20162,TGO,1987,10168,,
GTVP.2T3.V,TGO,1987,6.296070098876953,,
SAP.2.F,TGO,1987,167320,,
GER.1,TGO,1987,85.28543090820313,,
41911,TGO,1987,15850,,
SAP.1.M,TGO,1987,300177,,
SAP.1.G1.F,TGO,1987,53715,,
20163,TGO,1987,2057,,
SR.1.GLAST.F.CP,TGO,1987,40.78047943115234,,
OFST.1.F.CP,TGO,1987,153467,,
20160,TGO,1987,306,,
SAP.1.AGM1.M,TGO,1987,55851,,
SLE.1.GPIA,TGO,1987,.6123999953269958,,
41918,TGO,1987,4983,,
REPR.1.G3.M.CP,TGO,1987,32.33383178710938,,
SLE.02.F,TGO,1987,.0827300027012825,,
REPR.2.G5.M.CP,TGO,1987,0,NA,
REPR.2.G1.CP,TGO,1987,22.25564956665039,,
SAP.2T3,TGO,1987,554258,,
SAP.1.GLAST.M,TGO,1987,45911,,
GER.2T3.F,TGO,1987,8.377300262451172,,
REPR.2.G2.CP,TGO,1987,21.51936912536621,,
20161,TGO,1987,306,,
SAP.2.G1.M,TGO,1987,44264,,
41928,TGO,1987,0,NA,
REPR.2.G1.M.CP,TGO,1987,21.85137939453125,,
SAP.1,TGO,1987,599175,,
42097,TGO,1987,0,NIL,
SLE.1T3.GPIA,TGO,1987,.5446500182151794,,
X.USCONST.1.FSGOV,TGO,1987,30.67053031921387,,
20183,TGO,1987,537,,
41934,TGO,1987,3633,,
299929,TGO,1987,3,,
41931,TGO,1987,7288,,
SAP.1.GLAST,TGO,1987,91698,,
41927,TGO,1987,1502,,
SLE.1.M,TGO,1987,6.629370212554932,,
GER.1T3.F,TGO,1987,37.96707916259766,,
REPR.1.G1.M.CP,TGO,1987,40.09350967407227,,
OFST.1.M.CP,TGO,1987,79446,,
20062,TGO,1987,511009,,
SAP.2.M,TGO,1987,167424,,
SLE.5T8,TGO,1987,.0990500003099442,,
FTP.02,TGO,1987,100,,
40044,TGO,1987,75274,,
PRP.02,TGO,1987,50.66030120849609,,
SAP.2T3.F,TGO,1987,277130,,
42104,TGO,1987,3887,,
SR.1.G4.CP,TGO,1987,68.74571228027344,,
REPR.1.G1.CP,TGO,1987,39.60575866699219,,
999975,TGO,1987,12,,
SAP.02.F,TGO,1987,172102,,
42620,TGO,1987,5418,,
25053,TGO,1987,6223,,
SAP.1.AGM1,TGO,1987,111356,,
SR.1.G4.GPIA,TGO,1987,.8026999831199646,,
41910,TGO,1987,12366,,
REPR.2.G2.F.CP,TGO,1987,24.3702392578125,,
40035,TGO,1987,315486,,
SAP.2.G1.F,TGO,1987,44181,,
SR.1.G4.M.CP,TGO,1987,74.82747650146484,,
41929,TGO,1987,0,NA,
SLE.1T8.F,TGO,1987,4.671840190887451,,
21501,TGO,1987,22858,,
REPR.1.G4.M.CP,TGO,1987,24.46817016601563,,
REPR.1.G1.F.CP,TGO,1987,38.88816070556641,,
SAP.2,TGO,1987,334744,,
SAP.3.F,TGO,1987,109810,,
SR.1.G4.F.CP,TGO,1987,60.06386947631836,,
GER.1T3.M,TGO,1987,67.68692016601563,,
41938,TGO,1987,0,NA,
REPR.1.G6.CP,TGO,1987,17.78170967102051,,
SLE.2T3.F,TGO,1987,.5864099860191345,,
REPR.2.G5.F.CP,TGO,1988,0,NA,
SLE.02.F,TGO,1988,.0869100019335747,,
REPR.1.G3.M.CP,TGO,1988,38.08290863037109,,
41937,TGO,1988,0,NA,
41908,TGO,1988,17415,,
GER.1T8.M,TGO,1988,55.01253890991211,,
41929,TGO,1988,0,NA,
41917,TGO,1988,5579,,
REPR.1.G1.F.CP,TGO,1988,42.80498886108398,,
41921,TGO,1988,0,NA,
SAP.1.GLAST,TGO,1988,95067,,
41910,TGO,1988,10865,,
SLE.5T8,TGO,1988,.1090499982237816,,
SAP.1.G1.F,TGO,1988,55238,,
40035,TGO,1988,324108,,
SLE.2T3,TGO,1988,1.406360030174255,,
41922,TGO,1988,20484,,
SAP.02.M,TGO,1988,177870,,
GTVP.2T3.V,TGO,1988,5.92165994644165,,
SLE.1T3.F,TGO,1988,4.797329902648926,,
20062,TGO,1988,527853,,
REPR.1.G5.CP,TGO,1988,41.27951049804688,,
25057,TGO,1988,878,,
SAP.2T3,TGO,1988,574340,,
41915,TGO,1988,3758,,
21504,TGO,1988,30316,,
41934,TGO,1988,4249,,
41924,TGO,1988,1568,,
SLE.1T8,TGO,1988,6.870160102844238,,
GER.1T3,TGO,1988,53.99504852294922,,
999978,TGO,1988,3,,
OFST.1.F.CP,TGO,1988,154369,,
REPR.1.G4.M.CP,TGO,1988,30.49930000305176,,
GER.1T3.M,TGO,1988,68.92971801757813,,
REPR.1.F.CP,TGO,1988,41.28984832763672,,
SAP.3,TGO,1988,227621,,
SLE.1.GPIA,TGO,1988,.6218299865722656,,
SR.1.G5.M.CP,TGO,1988,67.02857971191406,,
SLE.5T8.F,TGO,1988,.0269600003957748,,
SLE.02.GPIA,TGO,1988,.9593700170516968,,
REPR.2.G1.CP,TGO,1988,33.33510971069336,,
SAP.02,TGO,1988,354332,,
REPR.2.G4.M.CP,TGO,1988,40.20756912231445,,
SR.1.G5.CP,TGO,1988,61.2806396484375,,
GER.1T8.GPIA,TGO,1988,.5590400099754333,,
GER.1.GPIA,TGO,1988,.6313700079917908,,
SAP.2.M,TGO,1988,173468,,
SLE.2T3.M,TGO,1988,2.119770050048828,,
SLE.1,TGO,1988,5.354740142822266,,
SR.1.G4.F.CP,TGO,1988,62.36516952514648,,
20183,TGO,1988,522,,
REPR.2.G4.F.CP,TGO,1988,43.28401947021484,,
REPR.2.G3.M.CP,TGO,1988,38.60168838500977,,
299902,TGO,1988,3,,
SAP.1.AGM1.F,TGO,1988,56898,,
41928,TGO,1988,0,NA,
999976,TGO,1988,4,,
299932,TGO,1988,6,,
GER.1.M,TGO,1988,104.8384323120117,,
40033,TGO,1988,5371,,
21505,TGO,1988,12901,,
20160,TGO,1988,353,,
41920,TGO,1988,0,NA,
SAP.1.G1,TGO,1988,110802,,
SR.1.G4.CP,TGO,1988,68.67787933349609,,
20061,TGO,1988,5112,,
41906,TGO,1988,35759,,
10405,TGO,1988,1987,,
FTP.1,TGO,1988,20.81823921203613,,
21500,TGO,1988,59333,,
21516,TGO,1988,163139,,
40044,TGO,1988,86984,,
SAP.2.G1.F,TGO,1988,45704,,
SLE.2T3.F,TGO,1988,.6926000118255615,,
SR.1.G5.F.CP,TGO,1988,52.67037963867188,,
SAP.1.AGM1,TGO,1988,114159,,
41914,TGO,1988,97781,,
GER.1T8.F,TGO,1988,30.75412940979004,,
21508,TGO,1988,17260,,
20060,TGO,1988,10483,,
41919,TGO,1988,0,NA,
25003,TGO,1988,375,,UIS_EST
REPR.1.G5.F.CP,TGO,1988,43.58638000488281,,
999977,TGO,1988,16,,
41933,TGO,1988,5326,,
41916,TGO,1988,3001,,
SR.1.G4.GPIA,TGO,1988,.8554099798202515,,
SAP.3.M,TGO,1988,113775,,
SAP.1,TGO,1988,616960,,
SAP.3.F,TGO,1988,113846,,
REPR.1.G1.M.CP,TGO,1988,41.87910079956055,,
20182,TGO,1988,4374,,
SLE.5T8.M,TGO,1988,.1914699971675873,,
NERT.1.CP,TGO,1988,61.87678146362305,,
REPR.1.M.CP,TGO,1988,39.20206069946289,,
41909,TGO,1988,9765,,
41925,TGO,1988,1248,,
42620,TGO,1988,6210,,
21509,TGO,1988,6395,,
299929,TGO,1988,3,,
GER.1.F,TGO,1988,66.19181060791016,,
REPR.1.G6.CP,TGO,1988,56.32905960083008,,
SLE.1T8.GPIA,TGO,1988,.5413100123405457,,
SAP.2T3.M,TGO,1988,287243,,
21517,TGO,1988,65358,,
REPR.1.G2.CP,TGO,1988,35.00677108764648,,
REPR.1.G3.CP,TGO,1988,39.53683853149414,,
REPR.2.G2.CP,TGO,1988,22.86574935913086,,
SLE.1T3,TGO,1988,6.761109828948975,,
REPR.2.G1.F.CP,TGO,1988,36.27323150634766,,
SR.1.GLAST.GPIA,TGO,1988,.68367999792099,,
SLE.1.M,TGO,1988,6.601029872894287,,
REPR.1.G5.M.CP,TGO,1988,40.02346038818359,,
GER.2T3.GPIA,TGO,1988,.3267300128936768,,
41930,TGO,1988,0,NA,
THDUR.2T3,TGO,1988,7,,
SR.1.GLAST.M.CP,TGO,1988,57.00891876220703,,
SR.1.GLAST.CP,TGO,1988,49.82638168334961,,
PRP.1,TGO,1988,23.48987007141113,,
SAP.1.M,TGO,1988,309150,,
SAP.1.AGM1.M,TGO,1988,57261,,
41940,TGO,1988,28588,,
REPR.2.G3.F.CP,TGO,1988,40.01617813110352,,
REPR.1.G3.F.CP,TGO,1988,41.7912483215332,,
405,TGO,1988,1987,,
NERT.1.F.CP,TGO,1988,49.84925842285156,,
20162,TGO,1988,10217,,
999975,TGO,1988,12,,
NERT.1.M.CP,TGO,1988,73.85218048095703,,
GER.1T8,TGO,1988,42.89007186889648,,
FTP.02,TGO,1988,100,,
REPR.2.G5.CP,TGO,1988,0,NA,
SAP.5T8,TGO,1988,324974,,
20163,TGO,1988,2127,,
20083,TGO,1988,28406,,
21501,TGO,1988,23574,,
SLE.1.F,TGO,1988,4.104730129241943,,
REPR.2.G1.M.CP,TGO,1988,32.1539306640625,,
GER.1,TGO,1988,85.55709075927734,,
SAP.2,TGO,1988,346719,,
299905,TGO,1988,6,,
21507,TGO,1988,6699,,
SLE.02.M,TGO,1988,.0905900001525879,,
SLE.1T8.F,TGO,1988,4.824289798736572,,
20161,TGO,1988,353,,
REPR.2.G5.M.CP,TGO,1988,0,NA,
GER.2T3.F,TGO,1988,9.894220352172852,,
FTP.2T3,TGO,1988,11.93416023254395,,
21503,TGO,1988,12950,,
SAP.2.G1.M,TGO,1988,45822,,
SR.1.G5.GPIA,TGO,1988,.7857900261878967,,
REPR.1.CP,TGO,1988,40.00791931152344,,
SAP.1.GLAST.F,TGO,1988,47459,,
SLE.1T8.M,TGO,1988,8.912269592285156,,
GER.1T3.GPIA,TGO,1988,.5661299824714661,,
SAP.2.F,TGO,1988,173251,,
41907,TGO,1988,17681,,
21511,TGO,1988,2839,,
42099,TGO,1988,8090,,
21506,TGO,1988,16464,,
SLE.5T8.GPIA,TGO,1988,.1408299952745438,,
SAP.1.G1.M,TGO,1988,55564,,
REPR.1.G1.CP,TGO,1988,42.26076889038086,,
21510,TGO,1988,9135,,
SR.1.GLAST.F.CP,TGO,1988,38.97589874267578,,
GTVP.2T3.GPV,TGO,1988,94.07833862304688,,
REPR.1.G6.F.CP,TGO,1988,56.9334716796875,,
OFST.1.CP,TGO,1988,235205,,
SAP.02.F,TGO,1988,176462,,
41939,TGO,1988,0,NA,
SAP.1.GLAST.M,TGO,1988,47608,,
25053,TGO,1988,7088,,
41936,TGO,1988,6776,,
SR.1.G4.M.CP,TGO,1988,72.90686798095703,,
41938,TGO,1988,0,NA,
41911,TGO,1988,6296,,
41935,TGO,1988,7406,,
41927,TGO,1988,1592,,
SAP.5T8.F,TGO,1988,162809,,
SAP.1.F,TGO,1988,307810,,
REPR.1.G2.M.CP,TGO,1988,33.90803909301758,,
GER.2T3.M,TGO,1988,30.28236961364746,,
REPR.1.G6.M.CP,TGO,1988,56.04602813720703,,
SLE.02,TGO,1988,.0887600034475327,,
21502,TGO,1988,30631,,
PRP.02,TGO,1988,54.55498886108398,,
SAP.2.G1,TGO,1988,91526,,
SLE.2T3.GPIA,TGO,1988,.3267300128936768,,
SLE.1T3.M,TGO,1988,8.720800399780273,,
41931,TGO,1988,7044,,
SAP.5T8.M,TGO,1988,162165,,
42097,TGO,1988,0,NIL,
REPR.2.G3.CP,TGO,1988,38.93775939941406,,
GER.2T3,TGO,1988,20.09089088439941,,
OFST.1.M.CP,TGO,1988,80836,,
20082,TGO,1988,115390,,
SAP.2T3.F,TGO,1988,287097,,
GER.1T3.F,TGO,1988,39.0230712890625,,
REPR.2.G2.F.CP,TGO,1988,26.45622062683105,,
REPR.2.G2.M.CP,TGO,1988,21.58596038818359,,
41926,TGO,1988,1827,,
REPR.1.G4.F.CP,TGO,1988,33.9752311706543,,
41918,TGO,1988,5184,,
42104,TGO,1988,3852,,
20063,TGO,1988,203745,,
REPR.1.G2.F.CP,TGO,1988,36.6785888671875,,
NERT.1.GPIA,TGO,1988,.6749899983406067,,
REPR.1.G4.CP,TGO,1988,31.79883003234863,,
SLE.1T3.GPIA,TGO,1988,.5501000285148621,,
REPR.2.G4.CP,TGO,1988,40.88595962524414,,
21508,TGO,1989,25003,,
REPR.2.G2.M.CP,TGO,1989,20.5569896697998,,
SR.1.GLAST.F.CP,TGO,1989,48.40457153320313,,
SAP.3.F,TGO,1989,117926,,
999975,TGO,1989,12,,
NERT.1.F.CP,TGO,1989,50.46781158447266,,
GER.1.F,TGO,1989,69.76940155029297,,
GTVP.2T3.V,TGO,1989,5.876649856567383,,
SAP.1.AGM1.M,TGO,1989,58768,,
299932,TGO,1989,6,,
SAP.1.AGM1.F,TGO,1989,58341,,
REPR.2.G1.M.CP,TGO,1989,16.81920051574707,,
SLE.2T3.GPIA,TGO,1989,.3138999938964844,,
SLE.1.M,TGO,1989,6.945610046386719,,
REPR.1.G4.F.CP,TGO,1989,31.90959930419922,,
REPR.1.G2.CP,TGO,1989,33.37197113037109,,
SLE.2T3,TGO,1989,1.298149943351746,,
NERT.1.CP,TGO,1989,62.45143890380859,,
41921,TGO,1989,0,NA,
GER.2T3.M,TGO,1989,28.22122955322266,,
OFST.1.F.CP,TGO,1989,156650,,
SAP.1.M,TGO,1989,317760,,
SLE.1,TGO,1989,5.649330139160156,,
SAP.1.GLAST.F,TGO,1989,48920,,
SLE.2T3.F,TGO,1989,.6201099753379822,,
SLE.1T3,TGO,1989,6.947480201721191,,
PRP.1,TGO,1989,23.78623962402344,,
21516,TGO,1989,211183,,
41918,TGO,1989,4804,,
21517,TGO,1989,84126,,
41925,TGO,1989,1408,,
41930,TGO,1989,0,NA,
42097,TGO,1989,0,NIL,
41934,TGO,1989,4631,,
SLE.1T8,TGO,1989,7.05826997756958,,
REPR.2.G4.F.CP,TGO,1989,33.86872863769531,,
THDUR.2T3,TGO,1989,7,,
SAP.2T3.M,TGO,1989,297588,,
SAP.5T8.F,TGO,1989,168565,,
20082,TGO,1989,110318,,
REPR.1.G1.F.CP,TGO,1989,41.42641067504883,,
21504,TGO,1989,37167,,
REPR.2.G5.CP,TGO,1989,0,NA,
SAP.1.GLAST.M,TGO,1989,49092,,
299905,TGO,1989,6,,
SLE.02.M,TGO,1989,.0798600018024445,,
SAP.2.G1.F,TGO,1989,47363,,
41927,TGO,1989,1463,,
REPR.2.G3.F.CP,TGO,1989,35.5526008605957,,
SR.1.G5.M.CP,TGO,1989,72.89148712158203,,
GER.2T3.GPIA,TGO,1989,.3138999938964844,,
20063,TGO,1989,220652,,
40044,TGO,1989,83983,,
SAP.5T8,TGO,1989,336494,,
GER.1T3.GPIA,TGO,1989,.5724599957466125,,
41935,TGO,1989,8101,,
OFST.1.CP,TGO,1989,238065,,
SAP.1.AGM1,TGO,1989,117109,,
21505,TGO,1989,15403,,
SLE.02.F,TGO,1989,.0815600007772446,,
REPR.1.CP,TGO,1989,35.27138137817383,,
REPR.1.G5.CP,TGO,1989,37.02639007568359,,
GER.1T8,TGO,1989,43.89743041992188,,
REPR.2.G1.CP,TGO,1989,16.85444068908691,,
21506,TGO,1989,21289,,
41908,TGO,1989,21764,,
SAP.2.G1,TGO,1989,94869,,
10405,TGO,1989,1988,,
SR.1.G5.CP,TGO,1989,67.97232818603516,,
20062,TGO,1989,569388,,
42104,TGO,1989,3899,,
REPR.2.G2.F.CP,TGO,1989,22.63534927368164,,
REPR.1.G4.M.CP,TGO,1989,28.60391998291016,,
SAP.1,TGO,1989,634019,,
20083,TGO,1989,26335,,
REPR.2.G5.F.CP,TGO,1989,0,NA,
41937,TGO,1989,0,NA,
SAP.1.G1.M,TGO,1989,56961,,
41939,TGO,1989,0,NA,
REPR.2.G5.M.CP,TGO,1989,0,NA,
SAP.2.M,TGO,1989,179712,,
41914,TGO,1989,127057,,
REPR.1.G3.F.CP,TGO,1989,39.43627166748047,,
SR.1.G4.CP,TGO,1989,73.87120819091797,,
GER.1T3,TGO,1989,55.31069946289063,,
41910,TGO,1989,15696,,
SLE.5T8,TGO,1989,.1107899993658066,,
20161,TGO,1989,335,,
21511,TGO,1989,7924,,
21510,TGO,1989,24582,,
21501,TGO,1989,27203,,
20163,TGO,1989,2102,,
405,TGO,1989,1988,,
REPR.2.G1.F.CP,TGO,1989,16.94144058227539,,
NERT.1.GPIA,TGO,1989,.6785299777984619,,
21500,TGO,1989,65153,,
41922,TGO,1989,25655,,
NERT.1.M.CP,TGO,1989,74.37846374511719,,
REPR.1.G1.M.CP,TGO,1989,40.78409957885742,,
SLE.02,TGO,1989,.0807000026106834,,
SLE.2T3.M,TGO,1989,1.975489974021912,,
41911,TGO,1989,16658,,
SR.1.G4.F.CP,TGO,1989,68.83168029785156,,
SAP.3,TGO,1989,235802,,
41940,TGO,1989,36791,,
SLE.1T3.F,TGO,1989,4.968870162963867,,
REPR.1.G2.F.CP,TGO,1989,34.85639190673828,,
41938,TGO,1989,0,NA,
41929,TGO,1989,0,NA,
SAP.2,TGO,1989,359066,,
REPR.1.G2.M.CP,TGO,1989,32.37126159667969,,
SLE.1T3.M,TGO,1989,8.921099662780762,,
REPR.1.G6.CP,TGO,1989,22.87434005737305,,
41931,TGO,1989,9502,,
20182,TGO,1989,4423,,
41916,TGO,1989,3223,,
FTP.02,TGO,1989,100,,
20160,TGO,1989,335,,
SLE.02.GPIA,TGO,1989,1.020840048789978,,
41928,TGO,1989,0,NA,
REPR.2.G3.M.CP,TGO,1989,33.12836837768555,,
41915,TGO,1989,8606,,
SAP.2.G1.M,TGO,1989,47506,,
299902,TGO,1989,3,,
SAP.2T3,TGO,1989,594868,,
REPR.1.F.CP,TGO,1989,36.88386917114258,,
41919,TGO,1989,0,NA,
SAP.1.F,TGO,1989,316259,,
REPR.1.G3.M.CP,TGO,1989,35.95452880859375,,
999976,TGO,1989,4,,
REPR.1.G4.CP,TGO,1989,29.83544921875,,
21509,TGO,1989,9307,,
SLE.1.F,TGO,1989,4.348770141601563,,
41909,TGO,1989,12785,,
GER.2T3.F,TGO,1989,8.858650207519531,,
41906,TGO,1989,37950,,
REPR.2.G3.CP,TGO,1989,33.69900894165039,,
OFST.1.M.CP,TGO,1989,81415,,
21502,TGO,1989,37989,,
SAP.2.F,TGO,1989,179354,,
REPR.1.M.CP,TGO,1989,34.25112152099609,,
999978,TGO,1989,3,,
REPR.1.G3.CP,TGO,1989,37.31708908081055,,
GER.1T3.M,TGO,1989,70.32102203369141,,
GER.1.GPIA,TGO,1989,.6357200145721436,,
REPR.2.G4.M.CP,TGO,1989,26.64180946350098,,
FTP.2T3,TGO,1989,11.84716033935547,,
21503,TGO,1989,15785,,
REPR.2.G4.CP,TGO,1989,28.25082015991211,,
SR.1.G4.GPIA,TGO,1989,.8911799788475037,,
SAP.2T3.F,TGO,1989,297280,,
SAP.02.M,TGO,1989,182388,,
GER.1,TGO,1989,89.80613708496094,,
GER.2T3,TGO,1989,18.54495048522949,,
SAP.3.M,TGO,1989,117876,,
21507,TGO,1989,8504,,
GER.1T3.F,TGO,1989,40.25611877441406,,
41924,TGO,1989,3903,,
REPR.1.G6.M.CP,TGO,1989,22.91138076782227,,
SLE.1T3.GPIA,TGO,1989,.5569800138473511,,
40035,TGO,1989,348736,,
SAP.1.GLAST,TGO,1989,98012,,
GER.1.M,TGO,1989,109.7482376098633,,
41920,TGO,1989,0,NA,
SAP.5T8.M,TGO,1989,167929,,
REPR.1.G5.F.CP,TGO,1989,39.06465148925781,,
SAP.02,TGO,1989,363256,,
41936,TGO,1989,6267,,
SR.1.G4.M.CP,TGO,1989,77.23683166503906,,
41933,TGO,1989,12509,,
20061,TGO,1989,4917,,
40033,TGO,1989,4855,,
41926,TGO,1989,1978,,
SR.1.GLAST.GPIA,TGO,1989,.7386999726295471,,
GTVP.2T3.GPV,TGO,1989,94.12335205078125,,
SR.1.G5.F.CP,TGO,1989,60.46731948852539,,
PRP.02,TGO,1989,51.58615875244141,,
REPR.1.G1.CP,TGO,1989,41.05282974243164,,
SAP.1.G1.F,TGO,1989,56616,,
42099,TGO,1989,8324,,
SLE.1.GPIA,TGO,1989,.6261199712753296,,
SR.1.G5.GPIA,TGO,1989,.82955002784729,,
20162,TGO,1989,10426,,
REPR.1.G5.M.CP,TGO,1989,35.91017150878906,,
REPR.1.G6.F.CP,TGO,1989,22.79368019104004,,
SR.1.GLAST.M.CP,TGO,1989,65.52629852294922,,
20183,TGO,1989,524,,
SAP.02.F,TGO,1989,180868,,
SAP.1.G1,TGO,1989,113577,,
41917,TGO,1989,6123,,
SR.1.GLAST.CP,TGO,1989,58.81293106079102,,
20060,TGO,1989,9772,,
REPR.2.G2.CP,TGO,1989,21.10013008117676,,
999977,TGO,1989,16,,
299929,TGO,1989,3,,
25053,TGO,1989,7456,,
FTP.1,TGO,1989,20.16114044189453,,
41907,TGO,1989,22204,,
SR.1.G4.F.CP,TGO,1990,67.47022247314453,,
40033,TGO,1990,5323,,
41929,TGO,1990,0,NA,
SR.1.GLAST.M.CP,TGO,1990,67.91970825195313,,
999975,TGO,1990,12,,
41926,TGO,1990,1869,,
SAP.1.F,TGO,1990,324642,,
SAP.02.M,TGO,1990,186982,,
SR.1.G4.M.CP,TGO,1990,78.8863525390625,,
REPR.2.G5.F.CP,TGO,1990,0,NA,
41910,TGO,1990,15255,,
SLE.1T8,TGO,1990,7.330160140991211,,
REPR.1.G5.F.CP,TGO,1990,41.00717163085938,,
SLE.2T3.M,TGO,1990,2.161240100860596,,
REPR.2.G5.CP,TGO,1990,0,NA,
OFST.1.CP,TGO,1990,235836,,
NERT.1.GPIA,TGO,1990,.6987000107765198,,
299905,TGO,1990,6,,
OFST.1.M.CP,TGO,1990,81426,,
SAP.1.GLAST,TGO,1990,100856,,
21506,TGO,1990,20906,,
21505,TGO,1990,15726,,
REPR.1.G3.CP,TGO,1990,39.20169067382813,,
41917,TGO,1990,5657,,
20161,TGO,1990,375,,
41933,TGO,1990,4114,,
REPR.2.G3.CP,TGO,1990,42.56010818481445,,
21503,TGO,1990,16226,,
41919,TGO,1990,0,NA,
REPR.2.G2.CP,TGO,1990,29.06426048278809,,
41938,TGO,1990,0,NA,
SR.1.G5.CP,TGO,1990,68.38855743408203,,
20182,TGO,1990,4553,,
SAP.2.G1,TGO,1990,97804,,
405,TGO,1990,1989,,
SAP.5T8.F,TGO,1990,174493,,
42620,TGO,1990,6794,,
SR.1.G5.GPIA,TGO,1990,.7979099750518799,,
REPR.1.CP,TGO,1990,38.7388801574707,,
OFST.1.F.CP,TGO,1990,154410,,
20061,TGO,1990,4877,,
REPR.1.G5.M.CP,TGO,1990,38.73303985595703,,
41934,TGO,1990,5190,,
REPR.1.G5.CP,TGO,1990,39.54040145874023,,
21516,TGO,1990,200831,,
SAP.1.AGM1.F,TGO,1990,59818,,
GER.2T3.F,TGO,1990,10.58998012542725,,
SAP.5T8.M,TGO,1990,173877,,
SLE.1T3.GPIA,TGO,1990,.5706499814987183,,
21511,TGO,1990,3838,,
41937,TGO,1990,0,NA,
41914,TGO,1990,119446,,
SAP.1.G1.M,TGO,1990,58458,,
SLE.1T8.M,TGO,1990,9.382519721984863,,
GER.1T8,TGO,1990,45.38653945922852,,
REPR.2.G4.M.CP,TGO,1990,41.81967163085938,,
SAP.1.G1,TGO,1990,116505,,
41935,TGO,1990,7526,,
21509,TGO,1990,9088,,
SAP.02.F,TGO,1990,185418,,
REPR.2.G2.F.CP,TGO,1990,29.39291954040527,,
SLE.1.F,TGO,1990,4.501359939575195,,
SAP.2.G1.M,TGO,1990,48985,,
NERT.1.CP,TGO,1990,63.77288055419922,,
41915,TGO,1990,2922,,
GTVP.2T3.GPV,TGO,1990,94.41520690917969,,
GER.1T8.GPIA,TGO,1990,.5785899758338928,,
42104,TGO,1990,4010,,
20083,TGO,1990,32577,,
SLE.1T8.F,TGO,1990,5.27223014831543,,
20162,TGO,1990,10739,,
SLE.2T3.GPIA,TGO,1990,.3429999947547913,,
FTP.1,TGO,1990,19.48040008544922,,
10405,TGO,1990,1989,,
SAP.02,TGO,1990,372400,,
25053,TGO,1990,7826,,
SAP.1.G1.F,TGO,1990,58047,,
299902,TGO,1990,3,,
SAP.1.AGM1.M,TGO,1990,60291,,
40035,TGO,1990,362772,,
41930,TGO,1990,0,NA,
SAP.2.M,TGO,1990,185963,,
SAP.3.F,TGO,1990,122148,,
REPR.2.G1.CP,TGO,1990,30.07085037231445,,
41920,TGO,1990,0,NA,
SLE.02.F,TGO,1990,.0789100006222725,,
999976,TGO,1990,4,,
REPR.1.F.CP,TGO,1990,39.93336868286133,,
SAP.2.F,TGO,1990,185473,,
20183,TGO,1990,543,,
REPR.2.G3.M.CP,TGO,1990,43.37604141235352,,
SAP.1.GLAST.M,TGO,1990,50515,,
REPR.2.G4.F.CP,TGO,1990,44.18545150756836,,
SAP.5T8,TGO,1990,348370,,
21504,TGO,1990,38025,,
REPR.2.G1.M.CP,TGO,1990,29.07756996154785,,
NERT.1.F.CP,TGO,1990,52.43684005737305,,
SR.1.G4.GPIA,TGO,1990,.8552799820899963,,
21502,TGO,1990,38579,,
21507,TGO,1990,8330,,
SLE.5T8,TGO,1990,.1123199984431267,,
REPR.2.G2.M.CP,TGO,1990,28.93866920471191,,
21517,TGO,1990,81385,,
REPR.1.G6.CP,TGO,1990,52.95561981201172,,
GER.1T3.F,TGO,1990,42.27798080444336,,
21501,TGO,1990,28177,,
THDUR.2T3,TGO,1990,7,,
REPR.1.M.CP,TGO,1990,37.96599960327148,,
SAP.1.GLAST.F,TGO,1990,50341,,
41922,TGO,1990,18910,,
SLE.1T3,TGO,1990,7.217840194702148,,
REPR.1.G6.M.CP,TGO,1990,52.34677124023438,,
40044,TGO,1990,95127,,
SAP.2.G1.F,TGO,1990,48819,,
SR.1.GLAST.CP,TGO,1990,59.99544143676758,,
41916,TGO,1990,3735,,
SAP.1,TGO,1990,650993,,
GER.1T3,TGO,1990,57.25082015991211,,
20063,TGO,1990,234731,,
REPR.1.G2.CP,TGO,1990,35.15370178222656,,
41908,TGO,1990,22299,,
GER.1T8.F,TGO,1990,33.2616081237793,,
21500,TGO,1990,66740,,
FTP.2T3,TGO,1990,11.9261999130249,,
41936,TGO,1990,4582,,
SR.1.GLAST.F.CP,TGO,1990,48.38323974609375,,
41927,TGO,1990,1223,,
REPR.2.G1.F.CP,TGO,1990,32.35771942138672,,
SAP.2,TGO,1990,371436,,
PRP.02,TGO,1990,55.09804153442383,,
REPR.1.G1.CP,TGO,1990,40.90700912475586,,
REPR.1.G6.F.CP,TGO,1990,54.2736701965332,,
SR.1.GLAST.GPIA,TGO,1990,.7123600244522095,,
20062,TGO,1990,597503,,
41940,TGO,1990,27758,,
SR.1.G5.F.CP,TGO,1990,59.48109817504883,,
REPR.1.G1.M.CP,TGO,1990,41.17829132080078,,
SAP.1.AGM1,TGO,1990,120109,,
20160,TGO,1990,376,,
GER.1,TGO,1990,91.78331756591797,,
SLE.1T3.M,TGO,1990,9.187150001525879,,
REPR.1.G4.CP,TGO,1990,29.50157928466797,,
20163,TGO,1990,2092,,
SR.1.G5.M.CP,TGO,1990,74.54576110839844,,
41918,TGO,1990,3359,,
REPR.1.G4.M.CP,TGO,1990,27.74964904785156,,
SLE.1T8.GPIA,TGO,1990,.5619199872016907,,
41907,TGO,1990,22353,,
41921,TGO,1990,0,NA,
SAP.1.M,TGO,1990,326351,,
SLE.02,TGO,1990,.0821700021624565,,
REPR.1.G4.F.CP,TGO,1990,32.43674087524414,,
41906,TGO,1990,38563,,
21508,TGO,1990,24343,,
GER.1.GPIA,TGO,1990,.6504499912261963,,
REPR.1.G2.F.CP,TGO,1990,36.34465026855469,,
41925,TGO,1990,1455,,
SAP.3.M,TGO,1990,122142,,
REPR.2.G3.F.CP,TGO,1990,40.07825088500977,,
GER.2T3.GPIA,TGO,1990,.3429999947547913,,
299932,TGO,1990,6,,
GER.2T3,TGO,1990,20.74039077758789,,
SLE.5T8.GPIA,TGO,1990,.1513600051403046,,
PRP.1,TGO,1990,23.81360054016113,,
SAP.3,TGO,1990,244290,,
25057,TGO,1990,1032,,
GTVP.2T3.V,TGO,1990,5.584790229797363,,
REPR.2.G4.CP,TGO,1990,42.39123916625977,,
SLE.2T3.F,TGO,1990,.7412999868392944,,
REPR.1.G2.M.CP,TGO,1990,34.31893920898438,,
REPR.2.G5.M.CP,TGO,1990,0,NA,
SLE.1.GPIA,TGO,1990,.6406800150871277,,
SAP.2T3,TGO,1990,615726,,
SLE.1T3.F,TGO,1990,5.242660045623779,,
SLE.02.GPIA,TGO,1990,.9239400029182434,,
41939,TGO,1990,0,NA,
GER.1.F,TGO,1990,72.30457305908203,,
GER.2T3.M,TGO,1990,30.8748607635498,,
GER.1T8.M,TGO,1990,57.48781967163086,,
41924,TGO,1990,1192,,
SLE.1,TGO,1990,5.76600980758667,,
41909,TGO,1990,12576,,
21510,TGO,1990,12238,,
REPR.1.G3.M.CP,TGO,1990,37.05863952636719,,
41928,TGO,1990,0,NA,
SLE.02.M,TGO,1990,.0854000002145767,,
SAP.2T3.F,TGO,1990,307621,,
999978,TGO,1990,3,,
REPR.1.G1.F.CP,TGO,1990,40.53667068481445,,
SLE.5T8.M,TGO,1990,.1953700035810471,,
SLE.5T8.F,TGO,1990,.0295700002461672,,
41911,TGO,1990,8400,,
999977,TGO,1990,16,,
NERT.1.M.CP,TGO,1990,75.049560546875,,
42097,TGO,1990,1,,
299929,TGO,1990,3,,
SAP.2T3.M,TGO,1990,308105,,
20082,TGO,1990,127704,,
20060,TGO,1990,10200,,
GER.1.M,TGO,1990,111.1600723266602,,
SLE.1.M,TGO,1990,7.025909900665283,,
41931,TGO,1990,6547,,
SLE.2T3,TGO,1990,1.45183002948761,,
42099,TGO,1990,8647,,
GER.1T3.GPIA,TGO,1990,.5857999920845032,,
SR.1.G4.CP,TGO,1990,74.15236663818359,,
REPR.1.G3.F.CP,TGO,1990,42.46512985229492,,
FTP.02,TGO,1990,99.73403930664063,,
GER.1T3.M,TGO,1990,72.17191314697266,,
SAP.5T8.F,TGO,1991,180610,,
REPR.2.G2.M.CP,TGO,1991,20.08889007568359,,
41928,TGO,1991,0,NA,
42099,TGO,1991,9020,,
41908,TGO,1991,24843,,
SAP.2,TGO,1991,383557,,
SR.1.G4.M.CP,TGO,1991,62.1513786315918,,
REPR.2.G2.CP,TGO,1991,20.92094039916992,,
20183,TGO,1991,529,,
299905,TGO,1991,6,,
41929,TGO,1991,0,NA,
REPR.1.G3.M.CP,TGO,1991,36.30165100097656,,
20062,TGO,1991,646962,,
REPR.1.CP,TGO,1991,37.342529296875,,
SLE.2T3.M,TGO,1991,2.208810091018677,,
SAP.2.G1.F,TGO,1991,50233,,
REPR.1.G4.F.CP,TGO,1991,30.37224960327148,,
REPR.1.G4.CP,TGO,1991,28.61972045898438,,
OFST.2.CP,TGO,1991,170101,,
FTP.02,TGO,1991,100,,
20063,TGO,1991,255642,,
NERT.2.GPIA,TGO,1991,.5351499915122986,,
41909,TGO,1991,13430,,
21504,TGO,1991,43537,,
41933,TGO,1991,10993,,
SAP.2.M,TGO,1991,192076,,
REPR.2.G4.CP,TGO,1991,41.43463134765625,,
GER.1.GPIA,TGO,1991,.657260000705719,,
999977,TGO,1991,16,,
40035,TGO,1991,391320,,
SAP.2.G1.M,TGO,1991,50407,,
41918,TGO,1991,5125,,
21507,TGO,1991,9370,,
SLE.1T3.GPIA,TGO,1991,.5730100274085999,,
OFST.1T2.F.CP,TGO,1991,266486,,
SLE.1T8.F,TGO,1991,5.540929794311523,,
SR.1.GLAST.M.CP,TGO,1991,46.89633941650391,,
SLE.02.M,TGO,1991,.0866599977016449,,
REPR.1.F.CP,TGO,1991,38.45729827880859,,
21501,TGO,1991,28854,,
SLE.02,TGO,1991,.0860000029206276,,
SLE.1.GPIA,TGO,1991,.6452599763870239,,
SAP.3,TGO,1991,253044,,
42620,TGO,1991,7717,,
SLE.1.M,TGO,1991,7.400539875030518,,
REPR.2.G2.F.CP,TGO,1991,23.06757926940918,,
REPR.1.G2.M.CP,TGO,1991,34.25202178955078,,
21505,TGO,1991,18694,,
21503,TGO,1991,18446,,
20061,TGO,1991,5409,,
41911,TGO,1991,17209,,
REPR.2.G1.F.CP,TGO,1991,20.88141059875488,,
GER.2T3,TGO,1991,19.72113990783691,,
41922,TGO,1991,29862,,
41926,TGO,1991,2561,,
SAP.3.M,TGO,1991,126569,,
NERT.2.CP,TGO,1991,55.65169906616211,,
SAP.1.F,TGO,1991,332996,,
SLE.5T8.M,TGO,1991,.2143000066280365,,
REPR.2.G5.CP,TGO,1991,0,NA,
OFST.2.F.CP,TGO,1991,117221,,
SAP.1.G1,TGO,1991,119479,,
20160,TGO,1991,383,,
20082,TGO,1991,125545,,
GER.2T3.M,TGO,1991,29.4305591583252,,
NERT.1.GPIA,TGO,1991,.7157999873161316,,
41927,TGO,1991,1725,,
21500,TGO,1991,68869,,
SAP.2.G1,TGO,1991,100640,,
SLE.5T8,TGO,1991,.1243399977684021,,
20162,TGO,1991,11105,,
NERT.2.M.CP,TGO,1991,72.46923065185547,,
REPR.1.G2.F.CP,TGO,1991,36.43384170532227,,
41915,TGO,1991,7411,,
10405,TGO,1991,1990,,
OFST.1.CP,TGO,1991,226047,,
REPR.2.G1.M.CP,TGO,1991,19.78322982788086,,
OFST.2.M.CP,TGO,1991,52880,,
41919,TGO,1991,0,NA,
GER.1T3.GPIA,TGO,1991,.5949500203132629,,
41934,TGO,1991,6563,,
NERT.1.M.CP,TGO,1991,77.08171081542969,,
20161,TGO,1991,383,,
41930,TGO,1991,0,NA,
SLE.02.GPIA,TGO,1991,.9846699833869934,,
42104,TGO,1991,3963,,
25057,TGO,1991,1252,,
SAP.2T3.M,TGO,1991,318645,,
SAP.5T8,TGO,1991,360664,,
OFST.1T2.M.CP,TGO,1991,129662,,
21511,TGO,1991,8242,,
GER.1T3.M,TGO,1991,74.21160888671875,,
41938,TGO,1991,0,NA,
41916,TGO,1991,4728,,
GER.1T8.F,TGO,1991,34.71298980712891,,
41906,TGO,1991,40015,,
SAP.1.G1.F,TGO,1991,59502,,
SR.1.G5.F.CP,TGO,1991,44.97808074951172,,
SAP.5T8.M,TGO,1991,180054,,
FTP.5T8,TGO,1991,9.595959663391113,,
SLE.2T3.F,TGO,1991,.7310000061988831,,
41940,TGO,1991,43040,,
21508,TGO,1991,27513,,
NERT.2.F.CP,TGO,1991,38.78192138671875,,
SAP.02.M,TGO,1991,191773,,
21516,TGO,1991,231466,,
GER.1T8.M,TGO,1991,59.11021041870117,,
SAP.1,TGO,1991,668021,,
NERT.1.CP,TGO,1991,66.16168975830078,,
SAP.02.F,TGO,1991,190154,,
20083,TGO,1991,31766,,
SLE.1T3.F,TGO,1991,5.506269931793213,,
SR.1.G4.F.CP,TGO,1991,53.70320129394531,,
SLE.2T3.GPIA,TGO,1991,.330949991941452,,
GER.1T8,TGO,1991,46.92742919921875,,
PRP.02,TGO,1991,50.63476181030273,,
41931,TGO,1991,10814,,
SAP.1.AGM1,TGO,1991,123007,,
REPR.1.G1.M.CP,TGO,1991,39.7847785949707,,
SAP.1.G1.M,TGO,1991,59977,,
SAP.2.F,TGO,1991,191481,,
SLE.1T8,TGO,1991,7.685070037841797,,
OFST.1.M.CP,TGO,1991,76782,,
SLE.1T3,TGO,1991,7.56072998046875,,
42097,TGO,1991,0,NIL,
SR.1.GLAST.GPIA,TGO,1991,.7478899955749512,,
GER.1,TGO,1991,96.84754943847656,,
41935,TGO,1991,10992,,
20060,TGO,1991,10949,,
GER.1T3,TGO,1991,59.21308898925781,,
41921,TGO,1991,0,NA,
999976,TGO,1991,4,,
SLE.1T8.M,TGO,1991,9.823639869689941,,
SLE.2T3,TGO,1991,1.470080018043518,,
REPR.2.G4.M.CP,TGO,1991,40.22269821166992,,
SLE.1T8.GPIA,TGO,1991,.5640400052070618,,
GTVP.2T3.V,TGO,1991,6.684460163116455,,
FTP.1,TGO,1991,18.77532958984375,,
41910,TGO,1991,17383,,
SLE.1T3.M,TGO,1991,9.609350204467773,,
SLE.5T8.F,TGO,1991,.0346600003540516,,
40033,TGO,1991,5540,,
21506,TGO,1991,22800,,
41917,TGO,1991,8431,,
GER.1T8.GPIA,TGO,1991,.5872600078582764,,
SR.1.G5.M.CP,TGO,1991,55.30792999267578,,
SR.1.GLAST.F.CP,TGO,1991,35.07342147827148,,
999975,TGO,1991,12,,
SAP.2T3.F,TGO,1991,317956,,
20182,TGO,1991,4492,,
41939,TGO,1991,0,NA,
41914,TGO,1991,137730,,
SAP.1.AGM1.F,TGO,1991,61255,,
SLE.1,TGO,1991,6.090660095214844,,
SR.1.G5.GPIA,TGO,1991,.8132299780845642,,
25003,TGO,1991,396,,
405,TGO,1991,1990,,
SR.1.G4.CP,TGO,1991,58.65750885009766,,
REPR.1.G6.CP,TGO,1991,42.21498870849609,,
REPR.1.G6.M.CP,TGO,1991,42.26829147338867,,
SAP.2T3,TGO,1991,636601,,
SAP.1.GLAST.M,TGO,1991,51859,,
SR.1.G4.GPIA,TGO,1991,.8640699982643127,,
SLE.1.F,TGO,1991,4.775269985198975,,
41936,TGO,1991,6850,,
21502,TGO,1991,43296,,
GTVP.2T3.GPV,TGO,1991,93.31553649902344,,
REPR.1.G5.CP,TGO,1991,39.62604141235352,,
REPR.2.G5.M.CP,TGO,1991,0,NA,
21517,TGO,1991,93736,,
REPR.1.G5.M.CP,TGO,1991,38.88470077514648,,
REPR.1.G4.M.CP,TGO,1991,27.56108093261719,,
SR.1.G5.CP,TGO,1991,51.07054901123047,,
GER.1.M,TGO,1991,116.80322265625,,
OFST.1.F.CP,TGO,1991,149265,,
SAP.1.M,TGO,1991,335025,,
SAP.1.AGM1.M,TGO,1991,61752,,
GER.1.F,TGO,1991,76.77028656005859,,
41937,TGO,1991,0,NA,
SLE.02.F,TGO,1991,.0853400006890297,,
20163,TGO,1991,2085,,
299929,TGO,1991,3,,
41907,TGO,1991,24850,,
41924,TGO,1991,3582,,
SR.1.GLAST.CP,TGO,1991,42.10808181762695,,
REPR.1.G5.F.CP,TGO,1991,40.99356079101563,,
43617,TGO,1991,358,,
REPR.1.G1.F.CP,TGO,1991,40.68177032470703,,
REPR.1.G3.CP,TGO,1991,37.64326858520508,,
41925,TGO,1991,1835,,
SLE.5T8.GPIA,TGO,1991,.1617400050163269,,
PRP.1,TGO,1991,24.94351005554199,,
SAP.02,TGO,1991,381927,,
REPR.2.G3.M.CP,TGO,1991,34.28826904296875,,
REPR.2.G3.CP,TGO,1991,35.34006881713867,,
999978,TGO,1991,3,,
SAP.1.GLAST.F,TGO,1991,51650,,
25053,TGO,1991,8969,,
FTP.2T3,TGO,1991,11.77649021148682,,
REPR.1.M.CP,TGO,1991,36.61428070068359,,
GER.1T3.F,TGO,1991,44.15195083618164,,
OFST.1T2.CP,TGO,1991,396148,,
SAP.3.F,TGO,1991,126475,,
25007,TGO,1991,38,,
21509,TGO,1991,10130,,
REPR.1.G3.F.CP,TGO,1991,39.61048126220703,,
REPR.2.G4.F.CP,TGO,1991,45.21038055419922,,
GER.2T3.F,TGO,1991,9.990690231323242,,
NERT.1.F.CP,TGO,1991,55.17514038085938,,
REPR.1.G1.CP,TGO,1991,40.16683959960938,,
THDUR.2T3,TGO,1991,7,,
REPR.2.G1.CP,TGO,1991,20.11269950866699,,
21510,TGO,1991,25451,,
GER.2T3.GPIA,TGO,1991,.3394699990749359,,
299932,TGO,1991,6,,
299902,TGO,1991,3,,
REPR.1.G2.CP,TGO,1991,35.16199111938477,,
REPR.2.G3.F.CP,TGO,1991,38.48088836669922,,
REPR.1.G6.F.CP,TGO,1991,42.10290908813477,,
REPR.2.G5.F.CP,TGO,1991,0,NA,
41920,TGO,1991,0,NA,
SAP.1.GLAST,TGO,1991,103509,,
40044,TGO,1991,93779,,
SAP.02.M,TGO,1992,196547,,
GER.1T8.F,TGO,1992,34.28219985961914,,
20083,TGO,1992,31567,,
40035,TGO,1992,391695,,
X.PPP.1.FSGOV,TGO,1992,59.27273178100586,,
41906,TGO,1992,39671,,
299932,TGO,1992,6,,
SAP.3.M,TGO,1992,131079,,
21507,TGO,1992,9440,,
SLE.5T8,TGO,1992,.1368499994277954,,
40044,TGO,1992,96264,,
GER.2T3.F,TGO,1992,9.620710372924805,,
X.PPPCONST.5T8.FSGOV,TGO,1992,97.45345306396484,,
SLE.1T3.F,TGO,1992,5.257820129394531,,
21502,TGO,1992,46398,,
GER.1.F,TGO,1992,76.40618133544922,,
20162,TGO,1992,10230,,
SAP.02,TGO,1992,391443,,
SAP.3.F,TGO,1992,130844,,
SLE.5T8.M,TGO,1992,.2413700073957443,,
SAP.1.F,TGO,1992,341403,,
41924,TGO,1992,1701,,
SLE.2T3.GPIA,TGO,1992,.3288600146770477,,
SLE.2T3.F,TGO,1992,.6734499931335449,,
21505,TGO,1992,19057,,
XGDP.02.FSGOV,TGO,1992,0,NIL,
999977,TGO,1992,16,,
SAP.1.GLAST,TGO,1992,106235,,
X.PPPCONST.UK.FSGOV,TGO,1992,12.16711044311523,,
25003,TGO,1992,396,,
SLE.1T3,TGO,1992,7.075920104980469,,
41937,TGO,1992,0,NA,
PRP.1,TGO,1992,24.5986499786377,,
SLE.1T8.M,TGO,1992,9.125650405883789,,
41917,TGO,1992,6511,,
SAP.5T8.F,TGO,1992,187017,,
SLE.1T3.M,TGO,1992,8.884280204772949,,
41916,TGO,1992,3842,,
SLE.1.M,TGO,1992,6.836440086364746,,
X.USCONST.1.FSGOV,TGO,1992,39.953369140625,,
X.PPPCONST.1.FSGOV,TGO,1992,97.7098388671875,,
GER.1.GPIA,TGO,1992,.6705800294876099,,
X.USCONST.FSGOV,TGO,1992,121.1896667480469,,
REPR.2.G5.F.CP,TGO,1992,0,NA,
SAP.02.F,TGO,1992,194896,,
41910,TGO,1992,19608,,
41907,TGO,1992,26347,,
GTVP.2T3.GPV,TGO,1992,94.10002136230469,,
SAP.1.GLAST.F,TGO,1992,52981,,
41920,TGO,1992,0,NA,
GER.1T8,TGO,1992,46.07508850097656,,
SLE.5T8.F,TGO,1992,.0325900018215179,,
25053,TGO,1992,10224,,
42099,TGO,1992,8739,,
SAP.2,TGO,1992,395245,,
SLE.1T8.F,TGO,1992,5.290410041809082,,
41927,TGO,1992,2020,,
X.PPPCONST.FSGOV,TGO,1992,296.3810729980469,,
SLE.2T3,TGO,1992,1.361629962921143,,
20063,TGO,1992,260853,,
41933,TGO,1992,5461,,
X.US.1.FSGOV,TGO,1992,31.67457008361816,,
SAP.2.M,TGO,1992,197974,,
25057,TGO,1992,1219,,
41934,TGO,1992,5552,,
21511,TGO,1992,8461,,
SAP.1.GLAST.M,TGO,1992,53254,,
XGDP.5T8.FSGOV,TGO,1992,1.373180031776428,,
SAP.2T3.F,TGO,1992,328115,,
21517,TGO,1992,98313,,
20062,TGO,1992,652548,,
X.PPP.UK.FSGOV,TGO,1992,7.380809783935547,,
41940,TGO,1992,35209,,
299929,TGO,1992,3,,
42620,TGO,1992,9005,,
21500,TGO,1992,69769,,
X.PPPCONST.02.FSGOV,TGO,1992,0,NIL,
X.PPP.5T8.FSGOV,TGO,1992,59.11719131469727,,
41908,TGO,1992,25609,,
GER.1.M,TGO,1992,113.9406814575195,,
X.US.UK.FSGOV,TGO,1992,3.944210052490234,,
FTP.1,TGO,1992,14.57478046417236,,
X.US.2T3.FSGOV,TGO,1992,28.86754035949707,,
41936,TGO,1992,7619,,
21508,TGO,1992,30814,,
10405,TGO,1992,1991,,
405,TGO,1992,1991,,
25007,TGO,1992,38,,
X.US.02.FSGOV,TGO,1992,0,NIL,
SLE.1.F,TGO,1992,4.584370136260986,,
41935,TGO,1992,8958,,
SAP.1.AGM1.M,TGO,1992,63337,,
FTP.5T8,TGO,1992,9.595959663391113,,
20163,TGO,1992,1491,,
SLE.1T8.GPIA,TGO,1992,.5797299742698669,,
GER.1T3,TGO,1992,58.1356315612793,,
41911,TGO,1992,17863,,
X.PPP.FSGOV,TGO,1992,179.7906341552734,,
X.USCONST.02.FSGOV,TGO,1992,0,NIL,
SAP.1.AGM1.F,TGO,1992,62825,,
GER.1T3.GPIA,TGO,1992,.6022300124168396,,
999975,TGO,1992,12,,
SAP.2T3.M,TGO,1992,329053,,
GER.1T8.GPIA,TGO,1992,.5928199887275696,,
41928,TGO,1992,0,NA,
21509,TGO,1992,11206,,
SAP.2.F,TGO,1992,197271,,
21516,TGO,1992,241592,,
41926,TGO,1992,2447,,
999976,TGO,1992,4,,
41921,TGO,1992,0,NA,
SLE.5T8.GPIA,TGO,1992,.1350300014019012,,
41919,TGO,1992,0,NA,
X.PPPCONST.2T3.FSGOV,TGO,1992,89.05068206787109,,
THDUR.2T3,TGO,1992,7,,
21503,TGO,1992,20051,,
SAP.5T8.M,TGO,1992,186542,,
X.US.FSGOV,TGO,1992,96.07778167724609,,
41938,TGO,1992,0,NA,
41929,TGO,1992,0,NA,
41931,TGO,1992,9001,,
GER.2T3,TGO,1992,19.4517993927002,,
41939,TGO,1992,0,NA,
21501,TGO,1992,30098,,
SAP.2.G1.M,TGO,1992,51746,,
41918,TGO,1992,5599,,
299902,TGO,1992,3,,
SAP.1.G1.F,TGO,1992,60921,,
SAP.2.G1,TGO,1992,103281,,
X.USCONST.UK.FSGOV,TGO,1992,4.975110054016113,,
GER.1T3.M,TGO,1992,72.52401733398438,,
41925,TGO,1992,1710,,
GER.2T3.GPIA,TGO,1992,.3288600146770477,,
41909,TGO,1992,14181,,
SAP.1,TGO,1992,685174,,
SAP.1.G1.M,TGO,1992,61427,,
21504,TGO,1992,44666,,
SLE.1.GPIA,TGO,1992,.6705800294876099,,
GER.1T8.M,TGO,1992,57.82913970947266,,
SAP.1.G1,TGO,1992,122348,,
SAP.5T8,TGO,1992,373559,,
SAP.1.AGM1,TGO,1992,126162,,
20082,TGO,1992,127831,,
GTVP.2T3.V,TGO,1992,5.899980068206787,,
SLE.1T8,TGO,1992,7.212769985198975,,
GER.2T3.M,TGO,1992,29.25485992431641,,
SLE.1T3.GPIA,TGO,1992,.5918099880218506,,
41915,TGO,1992,3760,,
XGDP.1.FSGOV,TGO,1992,1.376799941062927,,
999978,TGO,1992,3,,
X.US.5T8.FSGOV,TGO,1992,31.59145927429199,,
REPR.2.G5.M.CP,TGO,1992,0,NA,
X.PPP.2T3.FSGOV,TGO,1992,54.0199089050293,,
21510,TGO,1992,26324,,
41914,TGO,1992,143279,,
21506,TGO,1992,23621,,
GER.1T3.F,TGO,1992,43.67620086669922,,
SLE.1,TGO,1992,5.714300155639648,,
SAP.2.G1.F,TGO,1992,51535,,
X.USCONST.5T8.FSGOV,TGO,1992,39.84852981567383,,
X.USCONST.2T3.FSGOV,TGO,1992,36.41265869140625,,
41930,TGO,1992,0,NA,
GER.1,TGO,1992,95.23828887939453,,
SAP.2T3,TGO,1992,657168,,
SAP.1.M,TGO,1992,343771,,
43617,TGO,1992,358,,
XGDP.2T3.FSGOV,TGO,1992,1.254780054092407,,
SLE.2T3.M,TGO,1992,2.047840118408203,,
SAP.3,TGO,1992,261923,,
X.PPP.02.FSGOV,TGO,1992,0,NIL,
41922,TGO,1992,24035,,
REPR.2.G5.CP,TGO,1992,0,NA,
299905,TGO,1992,6,,
REPR.2.G5.CP,TGO,1993,0,NA,
SAP.02,TGO,1993,400639,,
299929,TGO,1993,3,,
REPR.2.G5.F.CP,TGO,1993,0,NA,
SAP.1.AGM1.M,TGO,1993,65046,,
SAP.1.AGM1.F,TGO,1993,64489,,
SAP.1.F,TGO,1993,349968,,
SAP.5T8,TGO,1993,387015,,
25003,TGO,1993,422,,
SAP.2.M,TGO,1993,203586,,
SAP.2.G1,TGO,1993,105998,,
SAP.2T3,TGO,1993,677537,,
41921,TGO,1993,0,NA,
SAP.02.F,TGO,1993,199491,,
42620,TGO,1993,7833,,
41930,TGO,1993,0,NA,
SAP.1.AGM1,TGO,1993,129535,,
SAP.5T8.F,TGO,1993,193672,,
SLE.5T8.F,TGO,1993,.0281899999827147,,
999975,TGO,1993,12,,
REPR.2.G5.M.CP,TGO,1993,0,NA,
SAP.3,TGO,1993,271227,,
SLE.5T8,TGO,1993,.1153099983930588,,
SAP.3.F,TGO,1993,135420,,
25053,TGO,1993,8925,,
299932,TGO,1993,6,,
SAP.1.GLAST,TGO,1993,109227,,
41929,TGO,1993,0,NA,
SAP.1.G1.F,TGO,1993,62469,,
SAP.02.M,TGO,1993,201148,,
SAP.1.G1,TGO,1993,125476,,
SAP.2,TGO,1993,406310,,
299902,TGO,1993,3,,
41920,TGO,1993,0,NA,
10405,TGO,1993,1992,,
SLE.5T8.M,TGO,1993,.2025700062513351,,
41938,TGO,1993,0,NA,
SAP.2T3.M,TGO,1993,339393,,
SAP.1,TGO,1993,702655,,
41937,TGO,1993,0,NA,
SAP.1.GLAST.F,TGO,1993,54450,,
43617,TGO,1993,383,,
41939,TGO,1993,0,NA,
405,TGO,1993,1992,,
SAP.2.G1.M,TGO,1993,53139,,
SAP.1.M,TGO,1993,352687,,
SAP.5T8.M,TGO,1993,193343,,
FTP.5T8,TGO,1993,9.24170970916748,,
THDUR.2T3,TGO,1993,7,,
999976,TGO,1993,4,,
999978,TGO,1993,3,,
25007,TGO,1993,39,,
41928,TGO,1993,0,NA,
SAP.1.GLAST.M,TGO,1993,54777,,
SAP.1.G1.M,TGO,1993,63007,,
SAP.2.G1.F,TGO,1993,52859,,
999977,TGO,1993,16,,
SLE.5T8.GPIA,TGO,1993,.1391700059175491,,
SAP.3.M,TGO,1993,135807,,
41919,TGO,1993,0,NA,
299905,TGO,1993,6,,
SAP.2T3.F,TGO,1993,338144,,
25057,TGO,1993,1092,,
SAP.2.F,TGO,1993,202724,,
40035,TGO,1994,397874,,
41911,TGO,1994,19525,,
SLE.1T8,TGO,1994,7.763629913330078,,
SAP.1.G1.M,TGO,1994,60299,,
GER.2T3.M,TGO,1994,30.72736930847168,,
40033,TGO,1994,5291,,
GER.1.M,TGO,1994,118.031982421875,,
999977,TGO,1994,16,,
SLE.02.F,TGO,1994,.0826200023293495,,
SAP.5T8,TGO,1994,373689,,
GER.1T8,TGO,1994,47.59891891479492,,
SAP.3.F,TGO,1994,130471,,
20163,TGO,1994,2007,,
25057,TGO,1994,1127,,
SLE.02.M,TGO,1994,.0828600004315376,,
SAP.1,TGO,1994,671275,,
REPR.2.G3.M.CP,TGO,1994,32.1528205871582,,
41906,TGO,1994,52683,,
41939,TGO,1994,0,NA,
41908,TGO,1994,32366,,
20063,TGO,1994,265252,,
21503,TGO,1994,24836,,
41935,TGO,1994,10402,,
PRP.02,TGO,1994,44.76533889770508,,
REPR.1.M.CP,TGO,1994,37.24671936035156,,
41916,TGO,1994,6051,,
NERT.1.CP,TGO,1994,66.99371337890625,,
SLE.5T8.GPIA,TGO,1994,.137470006942749,,
FTP.1,TGO,1994,16.07271957397461,,
REPR.2.G4.CP,TGO,1994,50.25320053100586,,
21509,TGO,1994,13173,,
REPR.2.G1.M.CP,TGO,1994,22.22904014587402,,
GTVP.2T3.V,TGO,1994,6.111820220947266,,
SAP.1.AGM1.F,TGO,1994,61427,,
41926,TGO,1994,2678,,
GER.1T3,TGO,1994,60.35121917724609,,
999975,TGO,1994,12,,
41915,TGO,1994,7437,,
41919,TGO,1994,0,NA,
41928,TGO,1994,0,NA,
SLE.1,TGO,1994,6.190859794616699,,
41938,TGO,1994,0,NA,
GER.1,TGO,1994,98.78604125976563,,
REPR.2.G2.F.CP,TGO,1994,25.98707008361816,,
SAP.1.M,TGO,1994,337090,,
43617,TGO,1994,355,,
REPR.2.G2.CP,TGO,1994,22.01259994506836,,
GTVP.2T3.GPV,TGO,1994,93.88818359375,,
FTP.02,TGO,1994,100,,
SAP.2T3.M,TGO,1994,325970,,
SAP.2.G1.M,TGO,1994,50944,,
41921,TGO,1994,0,NA,
41927,TGO,1994,2580,,
20083,TGO,1994,34397,,
SAP.1.G1,TGO,1994,120045,,
SLE.1T8.M,TGO,1994,9.809530258178711,,
299905,TGO,1994,6,,
41920,TGO,1994,0,NA,
21506,TGO,1994,33555,,
SAP.1.GLAST.M,TGO,1994,52322,,
SAP.02.F,TGO,1994,190078,,
42620,TGO,1994,8193,,
41907,TGO,1994,33166,,
SLE.1T3.M,TGO,1994,9.59022045135498,,
20162,TGO,1994,12487,,
SAP.1.GLAST,TGO,1994,104292,,
41934,TGO,1994,8425,,
40044,TGO,1994,100162,,
20182,TGO,1994,3513,,
21504,TGO,1994,55391,,
REPR.2.G2.M.CP,TGO,1994,20.52286911010742,,
NERT.1.F.CP,TGO,1994,56.1838493347168,,
21510,TGO,1994,28569,,
OFST.1.CP,TGO,1994,221563,,
REPR.1.G1.M.CP,TGO,1994,41.15113067626953,,
41930,TGO,1994,0,NA,
41925,TGO,1994,2374,,
GER.1T8.GPIA,TGO,1994,.5971500277519226,,
21500,TGO,1994,92143,,
SAP.2.F,TGO,1994,194022,,
42097,TGO,1994,0,NIL,
21517,TGO,1994,122630,,
41924,TGO,1994,3348,,
SLE.1T3.GPIA,TGO,1994,.5918499827384949,,
REPR.2.G3.CP,TGO,1994,32.93981170654297,,
SAP.2T3,TGO,1994,650463,,
41936,TGO,1994,9981,,
REPR.1.G1.CP,TGO,1994,41.53488159179688,,
42099,TGO,1994,10480,,
999978,TGO,1994,3,,
SLE.1.GPIA,TGO,1994,.6632199883460999,,
41909,TGO,1994,20463,,
GER.2T3,TGO,1994,20.68664932250977,,
299929,TGO,1994,3,,
REPR.2.G1.F.CP,TGO,1994,25.79038047790527,,
21507,TGO,1994,13092,,
THDUR.2T3,TGO,1994,7,,
SLE.1T3,TGO,1994,7.638929843902588,,
25053,TGO,1994,9320,,
10405,TGO,1994,1993,,
FTP.5T8,TGO,1994,9.438779830932617,,
GER.2T3.GPIA,TGO,1994,.344980001449585,,
41933,TGO,1994,10785,,
41918,TGO,1994,7401,,
SLE.02.GPIA,TGO,1994,.9971299767494202,,
21501,TGO,1994,39460,,
NERT.1.M.CP,TGO,1994,77.71040344238281,,
REPR.1.F.CP,TGO,1994,39.17520141601563,,
SAP.2,TGO,1994,389031,,
SAP.2.G1,TGO,1994,101572,,
25003,TGO,1994,392,,
SAP.1.GLAST.F,TGO,1994,51970,,
299932,TGO,1994,6,,
SLE.2T3.GPIA,TGO,1994,.344980001449585,,
REPR.2.G5.CP,TGO,1994,0,NA,
REPR.2.G4.M.CP,TGO,1994,48.57231140136719,,
REPR.2.G3.F.CP,TGO,1994,35.15710067749023,,
SLE.1.F,TGO,1994,4.933909893035889,,
405,TGO,1994,1993,,
21505,TGO,1994,23025,,
25007,TGO,1994,37,,
41931,TGO,1994,11929,,
SLE.1T3.F,TGO,1994,5.675930023193359,,
SLE.02,TGO,1994,.0827400013804436,,
SLE.2T3,TGO,1994,1.448070049285889,,
20161,TGO,1994,395,,
41917,TGO,1994,7724,,
SAP.1.AGM1,TGO,1994,123383,,
20061,TGO,1994,5235,,
999976,TGO,1994,4,,
GER.1T3.GPIA,TGO,1994,.6056600213050842,,
SAP.3.M,TGO,1994,130961,,
SAP.2.M,TGO,1994,195009,,
20060,TGO,1994,10526,,
SAP.1.F,TGO,1994,334185,,
299902,TGO,1994,3,,
REPR.2.G1.CP,TGO,1994,23.29454040527344,,
NERT.1.GPIA,TGO,1994,.7229899764060974,,
REPR.1.CP,TGO,1994,38.01810836791992,,
OFST.1.M.CP,TGO,1994,75136,,
GER.1T3.F,TGO,1994,45.49248886108398,,
21516,TGO,1994,304742,,
SLE.5T8.M,TGO,1994,.219310000538826,,
SAP.2.G1.F,TGO,1994,50628,,
GER.2T3.F,TGO,1994,10.60023021697998,,
SLE.2T3.M,TGO,1994,2.150919914245605,,
41929,TGO,1994,0,NA,
41910,TGO,1994,23909,,
20160,TGO,1994,395,,
SAP.02.M,TGO,1994,191560,,
20082,TGO,1994,134559,,
SAP.1.G1.F,TGO,1994,59746,,
REPR.2.G4.F.CP,TGO,1994,55.24488067626953,,
SLE.2T3.F,TGO,1994,.7420200109481812,,
41937,TGO,1994,0,NA,
OFST.1.F.CP,TGO,1994,146427,,
41940,TGO,1994,46322,,
21508,TGO,1994,37082,,
SAP.5T8.M,TGO,1994,186788,,
SAP.2T3.F,TGO,1994,324493,,
GER.1.F,TGO,1994,79.372802734375,,
REPR.2.G5.M.CP,TGO,1994,0,NA,
GER.1.GPIA,TGO,1994,.6724699735641479,,
SAP.5T8.F,TGO,1994,186901,,
20062,TGO,1994,663126,,
SLE.1T8.F,TGO,1994,5.706079959869385,,
SAP.1.AGM1.M,TGO,1994,61956,,
SLE.5T8,TGO,1994,.1247000023722649,,
GER.1T8.F,TGO,1994,35.57041931152344,,
SAP.02,TGO,1994,381638,,
41922,TGO,1994,32419,,
GER.1T8.M,TGO,1994,59.56700134277344,,
REPR.2.G5.F.CP,TGO,1994,0,NA,
SLE.1T8.GPIA,TGO,1994,.5816900134086609,,
41914,TGO,1994,182112,,
21502,TGO,1994,58002,,
SAP.3,TGO,1994,261432,,
SLE.5T8.F,TGO,1994,.0301500000059605,,
SLE.1.M,TGO,1994,7.439300060272217,,
GER.1T3.M,TGO,1994,75.11174774169922,,
21511,TGO,1994,9044,,
REPR.1.G1.F.CP,TGO,1994,42.03929901123047,,
PRP.1,TGO,1994,23.82896041870117,,
THDUR.2T3,TGO,1995,7,,
NERT.1.F.CP,TGO,1995,63.44203186035156,,
GER.2.GPIA,TGO,1995,.3956199884414673,,
42101,TGO,1995,1083,,
21502,TGO,1995,42716,,
SAP.1.GLAST,TGO,1995,109267,,
GER.1T3.F,TGO,1995,50.50120162963867,,
NERT.1.CP,TGO,1995,74.53443908691406,,
SR.1.G4.F.CP,TGO,1995,66.23808288574219,,
41927,TGO,1995,3023,,
REPR.1.F.CP,TGO,1995,27.43372917175293,,
20183,TGO,1995,553,,
REPR.1.G6.CP,TGO,1995,25.44724082946777,,
41921,TGO,1995,0,NA,
GTVP.2T3.GPV,TGO,1995,95.02374267578125,,
GER.3,TGO,1995,10.29946041107178,,
21504,TGO,1995,45256,,
21509,TGO,1995,10940,,
GER.1T8.GPIA,TGO,1995,.6110900044441223,,
SLE.02.F,TGO,1995,.0747400000691414,,
41936,TGO,1995,10916,,
FTP.1,TGO,1995,16.01641082763672,,
GER.2,TGO,1995,30.63944053649902,,
SAP.2T3,TGO,1995,683402,,
41915,TGO,1995,5435,,
SR.1.G5.F.CP,TGO,1995,59.65998077392578,,
42097,TGO,1995,2,,
SAP.1.AGM1.M,TGO,1995,64629,,
42104,TGO,1995,4294,,
SLE.1.M,TGO,1995,8.057180404663086,,
41924,TGO,1995,2692,,
SLE.2T3.F,TGO,1995,.8234000205993652,,
REPR.1.G5.F.CP,TGO,1995,29.6264705657959,,
GTVP.2T3.V,TGO,1995,4.976260185241699,,
42099,TGO,1995,11667,,
GER.1T8.M,TGO,1995,64.53256225585938,,
GER.1T8,TGO,1995,52.0201301574707,,
SAP.1.F,TGO,1995,349735,,
SLE.1T3.F,TGO,1995,6.281799793243408,,
20164,TGO,1995,3612,,
41917,TGO,1995,5795,,
REPR.1.CP,TGO,1995,26.20251083374023,,
SR.1.G5.GPIA,TGO,1995,.7525399923324585,,
21501,TGO,1995,35857,,
SR.1.G5.M.CP,TGO,1995,79.28311157226563,,
PRP.1,TGO,1995,24.87426948547363,,
SLE.1T8.F,TGO,1995,6.319439888000488,,
41929,TGO,1995,0,NA,
21500,TGO,1995,81994,,
SLE.5T8.GPIA,TGO,1995,.1535799950361252,,
SLE.1T3,TGO,1995,8.333479881286621,,
40033,TGO,1995,5149,,
20160,TGO,1995,395,,
REPR.2.G3.F.CP,TGO,1995,33.87480163574219,,
SLE.1T2.M,TGO,1995,9.811260223388672,,
299902,TGO,1995,3,,
41920,TGO,1995,0,NA,
20162,TGO,1995,13892,,
SLE.1T2.F,TGO,1995,6.152339935302734,,
41938,TGO,1995,0,NA,
GER.1T2.GPIA,TGO,1995,.6382899880409241,,
41926,TGO,1995,2249,,
999975,TGO,1995,12,,
FTP.3,TGO,1995,12.30768966674805,,
SAP.2T3.F,TGO,1995,340803,,
41907,TGO,1995,24105,,
40038,TGO,1995,89695,,
999976,TGO,1995,4,,
SR.1.GLAST.M.CP,TGO,1995,70.97450256347656,,
20071,TGO,1995,4813,,
GER.1T2.M,TGO,1995,97.42147827148438,,
REPR.1.G4.M.CP,TGO,1995,20.87414932250977,,
SLE.1T3.GPIA,TGO,1995,.6056900024414063,,
41939,TGO,1995,0,NA,
GER.1T8.F,TGO,1995,39.43489837646484,,
SAP.02,TGO,1995,398748,,
GER.3.F,TGO,1995,3.501100063323975,,
25007,TGO,1995,34,,
SAP.1.AGM1,TGO,1995,128751,,
41911,TGO,1995,18071,,
SAP.1.G1.M,TGO,1995,62961,,
SLE.1T8,TGO,1995,8.474849700927734,,
21505,TGO,1995,19349,,
SLE.02.M,TGO,1995,.0772000029683113,,
SAP.2.G1.M,TGO,1995,53338,,
41934,TGO,1995,5869,,
21503,TGO,1995,18611,,
41928,TGO,1995,0,NA,
SLE.5T8.F,TGO,1995,.0376400016248226,,
REPR.2.G3.M.CP,TGO,1995,31.00316047668457,,
SAP.1.G1.F,TGO,1995,62386,,
REPR.1.G4.F.CP,TGO,1995,23.71389961242676,,
REPR.2.G2.CP,TGO,1995,21.1626091003418,,
SLE.5T8,TGO,1995,.1413699984550476,,
REPR.1.G5.M.CP,TGO,1995,27.43158912658691,,
SLE.1T2.GPIA,TGO,1995,.6270700097084045,,
SAP.5T8.M,TGO,1995,197631,,
21508,TGO,1995,30353,,
SAP.02.M,TGO,1995,200103,,
SR.1.GLAST.F.CP,TGO,1995,47.22914886474609,,
20165,TGO,1995,401,,
GER.2T3.GPIA,TGO,1995,.3558099865913391,,
FTP.2,TGO,1995,11.10188007354736,,
REPR.1.M.CP,TGO,1995,25.36455917358398,,
20061,TGO,1995,4949,,
REPR.1.G1.F.CP,TGO,1995,29.35726928710938,,
GER.1T3.GPIA,TGO,1995,.6198400259017944,,
SLE.2T3,TGO,1995,1.570719957351685,,
41909,TGO,1995,14562,,
REPR.1.G2.CP,TGO,1995,22.99593925476074,,
PRP.02,TGO,1995,58.52643966674805,,
GER.1.M,TGO,1995,128.4593811035156,,
REPR.2.G3.CP,TGO,1995,31.77540016174316,,
25003,TGO,1995,416,,
GER.1T3.M,TGO,1995,81.47421264648438,,
SLE.1T3.M,TGO,1995,10.37131977081299,,
SAP.1.AGM1.F,TGO,1995,64122,,
REPR.1.G2.F.CP,TGO,1995,23.98476982116699,,
SAP.1.GLAST.M,TGO,1995,54860,,
SAP.1.GLAST.F,TGO,1995,54407,,
REPR.2.G2.M.CP,TGO,1995,20.40999984741211,,
REPR.2.G4.M.CP,TGO,1995,37.89813995361328,,
REPR.2.G1.M.CP,TGO,1995,19.58073043823242,,
999978,TGO,1995,3,,
GER.2.M,TGO,1995,43.85184097290039,,
REPR.1.G6.M.CP,TGO,1995,24.6973991394043,,
SLE.1T2,TGO,1995,7.988329887390137,,
20064,TGO,1995,124970,,
FTP.2T3,TGO,1995,11.40911960601807,,
REPR.1.G1.CP,TGO,1995,29.29376029968262,,
REPR.1.G4.CP,TGO,1995,21.96843910217285,,
21510,TGO,1995,27258,,
SAP.2T3.M,TGO,1995,342599,,
SAP.1,TGO,1995,702761,,
41931,TGO,1995,11153,,
25053,TGO,1995,11173,,
NERT.1.M.CP,TGO,1995,85.52345275878906,,
299932,TGO,1995,6,,
41930,TGO,1995,0,NA,
GER.1,TGO,1995,108.4489593505859,,
SLE.5T8.M,TGO,1995,.2450499981641769,,
SR.1.G5.CP,TGO,1995,70.83673095703125,,
41937,TGO,1995,0,NA,
GER.2T3.M,TGO,1995,33.05905914306641,,
20182,TGO,1995,4847,,
40041,TGO,1995,23565,,
SAP.5T8.F,TGO,1995,197551,,
REPR.1.G1.M.CP,TGO,1995,29.24374008178711,,
25057,TGO,1995,1487,,
41940,TGO,1995,40824,,
21511,TGO,1995,9187,,
GER.3.M,TGO,1995,17.06891059875488,,
42100,TGO,1995,3211,,
GER.2T3.F,TGO,1995,11.76280975341797,,
20161,TGO,1995,393,,
GER.2.F,TGO,1995,17.34847068786621,,
REPR.2.G5.F.CP,TGO,1995,0,NA,
SLE.2T3.M,TGO,1995,2.314130067825317,,
SAP.1.M,TGO,1995,353026,,
GER.2T3,TGO,1995,22.43891906738281,,
SR.1.G4.M.CP,TGO,1995,81.27218627929688,,
REPR.2.G5.M.CP,TGO,1995,0,NA,
10405,TGO,1995,1994,,
REPR.1.G5.CP,TGO,1995,28.21311950683594,,
NERT.1.GPIA,TGO,1995,.7418100237846375,,
40035,TGO,1995,453495,,
41906,TGO,1995,46137,,
20082,TGO,1995,153348,,
SR.1.G4.GPIA,TGO,1995,.815060019493103,,
GER.3.GPIA,TGO,1995,.2051199972629547,,
21516,TGO,1995,252108,,
41925,TGO,1995,1889,,
21517,TGO,1995,103913,,
41922,TGO,1995,27343,,
SAP.2.G1,TGO,1995,106311,,
OFST.1.F.CP,TGO,1995,127856,,
20062,TGO,1995,762137,,
GER.1T2,TGO,1995,79.87393188476563,,
21506,TGO,1995,24531,,
41935,TGO,1995,8044,,
GER.1T3,TGO,1995,66.04454040527344,,
SR.1.G4.CP,TGO,1995,74.77490234375,,
SAP.02.F,TGO,1995,198645,,
SLE.02.GPIA,TGO,1995,.968209981918335,,
20163,TGO,1995,2225,,
299929,TGO,1995,3,,
41916,TGO,1995,3980,,
SLE.1,TGO,1995,6.762760162353516,,
REPR.2.G2.F.CP,TGO,1995,23.04153060913086,,
SLE.1T8.GPIA,TGO,1995,.5952500104904175,,
20171,TGO,1995,152,,
SLE.2T3.GPIA,TGO,1995,.3558099865913391,,
41908,TGO,1995,25907,,
405,TGO,1995,1994,,
43617,TGO,1995,382,,
GER.1.F,TGO,1995,88.25025177001953,,
REPR.1.G2.M.CP,TGO,1995,22.27108955383301,,
FTP.5T8,TGO,1995,8.173080444335938,,
SAP.3,TGO,1995,275529,,
SLE.02,TGO,1995,.0759700015187263,,
REPR.2.G5.CP,TGO,1995,0,NA,
20170,TGO,1995,1235,,
GER.1T2.F,TGO,1995,62.18360900878906,,
SR.1.GLAST.GPIA,TGO,1995,.6654800176620483,,
SR.1.GLAST.CP,TGO,1995,60.85250091552734,,
REPR.2.G4.F.CP,TGO,1995,42.3790283203125,,
SAP.1.G1,TGO,1995,125347,,
REPR.1.G6.F.CP,TGO,1995,26.97430992126465,,
FTP.02,TGO,1995,99.49366760253906,,
40044,TGO,1995,113260,,
299905,TGO,1995,6,,
42620,TGO,1995,9686,,
REPR.2.G4.CP,TGO,1995,39.1030387878418,,
20070,TGO,1995,28378,,
20083,TGO,1995,40088,,
GER.1.GPIA,TGO,1995,.6869900226593018,,
41933,TGO,1995,8127,,
SAP.3.M,TGO,1995,138058,,
999977,TGO,1995,16,,
REPR.1.G3.CP,TGO,1995,26.89451026916504,,
SAP.2.F,TGO,1995,203332,,
41910,TGO,1995,19413,,
20063,TGO,1995,308642,,
41918,TGO,1995,7893,,
SAP.3.F,TGO,1995,137471,,
SLE.1.GPIA,TGO,1995,.6774600148200989,,
41919,TGO,1995,0,NA,
REPR.2.G1.CP,TGO,1995,20.07678031921387,,
SAP.2,TGO,1995,407873,,
SLE.1.F,TGO,1995,5.458399772644043,,
REPR.1.G3.F.CP,TGO,1995,29.51132011413574,,
OFST.1.CP,TGO,1995,178962,,
OFST.1.M.CP,TGO,1995,51106,,
41914,TGO,1995,148195,,
20060,TGO,1995,10098,,
SAP.5T8,TGO,1995,395182,,
20065,TGO,1995,35275,,
SAP.2.G1.F,TGO,1995,52973,,
SLE.1T8.M,TGO,1995,10.61637020111084,,
REPR.1.G3.M.CP,TGO,1995,25.04729080200195,,
REPR.2.G1.F.CP,TGO,1995,21.2709903717041,,
SAP.2.M,TGO,1995,204541,,
21507,TGO,1995,9969,,
SAP.1.AGM1,TGO,1996,133543,,
25003,TGO,1996,443,,
20163,TGO,1996,2349,,
20063,TGO,1996,337198,,
SAP.5T8,TGO,1996,414511,,
GTVP.2T3.GPV,TGO,1996,95.39240264892578,,
GER.1T8.F,TGO,1996,41.45457077026367,,
GER.1,TGO,1996,113.0983428955078,,
SAP.3.F,TGO,1996,143195,,
999976,TGO,1996,4,,
21510,TGO,1996,18620,,
REPR.2.G5.M.CP,TGO,1996,0,NA,
X.USCONST.UK.FSGOV,TGO,1996,2.54601001739502,,
21516,TGO,1996,199699,,
41917,TGO,1996,6382,,
41916,TGO,1996,4540,,
41930,TGO,1996,0,NA,
X.PPP.5T8.FSGOV,TGO,1996,40.49016189575195,,
SAP.5T8.M,TGO,1996,207399,,
42620,TGO,1996,9894,,
999978,TGO,1996,3,,
GER.2T3.M,TGO,1996,35.11164855957031,,
FTP.5T8,TGO,1996,8.126409530639648,,
41911,TGO,1996,12120,,
41926,TGO,1996,2565,,
SAP.1.G1.M,TGO,1996,65132,,
SLE.5T8.F,TGO,1996,.0421300008893013,,
41922,TGO,1996,28245,,
GER.1T3.M,TGO,1996,84.74019622802734,,
42097,TGO,1996,5,,
NERT.1.GPIA,TGO,1996,.7415599822998047,,
XGDP.5T8.FSGOV,TGO,1996,.7550600171089172,,
SAP.02,TGO,1996,413028,,
42099,TGO,1996,13868,,
299932,TGO,1996,6,,
OFST.1.M.CP,TGO,1996,25787,,
SLE.1.M,TGO,1996,8.285829544067383,,
20162,TGO,1996,16217,,
41906,TGO,1996,35475,,
SLE.02.F,TGO,1996,.0739699974656105,,
SAP.1.G1,TGO,1996,129714,,
SLE.5T8,TGO,1996,.1403899937868118,,
GER.2T3.F,TGO,1996,12.48484039306641,,
21500,TGO,1996,63520,,
SLE.1T3,TGO,1996,8.677590370178223,,
21507,TGO,1996,8514,,
GER.1T8.GPIA,TGO,1996,.6195300221443176,,
41935,TGO,1996,8947,,
SLE.1,TGO,1996,7.009300231933594,,
GER.2T3.GPIA,TGO,1996,.3555800020694733,,
41920,TGO,1996,0,NA,
25053,TGO,1996,11639,,
41931,TGO,1996,11267,,
25007,TGO,1996,36,,
21509,TGO,1996,9375,,
X.US.5T8.FSGOV,TGO,1996,15.03658008575439,,
X.US.FSGOV,TGO,1996,64.6619873046875,,
X.PPP.FSGOV,TGO,1996,174.1203155517578,,
X.US.2T3.FSGOV,TGO,1996,16.54179954528809,,
X.PPPCONST.2T3.FSGOV,TGO,1996,67.54972839355469,,
SLE.02,TGO,1996,.0752099975943565,,
GER.1.GPIA,TGO,1996,.6985300183296204,,
SAP.2,TGO,1996,424049,,
NERT.1.CP,TGO,1996,81.00650024414063,,
21511,TGO,1996,6500,,
SAP.2.G1.M,TGO,1996,55462,,
SLE.2T3.M,TGO,1996,2.457819938659668,,
25057,TGO,1996,1745,,
41910,TGO,1996,15698,,
SAP.5T8.F,TGO,1996,207112,,
20083,TGO,1996,44256,,
SAP.1.AGM1.F,TGO,1996,66534,,
X.USCONST.2T3.FSGOV,TGO,1996,27.6209602355957,,
41933,TGO,1996,7008,,
41914,TGO,1996,115027,,
XGDP.1.FSGOV,TGO,1996,1.58473002910614,,
41915,TGO,1996,4829,,
SLE.1T8.M,TGO,1996,10.98217010498047,,
41934,TGO,1996,6593,,
X.USCONST.02.FSGOV,TGO,1996,0,NIL,
X.PPPCONST.5T8.FSGOV,TGO,1996,61.40304183959961,,
20082,TGO,1996,169481,,
GER.1T3.F,TGO,1996,53.18128967285156,,
SAP.1,TGO,1996,729123,,
SLE.2T3.GPIA,TGO,1996,.3555800020694733,,
20182,TGO,1996,5389,,
SAP.2.G1.F,TGO,1996,54997,,
21504,TGO,1996,36136,,
SAP.1.M,TGO,1996,366330,,
SAP.02.M,TGO,1996,207254,,
SAP.2.G1,TGO,1996,110459,,
41937,TGO,1996,0,NA,
SAP.1.F,TGO,1996,362793,,
299902,TGO,1996,3,,
SAP.2T3.M,TGO,1996,356648,,
X.PPPCONST.FSGOV,TGO,1996,264.05224609375,,
21505,TGO,1996,16408,,
SAP.1.GLAST,TGO,1996,113501,,
SLE.1.GPIA,TGO,1996,.6905500292778015,,
41929,TGO,1996,0,NA,
X.PPPCONST.UK.FSGOV,TGO,1996,6.22652006149292,,
SLE.1T8.F,TGO,1996,6.637839794158936,,
X.US.UK.FSGOV,TGO,1996,1.524770021438599,,
SLE.1T3.F,TGO,1996,6.595709800720215,,
SLE.1T3.GPIA,TGO,1996,.6139199733734131,,
GER.1.F,TGO,1996,92.94500732421875,,
GER.2T3,TGO,1996,23.8327693939209,,
XGDP.2T3.FSGOV,TGO,1996,.8306499719619751,,
41928,TGO,1996,0,NA,
X.PPP.2T3.FSGOV,TGO,1996,44.54338073730469,,
SAP.1.G1.F,TGO,1996,64582,,
41939,TGO,1996,0,NA,
21508,TGO,1996,25073,,
X.USCONST.5T8.FSGOV,TGO,1996,25.10758972167969,,
SLE.1T8,TGO,1996,8.81797981262207,,
SLE.5T8.M,TGO,1996,.2385299950838089,,
21501,TGO,1996,28045,,
GER.1T8.M,TGO,1996,66.91340637207031,,
X.PPP.02.FSGOV,TGO,1996,0,NIL,
SLE.1.F,TGO,1996,5.7217698097229,,
21503,TGO,1996,15830,,
OFST.1.CP,TGO,1996,138486,,
20060,TGO,1996,10354,,
41938,TGO,1996,0,NA,
SLE.02.M,TGO,1996,.0764300003647804,,
X.PPP.UK.FSGOV,TGO,1996,4.105869770050049,,
SLE.5T8.GPIA,TGO,1996,.176609992980957,,
43617,TGO,1996,407,,
41919,TGO,1996,0,NA,
299929,TGO,1996,3,,
20061,TGO,1996,5074,,
SLE.1T3.M,TGO,1996,10.74363994598389,,
REPR.2.G5.CP,TGO,1996,0,NA,
X.USCONST.FSGOV,TGO,1996,107.9704666137695,,
41908,TGO,1996,19728,,
SAP.3.M,TGO,1996,143882,,
SAP.1.AGM1.M,TGO,1996,67009,,
SLE.1T8.GPIA,TGO,1996,.604420006275177,,
999975,TGO,1996,12,,
SLE.2T3,TGO,1996,1.668290019035339,,
NERT.1.F.CP,TGO,1996,68.93572998046875,,
PRP.1,TGO,1996,29.01230049133301,,
41909,TGO,1996,11954,,
SAP.1.GLAST.M,TGO,1996,57021,,
SAP.2.F,TGO,1996,211283,,
X.US.02.FSGOV,TGO,1996,0,NIL,
SAP.2T3,TGO,1996,711126,,
999977,TGO,1996,16,,
OFST.1.F.CP,TGO,1996,112699,,
41940,TGO,1996,42403,,
X.PPP.1.FSGOV,TGO,1996,84.98090362548828,,
GER.1T3,TGO,1996,69.02326965332031,,
SAP.3,TGO,1996,287077,,
41924,TGO,1996,2179,,
20160,TGO,1996,446,,
10405,TGO,1996,1995,,
299905,TGO,1996,6,,
XGDP.02.FSGOV,TGO,1996,0,NIL,
41907,TGO,1996,20052,,
21517,TGO,1996,84672,,
405,TGO,1996,1995,,
SAP.2T3.F,TGO,1996,354478,,
GER.1.M,TGO,1996,133.0570831298828,,
41927,TGO,1996,3039,,
41936,TGO,1996,10428,,
SLE.2T3.F,TGO,1996,.8739399909973145,,
SAP.1.GLAST.F,TGO,1996,56480,,
X.PPPCONST.02.FSGOV,TGO,1996,0,NIL,
REPR.2.G5.F.CP,TGO,1996,0,NA,
20062,TGO,1996,824626,,
NERT.1.M.CP,TGO,1996,92.96071624755859,,
X.PPPCONST.1.FSGOV,TGO,1996,128.8729553222656,,
41918,TGO,1996,7389,,
40035,TGO,1996,487428,,
20161,TGO,1996,441,,
21502,TGO,1996,35882,,
41925,TGO,1996,2053,,
SAP.2.M,TGO,1996,212766,,
41921,TGO,1996,0,NA,
X.USCONST.1.FSGOV,TGO,1996,52.6959114074707,,
FTP.02,TGO,1996,98.87892150878906,,
PRP.02,TGO,1996,51.0430793762207,,
FTP.1,TGO,1996,14.48480033874512,,
GER.1T3.GPIA,TGO,1996,.6275799870491028,,
X.US.1.FSGOV,TGO,1996,31.55883979797363,,
GER.1T8,TGO,1996,54.22512817382813,,
40044,TGO,1996,125225,,
SLE.02.GPIA,TGO,1996,.9678999781608582,,
SAP.02.F,TGO,1996,205774,,
21506,TGO,1996,20468,,
GTVP.2T3.V,TGO,1996,4.607600212097168,,
40033,TGO,1996,5280,,
THDUR.2T3,TGO,1996,7,,
SLE.02.F,TGO,1997,.0722699984908104,,
SLE.2T3,TGO,1997,1.694479942321777,,
SLE.02.GPIA,TGO,1997,.956250011920929,,
SAP.2.G1.M,TGO,1997,57407,,
42097,TGO,1997,12,,
GER.2T3.M,TGO,1997,35.36199188232422,,
406,TGO,1997,1997,,
OE.5T8.40515,TGO,1997,0,NIL,UIS_EST
999977,TGO,1997,16,,
GER.1T3.M,TGO,1997,84.70934295654297,,
NERT.1.M.CP,TGO,1997,88.74703216552734,,
SLE.1T3.M,TGO,1997,10.78028964996338,,
SLE.1T3.F,TGO,1997,6.794010162353516,,
SAP.1.G1.F,TGO,1997,66722,,
SAP.5T8.M,TGO,1997,216510,,
SAP.3,TGO,1997,297467,,
SAP.02.M,TGO,1997,213589,,
GER.1T3.GPIA,TGO,1997,.6435800194740295,,
SAP.2.G1.F,TGO,1997,56853,,
20162,TGO,1997,18535,,
999978,TGO,1997,3,,
41937,TGO,1997,0,NA,
41919,TGO,1997,0,NA,
GER.2T3,TGO,1997,24.20693016052246,,
41929,TGO,1997,0,NA,
MOR.5T8.40515,TGO,1997,0,NIL,UIS_EST
SAP.2T3,TGO,1997,736376,,
405,TGO,1997,1996,,
25003,TGO,1997,443,,
999976,TGO,1997,4,,
999988,TGO,1997,0,NA,
NERT.1.F.CP,TGO,1997,66.41446685791016,,
REPR.2.G5.M.CP,TGO,1997,0,NA,
40044,TGO,1997,130659,,
FTP.5T8,TGO,1997,10.15800952911377,,
42099,TGO,1997,15913,,
SAP.2,TGO,1997,438909,,
SAP.2T3.F,TGO,1997,366886,,
20062,TGO,1997,859574,,
SAP.1.GLAST.F,TGO,1997,58317,,
41938,TGO,1997,0,NA,
SLE.1.M,TGO,1997,8.304949760437012,,
OFST.1.M.CP,TGO,1997,42581,,
20163,TGO,1997,2622,,
GER.1.F,TGO,1997,95.19516754150391,,
SLE.1.F,TGO,1997,5.88592004776001,,
43617,TGO,1997,398,,
SAP.2.G1,TGO,1997,114260,,
SLE.02.M,TGO,1997,.0755800008773804,,
SAP.2.M,TGO,1997,220343,,
20160,TGO,1997,469,,
SLE.1T3,TGO,1997,8.795430183410645,,
SAP.5T8.F,TGO,1997,215976,,
SAP.1.AGM1.F,TGO,1997,68674,,
10405,TGO,1997,1996,,
SAP.02.F,TGO,1997,212029,,
SAP.1.AGM1.M,TGO,1997,69173,,
SAP.1.F,TGO,1997,374706,,
SAP.1.GLAST,TGO,1997,117233,,
SAP.1.G1.M,TGO,1997,67247,,
REPR.2.G5.F.CP,TGO,1997,0,NA,
SAP.1.GLAST.M,TGO,1997,58916,,
GTVP.2T3.GPV,TGO,1997,94.90838623046875,,
SAP.2.F,TGO,1997,218566,,
REPR.2.G5.CP,TGO,1997,0,NA,
40035,TGO,1997,502872,,
20161,TGO,1997,457,,
GER.2T3.GPIA,TGO,1997,.3668499886989594,,
SAP.1.AGM1,TGO,1997,137847,,
OFST.1.CP,TGO,1997,168428,,
20082,TGO,1997,178254,,
GER.1T3.F,TGO,1997,54.51744079589844,,
41939,TGO,1997,0,NA,
SAP.3.M,TGO,1997,149147,,
SLE.1,TGO,1997,7.100940227508545,,
999987,TGO,1997,0,NA,
404,TGO,1997,7,,
GER.2T3.F,TGO,1997,12.97268962860107,,
SAP.5T8,TGO,1997,432486,,
SAP.1.M,TGO,1997,378398,,
NERT.1.GPIA,TGO,1997,.7483599781990051,,
SLE.02,TGO,1997,.0739300027489662,,
299905,TGO,1997,6,,
GER.1T3,TGO,1997,69.67720031738281,,
SAP.2T3.M,TGO,1997,369490,,
OFST.1.F.CP,TGO,1997,125847,,
20063,TGO,1997,356702,,
SLE.1.GPIA,TGO,1997,.7087299823760986,,
SAP.3.F,TGO,1997,148320,,
20083,TGO,1997,47595,,
THDUR.2T3,TGO,1997,7,,
SLE.1T3.GPIA,TGO,1997,.6302300095558167,,
SLE.2T3.F,TGO,1997,.9080899953842163,,
GER.1,TGO,1997,114.1374893188477,,
41930,TGO,1997,0,NA,
FTP.02,TGO,1997,97.44136047363281,,
40033,TGO,1997,5381,,
299932,TGO,1997,6,,
SAP.1,TGO,1997,753104,,
SLE.2T3.M,TGO,1997,2.475339889526367,,
SLE.2T3.GPIA,TGO,1997,.3668499886989594,,
NERT.1.CP,TGO,1997,77.63549041748047,,
403,TGO,1997,10,,
FTP.1,TGO,1997,14.14620971679688,,
41921,TGO,1997,0,NA,
20061,TGO,1997,5108,,
41928,TGO,1997,0,NA,
299929,TGO,1997,3,,
999975,TGO,1997,12,,
GER.1.M,TGO,1997,132.8949890136719,,
PRP.02,TGO,1997,51.89245986938477,,
GTVP.2T3.V,TGO,1997,5.091609954833984,,
SAP.1.G1,TGO,1997,133969,,
299902,TGO,1997,3,,
GER.1.GPIA,TGO,1997,.7163199782371521,,
41920,TGO,1997,0,NA,
SAP.02,TGO,1997,425618,,
25007,TGO,1997,45,,
20060,TGO,1997,10489,,
SAP.3.M,TGO,1998,153565,,
SLE.1,TGO,1998,6.910520076751709,,
XSPENDP.2.FDPUB.FNCAP,TGO,1998,13.16217994689941,,
XSPENDP.02.FDPUB.FNS,TGO,1998,0,NA,
999987,TGO,1998,0,NA,
XSPENDP.2T3.FDPUB.FNS,TGO,1998,70.30898284912109,,
XSPENDP.4.FDPUB.FNNTS,TGO,1998,0,NA,
X.US.2.FSGOV,TGO,1998,10.44293022155762,,
SLE.02,TGO,1998,.0726500004529953,,
41928,TGO,1998,0,NA,
XSPENDP.3.FDPUB.FNNONS,TGO,1998,17.24674987792969,,
X.PPP.2.FSGOV,TGO,1998,29.84304046630859,,
XSPENDP.1.FDPUB.FNNONS,TGO,1998,4.619830131530762,,
40035,TGO,1998,513410,,
X.PPPCONST.3.FSGOV,TGO,1998,32.46250915527344,,
41921,TGO,1998,0,NA,
25057,TGO,1998,2428,,
XSPENDP.2.FDPUB.FNS,TGO,1998,79.71180725097656,,
SAP.1,TGO,1998,771009,,
SLE.5T8.GPIA,TGO,1998,.2047300040721893,,
SLE.02.M,TGO,1998,.0739400014281273,,
XGDP.02.FSGOV,TGO,1998,0,NIL,
XSPENDP.3.FDPUB.FNNTS,TGO,1998,3.556080102920532,,
X.PPP.2T3.FSGOV,TGO,1998,51.86357879638672,,
MOR.5T8.40500,TGO,1998,11.17162036895752,,UIS_EST
XSPENDP.4.FDPUB.FNS,TGO,1998,0,NA,
REPR.1.G7.M.CP,TGO,1998,0,NA,
X.PPPCONST.1.FSGOV,TGO,1998,118.9581298828125,,
X.PPPCONST.2T3.FSGOV,TGO,1998,76.45691680908203,,
XGDP.3.FSGOV,TGO,1998,.3572199940681458,,
XSPENDP.5T8.FDPUB.FNCAP,TGO,1998,.553659975528717,,
SAP.1.F,TGO,1998,383617,,
X.USCONST.02.FSGOV,TGO,1998,0,NIL,
OE.5T8.40530,TGO,1998,5,,UIS_EST
XSPENDP.02.FDPUB.FNTS,TGO,1998,0,NA,
XSPENDP.5T8.FDPUB.FNCUR,TGO,1998,99.44634246826172,,
SAP.1.GLAST.F,TGO,1998,59792,,
X.PPPCONST.FSGOV,TGO,1998,266.4356994628906,,
X.PPP.5T8.FSGOV,TGO,1998,39.37089157104492,,
SLE.02.GPIA,TGO,1998,.9650899767875671,,
XSPENDP.1.FDPUB.FNCAP,TGO,1998,28.61849975585938,,
SAP.CE,TGO,1998,1221059,,
299902,TGO,1998,3,,
41939,TGO,1998,0,NA,
MOR.5T8.40515,TGO,1998,0,NIL,UIS_EST
25052,TGO,1998,16,,
42620,TGO,1998,11894,,
XSPENDP.FDPUB.FNNTS,TGO,1998,3.315500020980835,,
XSPENDP.4.FDPUB.FNCAP,TGO,1998,0,NA,
999988,TGO,1998,0,NA,
41938,TGO,1998,0,NA,
FTP.1,TGO,1998,12.12075042724609,,
10403,TGO,1998,10,,
XSPENDP.1.FDPUB.FNBOOKS,TGO,1998,.9289000034332275,,
41937,TGO,1998,0,NA,
SAP.1.AGM1.M,TGO,1998,70630,,
XSPENDP.2T3.FDPUB.FNCUR,TGO,1998,81.87175750732422,,
XSPENDP.FDPUB.FNCAP,TGO,1998,19.20700073242188,,
SAP.1.G1,TGO,1998,137099,,
SAP.5T8,TGO,1998,448794,,
X.PPP.UK.FSGOV,TGO,1998,8.805060386657715,,
SAP.5T8.M,TGO,1998,224725,,
MOR.5T8.40530,TGO,1998,.0349100008606911,,UIS_EST
X.USCONST.FSGOV,TGO,1998,108.9450607299805,,
41929,TGO,1998,0,NA,
SAP.2.M,TGO,1998,226042,,
XSPENDP.2.FDPUB.FNNTS,TGO,1998,2.21153998374939,,
20162,TGO,1998,19512,,
X.USCONST.5T8.FSGOV,TGO,1998,23.73255920410156,,
XSPENDP.2.FDPUB.FNCUR,TGO,1998,86.83782196044922,,
42619,TGO,1998,16,,
400,TGO,1998,10,,
SAP.1.G1.M,TGO,1998,68821,,
401,TGO,1998,6,,
GER.1.F,TGO,1998,97.65000152587891,,
XSPENDP.FDPUB.FNCUR,TGO,1998,80.79299926757813,,
SAP.2.G1.F,TGO,1998,58196,,
XSPENDP.4.FDPUB.FNTS,TGO,1998,0,NA,
OE.5T8.40500,TGO,1998,1600,,UIS_EST
XSPENDP.2T3.FDPUB.FNBOOKS,TGO,1998,7.492589950561523,,
XSPENDP.3.FDPUB.FNCUR,TGO,1998,75.50969696044922,,
XSPENDP.2T3.FDPUB.FNCAP,TGO,1998,18.12824058532715,,
SAP.1.G1.F,TGO,1998,68278,,
XSPENDP.02.FDPUB.FNCAP,TGO,1998,0,NA,
X.PPP.4.FSGOV,TGO,1998,0,NIL,
20060,TGO,1998,10532,,
X.USCONST.4.FSGOV,TGO,1998,0,NIL,
299932,TGO,1998,6,,
REPR.2.G5.M.CP,TGO,1998,0,NA,
20163,TGO,1998,2365,,
XGDP.1.FSGOV,TGO,1998,1.309039950370789,,
GER.1,TGO,1998,115.1753082275391,,
MOR.5T8.40510,TGO,1998,27.1610107421875,,UIS_EST
X.US.5T8.FSGOV,TGO,1998,13.77700042724609,,
X.PPP.FSGOV,TGO,1998,180.7332611083984,,
XGDP.2.FSGOV,TGO,1998,.4841200113296509,,
XSPENDP.2T3.FDPUB.FNTS,TGO,1998,67.50801849365234,,
SAP.3,TGO,1998,306177,,
XSPENDP.2.FDPUB.FNTS,TGO,1998,77.50026702880859,,
X.US.FSGOV,TGO,1998,63.24374008178711,,
X.US.4.FSGOV,TGO,1998,0,NIL,
X.PPP.1.FSGOV,TGO,1998,80.69373321533203,,
X.PPPCONST.02.FSGOV,TGO,1998,0,NIL,
SAP.2T3.M,TGO,1998,379607,,
SAP.2.G1.M,TGO,1998,58799,,
SAP.1.GLAST,TGO,1998,120223,,
SAP.3.F,TGO,1998,152612,,
10404,TGO,1998,6,,
20061,TGO,1998,5153,,
SAP.CE.F,TGO,1998,607625,,
25055,TGO,1998,178,,
SAP.1.M,TGO,1998,387392,,
XSPENDP.4.FDPUB.FNNONS,TGO,1998,0,NA,
THDUR.2T3,TGO,1998,7,,
GER.1.M,TGO,1998,132.5298461914063,,
SLE.5T8.F,TGO,1998,.0541799999773502,,
XGDP.4.FSGOV,TGO,1998,0,NIL,
X.PPPCONST.2.FSGOV,TGO,1998,43.99440002441406,,
X.US.1.FSGOV,TGO,1998,28.2370491027832,,
XSPENDP.4.FDPUB.FNCUR,TGO,1998,0,NA,
41919,TGO,1998,0,NA,
SAP.2T3,TGO,1998,756227,,
X.USCONST.UK.FSGOV,TGO,1998,5.307640075683594,,
SLE.1.GPIA,TGO,1998,.7368199825286865,,
SAP.2,TGO,1998,450050,,
XSPENDP.1.FDPUB.FNCUR,TGO,1998,71.38150024414063,,
X.USCONST.2.FSGOV,TGO,1998,17.98922920227051,,
SAP.02.F,TGO,1998,216638,,
REPR.1.G7.F.CP,TGO,1998,0,NA,
404,TGO,1998,6,,
SAP.2.F,TGO,1998,224008,,
XSPENDP.1.FDPUB.FNS,TGO,1998,66.76167297363281,,
XSPENDP.FDPUB.FNS,TGO,1998,62.92771911621094,,
42099,TGO,1998,17147,,
XSPENDP.1.FDPUB.FNTS,TGO,1998,64.81458282470703,,
41930,TGO,1998,0,NA,
XSPENDP.2T3.FDPUB.FNNTS,TGO,1998,2.800970077514648,,
X.US.02.FSGOV,TGO,1998,0,NIL,
SLE.1.F,TGO,1998,5.859000205993652,,
REPR.1.G7.CP,TGO,1998,0,NA,
OE.5T8.40505,TGO,1998,0,NIL,UIS_EST
20160,TGO,1998,509,,
XSPENDP.FDPUB.FNTS,TGO,1998,59.61222076416016,,
MOR.5T8.40505,TGO,1998,0,NIL,UIS_EST
25053,TGO,1998,14322,,
X.USCONST.1.FSGOV,TGO,1998,48.64176177978516,,
X.PPPCONST.UK.FSGOV,TGO,1998,12.98034954071045,,
XSPENDP.02.FDPUB.FNNONS,TGO,1998,0,NA,
XSPENDP.02.FDPUB.FNCUR,TGO,1998,0,NA,
25051,TGO,1998,936,,
SAP.02,TGO,1998,434882,,
999975,TGO,1998,12,,
20063,TGO,1998,374602,,
25003,TGO,1998,389,,
999976,TGO,1998,4,,
10405,TGO,1998,1997,,
SLE.5T8.M,TGO,1998,.264629989862442,,
XSPENDP.FDPUB.FNNONS,TGO,1998,17.86528015136719,,
XSPENDP.02.FDPUB.FNNTS,TGO,1998,0,NA,
XSPENDP.5T8.FDPUB.FNS,TGO,1998,46.81241989135742,,
XGDP.5T8.FSGOV,TGO,1998,.6386899948120117,,
999978,TGO,1998,3,,
REPR.2.G5.CP,TGO,1998,0,NA,
20161,TGO,1998,509,,
X.PPP.3.FSGOV,TGO,1998,22.02053070068359,,
OE.5T8.40515,TGO,1998,0,NIL,UIS_EST
X.US.2T3.FSGOV,TGO,1998,18.14855003356934,,
X.US.UK.FSGOV,TGO,1998,3.081140041351318,,
299905,TGO,1998,6,,
10406,TGO,1998,1998,,
XSPENDP.3.FDPUB.FNTS,TGO,1998,54.70687103271484,,
SAP.02.M,TGO,1998,218244,,
42097,TGO,1998,0,NIL,
XSPENDP.2T3.FDPUB.FNNONS,TGO,1998,11.56278038024902,,
XSPENDP.2.FDPUB.FNNONS,TGO,1998,7.126009941101074,,
SLE.1.M,TGO,1998,7.951789855957031,,
25056,TGO,1998,0,NIL,
SAP.1.AGM1,TGO,1998,140730,,
XSPENDP.3.FDPUB.FNCAP,TGO,1998,24.49029922485352,,
SAP.5T8.F,TGO,1998,224069,,
42614,TGO,1998,758,,
406,TGO,1998,1998,,
999977,TGO,1998,16,,
XSPENDP.5T8.FDPUB.FNNONS,TGO,1998,52.63391876220703,,
X.PPPCONST.4.FSGOV,TGO,1998,0,NIL,
XSPENDP.1.FDPUB.FNNTS,TGO,1998,1.947090029716492,,
X.US.3.FSGOV,TGO,1998,7.705609798431396,,
41920,TGO,1998,0,NA,
REPR.2.G5.F.CP,TGO,1998,0,NA,
SAP.1.GLAST.M,TGO,1998,60431,,
XSPENDP.3.FDPUB.FNS,TGO,1998,58.2629508972168,,
403,TGO,1998,9,,
405,TGO,1998,1997,,
40033,TGO,1998,5379,,
299929,TGO,1998,3,,
FTP.02,TGO,1998,100,,
XGDP.2T3.FSGOV,TGO,1998,.8413500189781189,,
OE.5T8.40510,TGO,1998,3890,,UIS_EST
20062,TGO,1998,888012,,
X.USCONST.3.FSGOV,TGO,1998,13.27385997772217,,
SLE.02.F,TGO,1998,.0713599994778633,,
X.PPPCONST.5T8.FSGOV,TGO,1998,58.04029083251953,,
GER.1.GPIA,TGO,1998,.7368199825286865,,
SAP.1.AGM1.F,TGO,1998,70100,,
SLE.5T8,TGO,1998,.1595599949359894,,
SAP.2T3.F,TGO,1998,376620,,
X.USCONST.2T3.FSGOV,TGO,1998,31.26309013366699,,
SAP.2.G1,TGO,1998,116995,,
SAP.CE.M,TGO,1998,613434,,
X.PPP.02.FSGOV,TGO,1998,0,NIL,
SAP.1.GLAST.F,TGO,1999,61353,,
26530,TGO,1999,0,NIL,
SR.1.GLAST.GPIA,TGO,1999,.8542100191116333,,
26568,TGO,1999,0,NIL,
40034,TGO,1999,5640,,
GER.1.F,TGO,1999,104.7170486450195,,
SAP.5T8.F,TGO,1999,231898,,
FTP.2,TGO,1999,11.40073013305664,,
SLE.02,TGO,1999,.0761199966073036,,
26564,TGO,1999,0,NIL,
26483,TGO,1999,0,NIL,
20163,TGO,1999,3110,,
405,TGO,1999,1998,,
41935,TGO,1999,10792,,
SLE.1.GPIA,TGO,1999,.757070004940033,,
X.USCONST.2T3.FSGOV,TGO,1999,38.72933959960938,,
GER.1T3.F,TGO,1999,61.28544998168945,,
GTVP.2.V,TGO,1999,2.06387996673584,,
26572,TGO,1999,0,NIL,
SAP.3.M,TGO,1999,157938,,
26577,TGO,1999,0,NIL,
26586,TGO,1999,0,NIL,
26640,TGO,1999,0,NIL,
10,TGO,1999,0,NA,
26600,TGO,1999,0,NIL,
26462,TGO,1999,0,NIL,
26505,TGO,1999,0,NIL,
26583,TGO,1999,0,NIL,
SLE.02.F,TGO,1999,.0761300027370453,,
999975,TGO,1999,12,,
XGDP.2T3.FSGOV,TGO,1999,1.017040014266968,,
26487,TGO,1999,0,NIL,
OFST.1.CP,TGO,1999,84683,,
26604,TGO,1999,0,NIL,
26478,TGO,1999,0,NIL,
42104,TGO,1999,5729,,
26455,TGO,1999,0,NIL,
26512,TGO,1999,0,NIL,
404,TGO,1999,6,,
403,TGO,1999,9,,
26620,TGO,1999,0,NIL,
NERT.2.GPIA,TGO,1999,.5989400148391724,,
X.US.1.FSGOV,TGO,1999,25.01637077331543,,
26521,TGO,1999,0,NIL,
41919,TGO,1999,0,NA,
43617,TGO,1999,344,,
26464,TGO,1999,0,NIL,
26466,TGO,1999,0,NIL,
SR.1.G5.F.CP,TGO,1999,49.51076889038086,,
20083,TGO,1999,66383,,
41917,TGO,1999,7463,,
13,TGO,1999,0,NA,
21500,TGO,1999,82111,,
SAP.1.AGM1.M,TGO,1999,72129,,
REPR.1.G2.CP,TGO,1999,26.47279930114746,,
41925,TGO,1999,2737,,
26554,TGO,1999,0,NIL,
SAP.1.G1.F,TGO,1999,69683,,
SAP.CE,TGO,1999,1250103,,
XSPENDP.1.FDPUB.FNCUR,TGO,1999,81.68003082275391,,
26526,TGO,1999,0,NIL,
21515,TGO,1999,0,NA,
NERT.3.M.CP,TGO,1999,35.77227020263672,,
26596,TGO,1999,0,NIL,
42101,TGO,1999,2092,,
41910,TGO,1999,22411,,
26537,TGO,1999,0,NIL,
REPR.2.G1.CP,TGO,1999,18.39259910583496,,
GER.2T3.F,TGO,1999,17.18021965026855,,
26652,TGO,1999,0,NIL,
SAP.2.M,TGO,1999,231867,,
26585,TGO,1999,0,NIL,
26592,TGO,1999,0,NIL,
26623,TGO,1999,0,NIL,
41924,TGO,1999,3902,,
GER.4,TGO,1999,.3343999981880188,,
26595,TGO,1999,0,NIL,
GER.3,TGO,1999,15.84130954742432,,
41909,TGO,1999,19650,,
26440,TGO,1999,29,,
26421,TGO,1999,0,NIL,
26514,TGO,1999,0,NIL,
X.PPP.4.FSGOV,TGO,1999,0,NIL,
SAP.2,TGO,1999,461425,,
26578,TGO,1999,0,NIL,
26575,TGO,1999,0,NIL,
26552,TGO,1999,0,NIL,
SAP.1.AGM1,TGO,1999,143704,,
X.USCONST.3.FSGOV,TGO,1999,18.13005065917969,,
SAP.2.F,TGO,1999,229558,,
SAP.02.F,TGO,1999,221109,,
41927,TGO,1999,2348,,
X.USCONST.FSGOV,TGO,1999,117.2945785522461,,
REPR.2.G5.M.CP,TGO,1999,0,NA,
XSPENDP.1.FDPUB.FNCAP,TGO,1999,18.31996917724609,,
SAP.5T8.M,TGO,1999,232681,,
GER.2.M,TGO,1999,54.34624099731445,,
X.US.3.FSGOV,TGO,1999,10.20075988769531,,
X.US.UK.FSGOV,TGO,1999,.7219600081443787,,
26580,TGO,1999,0,NIL,
OE.5T8.40505,TGO,1999,0,NIL,UIS_EST
OFST.2T3.M.CP,TGO,1999,139809,,
XSPENDP.2T3.FDPUB.FNS,TGO,1999,78.42165374755859,,
26489,TGO,1999,0,NIL,
REPR.1.G5.F.CP,TGO,1999,24.83855056762695,,
SAP.1.G1.M,TGO,1999,70272,,
26480,TGO,1999,0,NIL,
GER.3.F,TGO,1999,6.573830127716064,,
26472,TGO,1999,0,NIL,
26427,TGO,1999,43,,
E.5T8.FOREIGN.ORG40525,TGO,1999,3,,
FTP.2T3,TGO,1999,13.13115978240967,,
X.US.2T3.FSGOV,TGO,1999,21.79080963134766,,
XSPENDP.3.FDPUB.FNS,TGO,1999,71.43379974365234,,
21503,TGO,1999,26002,,
41913,TGO,1999,0,NA,
40054,TGO,1999,0,NA,
PRP.02,TGO,1999,53.14474105834961,,
X.PPPCONST.UK.FSGOV,TGO,1999,3.138079881668091,,
26534,TGO,1999,0,NIL,
41918,TGO,1999,4454,,
42100,TGO,1999,3637,,
GTVP.3.GPV,TGO,1999,76.52414703369141,,
26520,TGO,1999,0,NIL,
26617,TGO,1999,0,NIL,
SLE.4.F,TGO,1999,.0012199999764562,,
X.PPPCONST.2.FSGOV,TGO,1999,50.37754821777344,,
26643,TGO,1999,0,NIL,
SAP.1.G1,TGO,1999,139955,,
26629,TGO,1999,0,NIL,
26565,TGO,1999,0,NIL,
OFST.2T3.F.CP,TGO,1999,249270,,
26603,TGO,1999,0,NIL,
26497,TGO,1999,0,NIL,
XSPENDP.4.FDPUB.FNS,TGO,1999,0,NA,
26469,TGO,1999,0,NIL,
299902,TGO,1999,3,,
REPR.2.G5.F.CP,TGO,1999,0,NA,
REPR.2.G5.CP,TGO,1999,0,NA,
26574,TGO,1999,0,NIL,
SLE.2T3,TGO,1999,2.131289958953857,,
XGDP.1.FSGOV,TGO,1999,1.167580008506775,,
26598,TGO,1999,0,NIL,
OFST.AGM1.F.CP,TGO,1999,51866,,
406,TGO,1999,1999,,
26622,TGO,1999,0,NIL,
26651,TGO,1999,0,NIL,
26615,TGO,1999,0,NIL,
E.5T8.FOREIGN.ORG40500,TGO,1999,5,,
20164,TGO,1999,4105,,
SR.1.GLAST.CP,TGO,1999,45.66003036499023,,
26428,TGO,1999,0,NIL,
REPR.2.G2.CP,TGO,1999,16.72831916809082,,
GTVP.2.GPV,TGO,1999,97.93611907958984,,
SR.1.G4.M.CP,TGO,1999,61.50683975219727,,
26426,TGO,1999,9,,
26587,TGO,1999,0,NIL,
26607,TGO,1999,0,NIL,
X.USCONST.UK.FSGOV,TGO,1999,1.28314995765686,,
26423,TGO,1999,66,,
26533,TGO,1999,0,NIL,
40044,TGO,1999,165565,,
XGDP.02.FSGOV,TGO,1999,0,NIL,
26573,TGO,1999,0,NIL,
41929,TGO,1999,0,NA,
21514,TGO,1999,0,NA,
26618,TGO,1999,0,NIL,
41939,TGO,1999,0,NA,
26624,TGO,1999,0,NIL,
PRP.4,TGO,1999,0,NA,
GTVP.2T3.V,TGO,1999,6.667009830474854,,
26522,TGO,1999,0,NIL,
X.PPPCONST.2T3.FSGOV,TGO,1999,94.71633911132813,,
26569,TGO,1999,0,NIL,
OFST.3.M.CP,TGO,1999,101440,,
26445,TGO,1999,0,NIL,
XSPENDP.02.FDPUB.FNS,TGO,1999,0,NA,
26563,TGO,1999,0,NIL,
SAP.0.F,TGO,1999,221109,,
SLE.1.M,TGO,1999,8.493040084838867,,
26493,TGO,1999,0,NIL,
26475,TGO,1999,0,NIL,
26511,TGO,1999,0,NIL,
26616,TGO,1999,0,NIL,
SLE.4,TGO,1999,.0040299999527633,,
20063,TGO,1999,410894,,
E.5T8.FOREIGN.ORG40515,TGO,1999,0,NIL,
26523,TGO,1999,0,NIL,
20064,TGO,1999,182084,,
X.PPPCONST.1.FSGOV,TGO,1999,108.7366027832031,,
XGDP.2.FSGOV,TGO,1999,.54093998670578,,
42619,TGO,1999,0,NIL,
26473,TGO,1999,0,NIL,
REPR.1.G5.M.CP,TGO,1999,23.63389015197754,,
26420,TGO,1999,539,,
26463,TGO,1999,0,NIL,
26582,TGO,1999,0,NIL,
20160,TGO,1999,566,,
NERT.3.GPIA,TGO,1999,.3989599943161011,,
REPR.1.G1.F.CP,TGO,1999,30.86076927185059,,
26556,TGO,1999,0,NIL,
26525,TGO,1999,0,NIL,
XGDP.5T8.FSGOV,TGO,1999,.6773499846458435,,
REPR.2.G2.F.CP,TGO,1999,17.83856964111328,,
SLE.1T3.F,TGO,1999,7.634079933166504,,
26528,TGO,1999,0,NIL,
26516,TGO,1999,0,NIL,
SR.1.G4.GPIA,TGO,1999,.9390199780464172,,
26609,TGO,1999,0,NIL,
41907,TGO,1999,31358,,
26517,TGO,1999,0,NIL,
26541,TGO,1999,0,NIL,
41938,TGO,1999,0,NA,
26630,TGO,1999,0,NIL,
REPR.1.G3.F.CP,TGO,1999,28.99724006652832,,
GER.4.F,TGO,1999,.1033200025558472,,
REPR.2.G4.CP,TGO,1999,26.68988037109375,,
OFST.2.F.CP,TGO,1999,114819,,
26621,TGO,1999,0,NIL,
26612,TGO,1999,0,NIL,
26434,TGO,1999,12,,
26606,TGO,1999,0,NIL,
26599,TGO,1999,0,NIL,
XSPENDP.1.FDPUB.FNNONS,TGO,1999,15.80296039581299,,
26456,TGO,1999,0,NIL,
26486,TGO,1999,0,NIL,
26532,TGO,1999,0,NIL,
26543,TGO,1999,0,NIL,
26608,TGO,1999,0,NIL,
SAP.2.G1.M,TGO,1999,60311,,
SAP.2.G1.F,TGO,1999,59663,,
GER.4.M,TGO,1999,.5642499923706055,,
THDUR.2T3,TGO,1999,7,,
26638,TGO,1999,178,,
XSPENDP.2T3.FDPUB.FNNTS,TGO,1999,1.760550022125244,,
26510,TGO,1999,0,NIL,
REPR.1.G6.CP,TGO,1999,14.65046977996826,,
26453,TGO,1999,0,NIL,
41921,TGO,1999,0,NA,
26481,TGO,1999,0,NIL,
26560,TGO,1999,0,NIL,
41934,TGO,1999,8878,,
XGDP.3.FSGOV,TGO,1999,.4760999977588654,,
SAP.3,TGO,1999,314772,,
OFST.1T3.M.CP,TGO,1999,139809,,
26611,TGO,1999,0,NIL,
26546,TGO,1999,1,,
999976,TGO,1999,4,,
MOR.5T8.40515,TGO,1999,0,NIL,UIS_EST
NERT.2.CP,TGO,1999,66.80110931396484,,
XSPENDP.2T3.FDPUB.FNBOOKS,TGO,1999,12.60958003997803,,
26491,TGO,1999,0,NIL,
26545,TGO,1999,0,NIL,
X.US.5T8.FSGOV,TGO,1999,14.51270961761475,,
26519,TGO,1999,1,,
X.USCONST.5T8.FSGOV,TGO,1999,25.79379081726074,,
SAP.4.F,TGO,1999,49361,,
SAP.1.AGM1.F,TGO,1999,71575,,
REPR.1.G4.M.CP,TGO,1999,22.00498962402344,,
X.US.4.FSGOV,TGO,1999,0,NIL,
21502,TGO,1999,57360,,
REPR.2.G2.M.CP,TGO,1999,16.22262001037598,,
26566,TGO,1999,0,NIL,
26492,TGO,1999,0,NIL,
26450,TGO,1999,0,NIL,
XGDP.4.FSGOV,TGO,1999,0,NIL,
25007,TGO,1999,40,,
26601,TGO,1999,0,NIL,
FTP.1,TGO,1999,13.45911979675293,,
26508,TGO,1999,0,NIL,
10404,TGO,1999,6,,
21517,TGO,1999,129711,,
40035,TGO,1999,542992,,
26590,TGO,1999,0,NIL,
OFST.1T2.CP,TGO,1999,237871,,
26430,TGO,1999,33,,
OFST.2.M.CP,TGO,1999,38369,,
REPR.1.G7.M.CP,TGO,1999,0,NA,
REPR.2.G3.F.CP,TGO,1999,26.72190093994141,,
XSPENDP.02.FDPUB.FNNONS,TGO,1999,0,NA,
X.PPP.3.FSGOV,TGO,1999,30.50050926208496,,
42099,TGO,1999,19997,,
GER.1T2,TGO,1999,90.87010955810547,,
26459,TGO,1999,0,NIL,
21513,TGO,1999,0,NA,
26477,TGO,1999,0,NIL,
SAP.0.M,TGO,1999,222775,,
26518,TGO,1999,0,NIL,
E.5T8.FOREIGN.ORG99000000,TGO,1999,0,NIL,
REPR.1.G5.CP,TGO,1999,24.10037040710449,,
26437,TGO,1999,0,NIL,
SLE.4.GPIA,TGO,1999,.1779299974441528,,
XSPENDP.02.FDPUB.FNCAP,TGO,1999,0,NA,
REPR.1.G7.F.CP,TGO,1999,0,NA,
26495,TGO,1999,0,NIL,
26441,TGO,1999,0,NIL,
26581,TGO,1999,0,NIL,
26474,TGO,1999,0,NIL,
26465,TGO,1999,0,NIL,
26570,TGO,1999,0,NIL,
REPR.1.G3.M.CP,TGO,1999,27.68191909790039,,
X.PPP.UK.FSGOV,TGO,1999,2.158669948577881,,
SAP.5T8,TGO,1999,464579,,
SLE.1,TGO,1999,7.466639995574951,,
26454,TGO,1999,0,NIL,
26641,TGO,1999,0,NIL,
X.US.FSGOV,TGO,1999,65.99504852294922,,
21501,TGO,1999,36897,,
SAP.0,TGO,1999,443884,,
GER.3.GPIA,TGO,1999,.2624900043010712,,
20171,TGO,1999,398,,
41922,TGO,1999,25286,,
REPR.1.M.CP,TGO,1999,25.39834976196289,,
XSPENDP.3.FDPUB.FNTS,TGO,1999,68.46405792236328,,
SLE.4.M,TGO,1999,.0068500000052154,,
40051,TGO,1999,5601,,
26457,TGO,1999,234,,
XSPENDP.2.FDPUB.FNNTS,TGO,1999,.7477200031280518,,
999978,TGO,1999,3,,
X.PPP.1.FSGOV,TGO,1999,74.79953765869141,,
XSPENDP.4.FDPUB.FNCUR,TGO,1999,0,NA,
SAP.3.F,TGO,1999,156834,,
20082,TGO,1999,231948,,
SLE.1T3.GPIA,TGO,1999,.6612600088119507,,
REPR.1.G6.F.CP,TGO,1999,15.2764196395874,,
MOR.5T8.40535,TGO,1999,0,NIL,UIS_EST
OE.5T8.40535,TGO,1999,0,NIL,UIS_EST
XSPENDP.2.FDPUB.FNCAP,TGO,1999,1.483420014381409,,
26619,TGO,1999,0,NIL,
21504,TGO,1999,59738,,
299932,TGO,1999,6,,
SAP.1.GLAST.M,TGO,1999,62059,,
26536,TGO,1999,0,NIL,
20070,TGO,1999,49864,,
41940,TGO,1999,37602,,
SAP.4.M,TGO,1999,49623,,
25003,TGO,1999,384,,
26425,TGO,1999,21,,
41914,TGO,1999,167574,,
26549,TGO,1999,0,NIL,
26502,TGO,1999,0,NIL,
X.PPPCONST.5T8.FSGOV,TGO,1999,63.08121109008789,,
40032,TGO,1999,0,NA,
41933,TGO,1999,11130,,
26594,TGO,1999,0,NIL,
20065,TGO,1999,56073,,
XSPENDP.2T3.FDPUB.FNCUR,TGO,1999,98.56092834472656,,
SLE.1T2,TGO,1999,9.045080184936523,,
41912,TGO,1999,0,NA,
GER.3.M,TGO,1999,25.04400062561035,,
OFST.1T2.M.CP,TGO,1999,38369,,
26547,TGO,1999,0,NIL,
21508,TGO,1999,37069,,
SAP.CE.M,TGO,1999,628160,,
299929,TGO,1999,3,,
26471,TGO,1999,7,,
SLE.2T3.GPIA,TGO,1999,.3946300148963928,,
26476,TGO,1999,0,NIL,
26551,TGO,1999,0,NIL,
26500,TGO,1999,0,NIL,
OFST.2.CP,TGO,1999,153188,,
OFST.1T3.CP,TGO,1999,473762,,
42097,TGO,1999,15,,
E.5T8.FOREIGN.ORG40540,TGO,1999,537,,
PRP.2T3,TGO,1999,17.71949005126953,,
REPR.1.G3.CP,TGO,1999,28.27219009399414,,
REPR.1.G2.M.CP,TGO,1999,26.57621002197266,,
X.US.02.FSGOV,TGO,1999,0,NIL,
FTP.02,TGO,1999,97.34982299804688,,
26460,TGO,1999,12,,
26614,TGO,1999,0,NIL,
41928,TGO,1999,0,NA,
25056,TGO,1999,0,NIL,
SAP.1.F,TGO,1999,392385,,
999988,TGO,1999,1,,
XSPENDP.3.FDPUB.FNNTS,TGO,1999,2.96973991394043,,
26544,TGO,1999,0,NIL,
XSPENDP.3.FDPUB.FNCUR,TGO,1999,98.61387634277344,,
26443,TGO,1999,2,,
26558,TGO,1999,0,NIL,
XSPENDP.2.FDPUB.FNTS,TGO,1999,83.52706146240234,,
OFST.3.CP,TGO,1999,235891,,
SR.1.GLAST.M.CP,TGO,1999,48.72301864624023,,
26562,TGO,1999,0,NIL,
SLE.1T2.M,TGO,1999,10.66689014434814,,
SLE.1T2.F,TGO,1999,7.406869888305664,,
OFST.2T3.CP,TGO,1999,389079,,
X.USCONST.2.FSGOV,TGO,1999,20.59929084777832,,
OFST.1T2.F.CP,TGO,1999,199502,,
REPR.1.F.CP,TGO,1999,26.45013046264648,,
26597,TGO,1999,0,NIL,
XSPENDP.2T3.FDPUB.FNNONS,TGO,1999,20.13925933837891,,
26553,TGO,1999,0,NIL,
NERT.3.F.CP,TGO,1999,14.27178001403809,,
XSPENDP.1.FDPUB.FNTS,TGO,1999,64.818603515625,,
41906,TGO,1999,45214,,
GER.1T3,TGO,1999,75.77819061279297,,
40047,TGO,1999,280,,
OFST.AGM1.M.CP,TGO,1999,50366,,
SAP.4,TGO,1999,98984,,
26588,TGO,1999,0,NIL,
26468,TGO,1999,0,NIL,
OFST.AGM1.CP,TGO,1999,102232,,
SAP.CE.F,TGO,1999,621943,,
REPR.2.G3.CP,TGO,1999,25.55566024780273,,
26432,TGO,1999,25,,
20165,TGO,1999,468,,
10403,TGO,1999,10,,
REPR.1.G4.CP,TGO,1999,22.58457946777344,,
GTVP.3.V,TGO,1999,23.47584915161133,,
26467,TGO,1999,0,NIL,
XSPENDP.02.FDPUB.FNNTS,TGO,1999,0,NA,
26550,TGO,1999,0,NIL,
26488,TGO,1999,0,NIL,
GER.2,TGO,1999,39.46123123168945,,
GER.1T2.F,TGO,1999,75.08196258544922,,
42110,TGO,1999,0,NA,
25052,TGO,1999,0,NIL,
26548,TGO,1999,0,NIL,
26470,TGO,1999,0,NIL,
26494,TGO,1999,0,NIL,
999974,TGO,1999,3,,
GER.1,TGO,1999,120.9474563598633,,
26579,TGO,1999,0,NIL,
XSPENDP.4.FDPUB.FNCAP,TGO,1999,0,NA,
SR.1.GLAST.F.CP,TGO,1999,41.61949157714844,,
GER.4.GPIA,TGO,1999,.1831099987030029,,
SAP.02.M,TGO,1999,222775,,
26535,TGO,1999,0,NIL,
26555,TGO,1999,0,NIL,
PRP.0,TGO,1999,53.14474105834961,,
XSPENDP.1.FDPUB.FNBOOKS,TGO,1999,3.567219972610474,,
SLE.02.M,TGO,1999,.0760999992489815,,
21509,TGO,1999,14658,,
X.USCONST.02.FSGOV,TGO,1999,0,NIL,
GER.1T2.GPIA,TGO,1999,.7049800157546997,,
999977,TGO,1999,16,,
REPR.2.M.CP,TGO,1999,20.22171020507813,,
26509,TGO,1999,0,NIL,
400,TGO,1999,10,,
41916,TGO,1999,6141,,
SLE.1T2.GPIA,TGO,1999,.694379985332489,,
26613,TGO,1999,0,NIL,
GER.1.GPIA,TGO,1999,.7642599940299988,,
26444,TGO,1999,0,NIL,
26499,TGO,1999,0,NIL,
41908,TGO,1999,32309,,
XSPENDP.1.FDPUB.FNNTS,TGO,1999,.5263699889183044,,
26589,TGO,1999,0,NIL,
SR.1.G4.F.CP,TGO,1999,57.75638961791992,,
OE.5T8.40500,TGO,1999,1600,,
26422,TGO,1999,0,NIL,
GTVP.4.V,TGO,1999,0,NA,
21512,TGO,1999,0,NA,
26571,TGO,1999,5,,
X.PPP.2.FSGOV,TGO,1999,34.65454864501953,,
26542,TGO,1999,0,NIL,
26631,TGO,1999,0,NIL,
26647,TGO,1999,0,NIL,
PRP.01,TGO,1999,0,NA,
XSPENDP.02.FDPUB.FNCUR,TGO,1999,0,NA,
26439,TGO,1999,0,NIL,
20162,TGO,1999,23107,,
SLE.2T3.M,TGO,1999,3.051660060882568,,
SAP.2T3.F,TGO,1999,386392,,
26449,TGO,1999,0,NIL,
26436,TGO,1999,0,NIL,
X.PPPCONST.3.FSGOV,TGO,1999,44.33879089355469,,
10405,TGO,1999,1998,,
26645,TGO,1999,0,NIL,
E.5T8.FOREIGN.ORG40535,TGO,1999,0,NIL,
XSPENDP.2.FDPUB.FNS,TGO,1999,84.2747802734375,,
GER.2.GPIA,TGO,1999,.4494599997997284,,
40050,TGO,1999,0,NA,
26490,TGO,1999,0,NIL,
26461,TGO,1999,1,,
SLE.2T3.F,TGO,1999,1.204270005226135,,
E.5T8.FOREIGN.ORG40530,TGO,1999,0,NIL,
26591,TGO,1999,0,NIL,
20077,TGO,1999,51,,
OE.5T8.40530,TGO,1999,5,,UIS_EST
REPR.2.G4.M.CP,TGO,1999,24.3502197265625,,
21510,TGO,1999,26397,,
SAP.1.M,TGO,1999,396293,,
26646,TGO,1999,0,NIL,
SLE.1T3.M,TGO,1999,11.54469966888428,,
SAP.2T3,TGO,1999,776197,,
42116,TGO,1999,0,NA,
26576,TGO,1999,0,NIL,
43188,TGO,1999,367,,
26644,TGO,1999,0,NIL,
40055,TGO,1999,11241,,
20183,TGO,1999,866,,
XSPENDP.2.FDPUB.FNNONS,TGO,1999,14.24180030822754,,
REPR.2.CP,TGO,1999,21.01656913757324,,
X.PPPCONST.02.FSGOV,TGO,1999,0,NIL,
26561,TGO,1999,0,NIL,
26498,TGO,1999,0,NIL,
REPR.1.G4.F.CP,TGO,1999,23.39076995849609,,
41920,TGO,1999,0,NA,
26540,TGO,1999,0,NIL,
20076,TGO,1999,331,,
X.USCONST.4.FSGOV,TGO,1999,0,NIL,
SR.1.G5.GPIA,TGO,1999,.9026600122451782,,
SAP.1,TGO,1999,788678,,
GER.1T3.M,TGO,1999,90.13596343994141,,
26584,TGO,1999,5,,
GER.2.F,TGO,1999,24.42650985717773,,
42096,TGO,1999,0,NA,
21516,TGO,1999,297285,,
OE.5T8.40510,TGO,1999,3890,,UIS_EST
20182,TGO,1999,6595,,
26515,TGO,1999,0,NIL,
26501,TGO,1999,0,NIL,
26524,TGO,1999,0,NIL,
26447,TGO,1999,0,NIL,
GER.2T3.M,TGO,1999,42.47380065917969,,
41937,TGO,1999,0,NA,
SR.1.G5.M.CP,TGO,1999,54.84991836547852,,
SAP.2.G1,TGO,1999,119974,,
REPR.2.G3.M.CP,TGO,1999,25.06189918518066,,
999973,TGO,1999,3,,
MOR.5T8.40505,TGO,1999,0,NIL,UIS_EST
X.PPP.5T8.FSGOV,TGO,1999,43.39334869384766,,
26504,TGO,1999,0,NIL,
26429,TGO,1999,0,NIL,
26446,TGO,1999,0,NIL,
26435,TGO,1999,1,,
26531,TGO,1999,0,NIL,
41926,TGO,1999,3329,,
26485,TGO,1999,0,NIL,
26637,TGO,1999,545,,
26593,TGO,1999,0,NIL,
GER.1T2.M,TGO,1999,106.5020065307617,,
21511,TGO,1999,9765,,
GER.2T3,TGO,1999,29.88261985778809,,
20170,TGO,1999,2490,,
26557,TGO,1999,0,NIL,
21505,TGO,1999,27429,,
26496,TGO,1999,0,NIL,
SLE.02.GPIA,TGO,1999,1.000270009040833,,
26513,TGO,1999,0,NIL,
X.PPP.02.FSGOV,TGO,1999,0,NIL,
299905,TGO,1999,6,,
20060,TGO,1999,11241,,
REPR.1.G7.CP,TGO,1999,0,NA,
20062,TGO,1999,953886,,
GER.1T3.GPIA,TGO,1999,.6799200177192688,,
26507,TGO,1999,0,NIL,
OE.5T8.40515,TGO,1999,0,NIL,UIS_EST
X.PPPCONST.4.FSGOV,TGO,1999,0,NIL,
21506,TGO,1999,34610,,
E.5T8.FOREIGN.ORG40520,TGO,1999,0,NIL,
26527,TGO,1999,0,NIL,
26484,TGO,1999,0,NIL,
26642,TGO,1999,0,NIL,
NERT.3.CP,TGO,1999,25.05973052978516,,
26503,TGO,1999,0,NIL,
10406,TGO,1999,1999,,
REPR.2.G4.F.CP,TGO,1999,32.40465927124023,,
26610,TGO,1999,0,NIL,
26627,TGO,1999,0,NIL,
NERT.2.F.CP,TGO,1999,49.98257827758789,,
REPR.2.G1.F.CP,TGO,1999,19.71940040588379,,
26625,TGO,1999,0,NIL,
GTVP.4.GPV,TGO,1999,100,,
XSPENDP.3.FDPUB.FNNONS,TGO,1999,27.18008041381836,,
26626,TGO,1999,0,NIL,
26458,TGO,1999,7,,
SAP.1.GLAST,TGO,1999,123412,,
XSPENDP.1.FDPUB.FNS,TGO,1999,65.34494781494141,,
XSPENDP.02.FDPUB.FNTS,TGO,1999,0,NA,
X.PPPCONST.FSGOV,TGO,1999,286.8552551269531,,
401,TGO,1999,6,,
26479,TGO,1999,0,NIL,
26442,TGO,1999,0,NIL,
41911,TGO,1999,16632,,
26433,TGO,1999,27,,
REPR.1.G2.F.CP,TGO,1999,26.34823036193848,,
26452,TGO,1999,1,,
40033,TGO,1999,5640,,
MENF.5T8,TGO,1999,-3345,,UIS_EST
26602,TGO,1999,0,NIL,
REPR.1.CP,TGO,1999,25.85140991210938,,
X.PPP.2T3.FSGOV,TGO,1999,65.15505218505859,,
41931,TGO,1999,12316,,
NERT.1.CP,TGO,1999,89.26264953613281,,
SAP.2T3.M,TGO,1999,389805,,
OFST.3.F.CP,TGO,1999,134451,,
FTP.3,TGO,1999,15.98394012451172,,
PRP.1,TGO,1999,35.56367874145508,,
26448,TGO,1999,0,NIL,
SAP.02,TGO,1999,443884,,
X.US.2.FSGOV,TGO,1999,11.59006023406982,,
FTP.5T8,TGO,1999,10.41666984558105,,
999987,TGO,1999,19,,
26650,TGO,1999,0,NIL,
40038,TGO,1999,126011,,
E.5T8.FOREIGN.ORG40505,TGO,1999,0,NIL,
X.USCONST.1.FSGOV,TGO,1999,44.46218872070313,,
NERT.2.M.CP,TGO,1999,83.4521484375,,
SLE.1.F,TGO,1999,6.429810047149658,,
41936,TGO,1999,6802,,
REPR.1.G6.M.CP,TGO,1999,14.30105018615723,,
40041,TGO,1999,39554,,
26431,TGO,1999,5,,
REPR.1.G1.M.CP,TGO,1999,31.7824592590332,,
SR.1.G4.CP,TGO,1999,59.81021118164063,,
26482,TGO,1999,0,NIL,
26538,TGO,1999,0,NIL,
SLE.1T3,TGO,1999,9.597920417785645,,
26506,TGO,1999,0,NIL,
GER.1.M,TGO,1999,137.0178070068359,,
SR.1.G5.CP,TGO,1999,52.48202896118164,,
26648,TGO,1999,0,NIL,
OFST.1T3.F.CP,TGO,1999,333953,,
21507,TGO,1999,14960,,
XSPENDP.2.FDPUB.FNCUR,TGO,1999,98.51657867431641,,
26567,TGO,1999,0,NIL,
26451,TGO,1999,4,,
XSPENDP.2T3.FDPUB.FNTS,TGO,1999,76.66110229492188,,
GTVP.2T3.GPV,TGO,1999,93.33299255371094,,
41930,TGO,1999,0,NA,
REPR.1.G1.CP,TGO,1999,31.35692977905273,,
26529,TGO,1999,0,NIL,
20071,TGO,1999,10310,,
GER.2T3.GPIA,TGO,1999,.4044899940490723,,
26605,TGO,1999,0,NIL,
26424,TGO,1999,0,NIL,
26539,TGO,1999,0,NIL,
XSPENDP.4.FDPUB.FNNONS,TGO,1999,0,NA,
XSPENDP.2T3.FDPUB.FNCAP,TGO,1999,1.439069986343384,,
XSPENDP.4.FDPUB.FNNTS,TGO,1999,0,NA,
20061,TGO,1999,5601,,
26438,TGO,1999,0,NIL,
26628,TGO,1999,0,NIL,
REPR.2.F.CP,TGO,1999,22.78994941711426,,
X.PPP.FSGOV,TGO,1999,197.3267669677734,,
REPR.2.G1.M.CP,TGO,1999,17.75443077087402,,
41915,TGO,1999,7228,,
XSPENDP.3.FDPUB.FNCAP,TGO,1999,1.386119961738586,,
20161,TGO,1999,551,,
26559,TGO,1999,0,NIL,
XSPENDP.4.FDPUB.FNTS,TGO,1999,0,NA,
20062,TGO,2000,914919,,
20061,TGO,2000,4829,,
OFST.AGM1.CP,TGO,2000,102454,,
41922,TGO,2000,24900,,
21511,TGO,2000,5322,,
X.US.4.FSGOV,TGO,2000,0,NIL,
X.USCONST.1.FSGOV,TGO,2000,52.96875,,
42116,TGO,2000,0,NA,
21510,TGO,2000,14247,,
XSPENDP.3.FDPUB.FNNONS,TGO,2000,19.31526947021484,,
SAP.2.F,TGO,2000,235267,,
XSPENDP.FDPUB.FNNONS,TGO,2000,20.92132949829102,,
41936,TGO,2000,8047,,
GER.2.GPIA,TGO,2000,.4907200038433075,,
REPR.2.G5.F.CP,TGO,2000,0,NA,
XSPENDP.2T3.FDPUB.FNBOOKS,TGO,2000,6.039730072021484,,
X.US.02.FSGOV,TGO,2000,0,NIL,
OE.5T8.40505,TGO,2000,0,NIL,UIS_EST
SAP.3.M,TGO,2000,162286,,
21504,TGO,2000,51128,,
41918,TGO,2000,5209,,
REPR.1.G4.M.CP,TGO,2000,19.85337066650391,,
ILLPOP.AG15T24.F,TGO,2000,182237,,
21512,TGO,2000,0,NA,
X.PPPCONST.2T3.FSGOV,TGO,2000,78.15023803710938,,
SR.1.G4.GPIA,TGO,2000,.9177600145339966,,
REPR.2.M.CP,TGO,2000,19.27125930786133,,
SLE.1.M,TGO,2000,7.80974006652832,,UIS_EST
999976,TGO,2000,4,,
SAP.4.M,TGO,2000,51051,,
GER.2,TGO,2000,43.91268920898438,,
GER.3.F,TGO,2000,7.474410057067871,,UIS_EST
GTVP.2T3.GPV,TGO,2000,94.16763305664063,,
20161,TGO,2000,543,,
41913,TGO,2000,0,NA,
SAP.CE.M,TGO,2000,642904,,
XSPENDP.5T8.FDPUB.FNCUR,TGO,2000,99.72315216064453,,
X.US.5T8.FSGOV,TGO,2000,10.17166996002197,,
X.USCONST.5T8.FSGOV,TGO,2000,18.95602035522461,,
41927,TGO,2000,2838,,
40054,TGO,2000,0,NA,
10406,TGO,2000,2000,,
XSPENDP.02.FDPUB.FNCUR,TGO,2000,0,NA,
299932,TGO,2000,6,,
404,TGO,2000,6,,
41917,TGO,2000,7288,,
21505,TGO,2000,23533,,
X.US.3.FSGOV,TGO,2000,7.21619987487793,,
REPR.1.M.CP,TGO,2000,24.37660980224609,,
X.US.FSGOV,TGO,2000,58.49554061889648,,
20064,TGO,2000,207754,,
41919,TGO,2000,0,NA,
X.USCONST.02.FSGOV,TGO,2000,0,NIL,
SAP.1.F,TGO,2000,401001,,
GER.3.GPIA,TGO,2000,.3118999898433685,,UIS_EST
SAP.0.M,TGO,2000,227336,,
REPR.2.G2.F.CP,TGO,2000,17.04256057739258,,
GER.2.F,TGO,2000,28.85700035095215,,
GER.4.GPIA,TGO,2000,0,NA,
10403,TGO,2000,10,,
SAP.2T3,TGO,2000,796369,,
GTVP.4.V,TGO,2000,0,NA,
REPR.1.G1.M.CP,TGO,2000,31.23163032531738,,
41934,TGO,2000,7914,,
REPR.1.G6.F.CP,TGO,2000,21.06822967529297,,
ILLPOP.AG15T99.M,TGO,2000,435423,,
REPR.1.G3.M.CP,TGO,2000,26.22747993469238,,
21509,TGO,2000,12231,,
406,TGO,2000,2000,,
SR.1.G5.F.CP,TGO,2000,69.26386260986328,,
41926,TGO,2000,3290,,
41925,TGO,2000,2641,,
GER.1T2.F,TGO,2000,73.68106079101563,,
SAP.2.M,TGO,2000,237840,,
41907,TGO,2000,27011,,
GER.2T3.M,TGO,2000,44.67443084716797,,
OFST.1T3.CP,TGO,2000,533891,,UIS_EST
FTP.2T3,TGO,2000,10.88626003265381,,UIS_EST
SAP.1.GLAST.M,TGO,2000,63439,,
SAP.2.G1.F,TGO,2000,61217,,
XSPENDP.3.FDPUB.FNCAP,TGO,2000,7.381249904632568,,
SAP.1.GLAST.F,TGO,2000,62705,,
REPR.1.G2.F.CP,TGO,2000,25.18357086181641,,
ILLPOP.AG15T24.M,TGO,2000,81539,,
ILLPOP.AG15T24,TGO,2000,263776,,
20076,TGO,2000,0,NIL,
SLE.1,TGO,2000,6.961259841918945,,
25007,TGO,2000,37,,UIS_EST
21508,TGO,2000,30647,,
XSPENDP.1.FDPUB.FNS,TGO,2000,70.62180328369141,,
299929,TGO,2000,3,,
XSPENDP.2.FDPUB.FNS,TGO,2000,85.60370635986328,,
X.PPP.1.FSGOV,TGO,2000,91.12911224365234,,
20070,TGO,2000,50923,,UIS_EST
SLE.1T2.M,TGO,2000,10.16195964813232,,UIS_EST
41920,TGO,2000,0,NA,
X.PPPCONST.5T8.FSGOV,TGO,2000,46.35879135131836,,
REPR.1.G7.CP,TGO,2000,0,NA,
25003,TGO,2000,388,,UIS_EST
XSPENDP.2T3.FDPUB.FNNONS,TGO,2000,16.25254058837891,,
999975,TGO,2000,12,,
NERT.3.CP,TGO,2000,27.88883018493652,,UIS_EST
X.PPP.02.FSGOV,TGO,2000,0,NIL,
SAP.2T3.M,TGO,2000,400126,,
GER.1T8.F,TGO,2000,46.63061904907227,,UIS_EST
XSPENDP.1.FDPUB.FNCUR,TGO,2000,82.52136993408203,,
OE.5T8.40530,TGO,2000,5,,
20063,TGO,2000,400918,,
41937,TGO,2000,0,NA,
41911,TGO,2000,8925,,
21517,TGO,2000,108682,,
40055,TGO,2000,9432,,
SLE.1T8.GPIA,TGO,2000,.6692600250244141,,UIS_EST
X.USCONST.4.FSGOV,TGO,2000,0,NIL,
21515,TGO,2000,0,NA,
21506,TGO,2000,31870,,
25052,TGO,2000,0,NIL,
XSPENDP.2T3.FDPUB.FNS,TGO,2000,80.48947906494141,,
REPR.1.G6.CP,TGO,2000,19.66646003723145,,
REPR.1.G4.CP,TGO,2000,20.47501945495605,,
40047,TGO,2000,0,NIL,
41916,TGO,2000,5273,,
SR.1.G4.F.CP,TGO,2000,76.33007049560547,,
X.USCONST.UK.FSGOV,TGO,2000,5.185090065002441,,
SLE.1T3.GPIA,TGO,2000,.6819199919700623,,UIS_EST
SLE.1T8.F,TGO,2000,7.597859859466553,,UIS_EST
SLE.1T8,TGO,2000,9.483499526977539,,UIS_EST
X.PPPCONST.4.FSGOV,TGO,2000,0,NIL,
SLE.2T3.F,TGO,2000,1.44147002696991,,UIS_EST
GTVP.2.GPV,TGO,2000,98.23541259765625,,
GER.2T3.F,TGO,2000,20.17020034790039,,
X.USCONST.2T3.FSGOV,TGO,2000,31.95549011230469,,
X.PPPCONST.FSGOV,TGO,2000,266.6015319824219,,
41924,TGO,2000,3809,,
XGDP.4.FSGOV,TGO,2000,0,NIL,
21507,TGO,2000,13805,,
X.US.UK.FSGOV,TGO,2000,2.782279968261719,,
X.PPPCONST.2.FSGOV,TGO,2000,45.26142120361328,,
41940,TGO,2000,37478,,
GER.1.GPIA,TGO,2000,.7878999710083008,,
SLE.02.F,TGO,2000,.0642599985003471,,
41915,TGO,2000,7130,,
GER.4,TGO,2000,0,NIL,
ILLPOPF.AG15T24,TGO,2000,69.08769989013672,,
XSPENDP.4.FDPUB.FNNONS,TGO,2000,0,NA,
42104,TGO,2000,7310,,UIS_EST
X.PPP.UK.FSGOV,TGO,2000,8.920590400695801,,
X.US.2T3.FSGOV,TGO,2000,17.14709091186523,,
SAP.3.F,TGO,2000,160976,,
OFST.3.CP,TGO,2000,233108,,UIS_EST
REPR.2.G1.CP,TGO,2000,19.11606979370117,,
OE.5T8.40500,TGO,2000,1624,,UIS_EST
SAP.3,TGO,2000,323262,,
GER.1T8.GPIA,TGO,2000,.6899600028991699,,UIS_EST
X.PPP.4.FSGOV,TGO,2000,0,NIL,
REPR.1.G5.F.CP,TGO,2000,22.05727005004883,,
40050,TGO,2000,0,NA,
XSPENDP.FDPUB.FNCUR,TGO,2000,89.97530364990234,,
REPR.2.G4.M.CP,TGO,2000,20.34585952758789,,
SR.1.G5.GPIA,TGO,2000,.8722599744796753,,
21514,TGO,2000,0,NA,
XSPENDP.2T3.FDPUB.FNCUR,TGO,2000,96.74201965332031,,
REPR.1.G1.CP,TGO,2000,30.72068977355957,,
42096,TGO,2000,0,NA,
XGDP.02.FSGOV,TGO,2000,0,NIL,
X.US.1.FSGOV,TGO,2000,28.42266082763672,,
SLE.02,TGO,2000,.0625,,
SAP.2T3.F,TGO,2000,396243,,
41938,TGO,2000,0,NA,
40041,TGO,2000,38891,,UIS_EST
20183,TGO,2000,893,,UIS_EST
OE.5T8.40520,TGO,2000,0,NIL,UIS_EST
REPR.1.G6.M.CP,TGO,2000,18.83983039855957,,
SAP.2.G1.M,TGO,2000,61935,,
SR.1.G5.M.CP,TGO,2000,79.40760040283203,,
XSPENDP.02.FDPUB.FNCAP,TGO,2000,0,NA,
41929,TGO,2000,0,NA,
SAP.1.M,TGO,2000,405064,,
XGDP.3.FSGOV,TGO,2000,.3559400141239166,,
X.PPP.3.FSGOV,TGO,2000,23.13665962219238,,
X.PPPCONST.1.FSGOV,TGO,2000,129.5402069091797,,
21500,TGO,2000,69460,,
REPR.2.G2.CP,TGO,2000,16.02210998535156,,
20071,TGO,2000,12032,,UIS_EST
XGDP.2.FSGOV,TGO,2000,.4898400008678436,,
OFST.1.CP,TGO,2000,116951,,
40033,TGO,2000,4603,,
REPR.2.CP,TGO,2000,19.79783058166504,,
X.PPP.2T3.FSGOV,TGO,2000,54.97721862792969,,
10,TGO,2000,0,NA,
XSPENDP.2.FDPUB.FNCAP,TGO,2000,.3234699964523315,,
REPR.1.G2.CP,TGO,2000,25.37849044799805,,
XSPENDP.4.FDPUB.FNCAP,TGO,2000,0,NA,
GER.2.M,TGO,2000,58.80550003051758,,
SAP.02,TGO,2000,452945,,
GER.1T3.F,TGO,2000,60.31290054321289,,
41930,TGO,2000,0,NA,
999974,TGO,2000,3,,
XGDP.1.FSGOV,TGO,2000,1.401950001716614,,
REPR.2.G4.F.CP,TGO,2000,27.1358699798584,,
999978,TGO,2000,3,,
SLE.02.M,TGO,2000,.060759998857975,,
PRP.02,TGO,2000,52.21585845947266,,
999977,TGO,2000,16,,
SLE.1.GPIA,TGO,2000,.7815600037574768,,UIS_EST
41906,TGO,2000,37899,,
X.USCONST.FSGOV,TGO,2000,109.0128707885742,,
GER.1T3,TGO,2000,73.23834228515625,,
REPR.1.G7.F.CP,TGO,2000,0,NA,
REPR.2.G2.M.CP,TGO,2000,15.53627967834473,,
SAP.0,TGO,2000,452945,,
XSPENDP.02.FDPUB.FNNONS,TGO,2000,0,NA,
SAP.5T8,TGO,2000,479633,,
REPR.2.G5.M.CP,TGO,2000,0,NA,
X.USCONST.3.FSGOV,TGO,2000,13.44816970825195,,
XGDP.5T8.FSGOV,TGO,2000,.5017200112342834,,
OE.5T8.40515,TGO,2000,1,,UIS_EST
REPR.2.G3.CP,TGO,2000,23.04441070556641,,
SAP.02.M,TGO,2000,227336,,
XSPENDP.3.FDPUB.FNNTS,TGO,2000,2.345279932022095,,
GER.3,TGO,2000,15.7528600692749,,UIS_EST
XSPENDP.3.FDPUB.FNTS,TGO,2000,70.95819854736328,,
REPR.1.G5.M.CP,TGO,2000,19.92823028564453,,
XSPENDP.2.FDPUB.FNCUR,TGO,2000,99.67652893066406,,
SAP.1.G1.F,TGO,2000,71144,,
10404,TGO,2000,6,,
SR.1.G5.CP,TGO,2000,74.74034118652344,,
FTP.02,TGO,2000,97.31182861328125,,
41908,TGO,2000,27595,,
REPR.2.G4.CP,TGO,2000,22.46533966064453,,
20082,TGO,2000,258677,,
PRP.0,TGO,2000,52.21585845947266,,
GER.4.F,TGO,2000,0,NIL,
42110,TGO,2000,0,NA,
REPR.2.G5.CP,TGO,2000,0,NA,
SLE.02.GPIA,TGO,2000,1.054450035095215,,
XSPENDP.5T8.FDPUB.FNNONS,TGO,2000,50.31837844848633,,
THDUR.2T3,TGO,2000,7,,
ILLPOPF.AG15T99,TGO,2000,66.77808380126953,,
PRP.01,TGO,2000,0,NA,
SLE.2T3,TGO,2000,2.351730108261108,,UIS_EST
REPR.2.G3.M.CP,TGO,2000,22.90299987792969,,
XSPENDP.5T8.FDPUB.FNS,TGO,2000,49.40475845336914,,
299902,TGO,2000,3,,
SLE.1T3,TGO,2000,9.312990188598633,,UIS_EST
X.PPP.FSGOV,TGO,2000,187.5491638183594,,
REPR.1.G4.F.CP,TGO,2000,21.28956985473633,,
SAP.1.G1.M,TGO,2000,71773,,
NERT.1.CP,TGO,2000,85.49111938476563,,
XSPENDP.2T3.FDPUB.FNCAP,TGO,2000,3.257980108261108,,
REPR.1.F.CP,TGO,2000,25.33709907531738,,
PRP.1,TGO,2000,36.92065048217773,,
FTP.5T8,TGO,2000,9.536080360412598,,UIS_EST
43617,TGO,2000,351,,UIS_EST
42619,TGO,2000,0,NIL,
GER.2T3,TGO,2000,32.48205184936523,,
XSPENDP.FDPUB.FNCAP,TGO,2000,10.02470016479492,,
999987,TGO,2000,19,,
OFST.1T2.CP,TGO,2000,300783,,UIS_EST
NERT.2.CP,TGO,2000,61.14366912841797,,UIS_EST
SLE.1.F,TGO,2000,6.103759765625,,UIS_EST
SLE.1T2.GPIA,TGO,2000,.7142400145530701,,UIS_EST
21501,TGO,2000,31561,,
41910,TGO,2000,18416,,
SAP.1.AGM1.M,TGO,2000,73824,,
999973,TGO,2000,3,,
REPR.2.G3.F.CP,TGO,2000,23.35252952575684,,
XSPENDP.02.FDPUB.FNNTS,TGO,2000,0,NA,
SAP.02.F,TGO,2000,225609,,
GER.4.M,TGO,2000,0,NIL,
GER.1T2.M,TGO,2000,101.7047576904297,,
SAP.1,TGO,2000,806065,,
GTVP.2T3.V,TGO,2000,5.832369804382324,,
GTVP.3.GPV,TGO,2000,77.572021484375,,UIS_EST
GTVP.2.V,TGO,2000,1.76459002494812,,UIS_EST
SAP.CE.F,TGO,2000,636268,,
40032,TGO,2000,0,NA,
40034,TGO,2000,4603,,
GER.1T8,TGO,2000,57.15248107910156,,UIS_EST
REPR.1.G3.CP,TGO,2000,26.54095077514648,,
SLE.1T3.F,TGO,2000,7.545239925384521,,UIS_EST
XSPENDP.02.FDPUB.FNTS,TGO,2000,0,NA,
XSPENDP.3.FDPUB.FNCUR,TGO,2000,92.61875152587891,,
X.PPPCONST.3.FSGOV,TGO,2000,32.88880920410156,,
20077,TGO,2000,0,NIL,
XSPENDP.4.FDPUB.FNTS,TGO,2000,0,NA,
405,TGO,2000,1999,,
XGDP.2T3.FSGOV,TGO,2000,.8457800149917603,,
OE.5T8.40510,TGO,2000,3918,,UIS_EST
41912,TGO,2000,0,NA,
SAP.1.AGM1,TGO,2000,147065,,
41939,TGO,2000,0,NA,
20182,TGO,2000,8203,,UIS_EST
41921,TGO,2000,0,NA,
REPR.1.CP,TGO,2000,24.79750061035156,,
SLE.2T3.M,TGO,2000,3.254940032958984,,UIS_EST
REPR.1.G3.F.CP,TGO,2000,26.91526985168457,,
SAP.0.F,TGO,2000,225609,,
21516,TGO,2000,246593,,
41931,TGO,2000,12578,,
SAP.5T8.M,TGO,2000,240305,,
SAP.1.GLAST,TGO,2000,126144,,
41935,TGO,2000,10578,,
GER.1T8.M,TGO,2000,67.58454132080078,,UIS_EST
21502,TGO,2000,49241,,
XSPENDP.4.FDPUB.FNCUR,TGO,2000,0,NA,
GER.1.M,TGO,2000,126.8937683105469,,
41914,TGO,2000,137911,,
25056,TGO,2000,0,NIL,
GER.1T3.GPIA,TGO,2000,.7010200023651123,,
20160,TGO,2000,558,,
X.PPP.5T8.FSGOV,TGO,2000,32.61254119873047,,
REPR.2.G1.F.CP,TGO,2000,19.32616996765137,,
GTVP.3.V,TGO,2000,22.42798042297363,,UIS_EST
OE.5T8.40535,TGO,2000,0,NIL,
42099,TGO,2000,21197,,
XSPENDP.4.FDPUB.FNNTS,TGO,2000,0,NA,
XSPENDP.FDPUB.FNS,TGO,2000,69.05397033691406,,
XSPENDP.2.FDPUB.FNNONS,TGO,2000,14.07281970977783,,
SAP.4,TGO,2000,101770,,
41909,TGO,2000,18065,,
X.US.2.FSGOV,TGO,2000,9.930890083312988,,
SAP.4.F,TGO,2000,50719,,
999988,TGO,2000,1,,
GER.1T2.GPIA,TGO,2000,.7244600057601929,,
XSPENDP.3.FDPUB.FNS,TGO,2000,73.30348205566406,,
SAP.1.G1,TGO,2000,142917,,
SR.1.GLAST.GPIA,TGO,2000,.8294199705123901,,
SLE.1T8.M,TGO,2000,11.35260963439941,,UIS_EST
XSPENDP.1.FDPUB.FNCAP,TGO,2000,17.47863006591797,,
41928,TGO,2000,0,NA,
299905,TGO,2000,6,,
SR.1.GLAST.F.CP,TGO,2000,63.12574005126953,,
403,TGO,2000,9,,
SAP.CE,TGO,2000,1279172,,
SLE.1T2,TGO,2000,8.717769622802734,,
REPR.1.G1.F.CP,TGO,2000,30.12997055053711,,
21513,TGO,2000,0,NA,
SR.1.GLAST.M.CP,TGO,2000,76.10874176025391,,
OFST.2.CP,TGO,2000,183832,,UIS_EST
SLE.1T3.M,TGO,2000,11.06468963623047,,UIS_EST
SR.1.GLAST.CP,TGO,2000,70.23995971679688,,
41933,TGO,2000,10939,,
XSPENDP.5T8.FDPUB.FNCAP,TGO,2000,.2768499851226807,,
10405,TGO,2000,1999,,
GER.1T2,TGO,2000,87.76560211181641,,
20163,TGO,2000,3227,,
SR.1.G4.CP,TGO,2000,79.98040771484375,,
SAP.5T8.F,TGO,2000,239328,,
GER.1.F,TGO,2000,99.97930145263672,,
XSPENDP.1.FDPUB.FNNONS,TGO,2000,11.89957046508789,,
SLE.2T3.GPIA,TGO,2000,.4428600072860718,,UIS_EST
X.USCONST.2.FSGOV,TGO,2000,18.50731086730957,,
40051,TGO,2000,4829,,
40044,TGO,2000,178754,,
SLE.1T2.F,TGO,2000,7.258039951324463,,UIS_EST
20083,TGO,2000,79923,,
401,TGO,2000,6,,
GER.3.M,TGO,2000,23.96447944641113,,UIS_EST
REPR.1.G5.CP,TGO,2000,20.78636932373047,,
X.PPPCONST.UK.FSGOV,TGO,2000,12.68064022064209,,
ILLPOP.AG15T99.F,TGO,2000,875227,,
FTP.1,TGO,2000,13.21240997314453,,
REPR.2.F.CP,TGO,2000,20.879150390625,,
GER.1T3.M,TGO,2000,86.03621673583984,,
OFST.2T3.CP,TGO,2000,416940,,UIS_EST
400,TGO,2000,10,,
40035,TGO,2000,514001,,
ILLPOP.AG15T99,TGO,2000,1310650,,
XSPENDP.4.FDPUB.FNS,TGO,2000,0,NA,
13,TGO,2000,0,NA,
X.PPPCONST.02.FSGOV,TGO,2000,0,NIL,
20060,TGO,2000,9432,,
SAP.2,TGO,2000,473107,,
X.PPP.2.FSGOV,TGO,2000,31.84056091308594,,
21503,TGO,2000,22230,,
42097,TGO,2000,15,,
REPR.2.G1.M.CP,TGO,2000,19.00542068481445,,
GER.2T3.GPIA,TGO,2000,.4514900147914886,,
PRP.4,TGO,2000,0,NA,
40038,TGO,2000,139863,,
SAP.1.AGM1.F,TGO,2000,73241,,
GER.1,TGO,2000,113.5043716430664,,
SR.1.G4.M.CP,TGO,2000,83.16996002197266,,
20065,TGO,2000,67891,,
XSPENDP.1.FDPUB.FNBOOKS,TGO,2000,1.918439984321594,,
SAP.2.G1,TGO,2000,123152,,
REPR.1.G2.M.CP,TGO,2000,25.54360008239746,,
20162,TGO,2000,24424,,
REPR.1.G7.M.CP,TGO,2000,0,NA,
GTVP.4.GPV,TGO,2000,0,NA,
41908,TGO,2001,24540,,
REPR.1.F.CP,TGO,2001,24.27680015563965,,
GTVP.2.GPV,TGO,2001,98.04013824462891,,UIS_EST
SLE.02,TGO,2001,.0677099972963333,,
X.US.FSGOV,TGO,2001,55.84397888183594,,
GER.2.M,TGO,2001,63.00897979736328,,UIS_EST
NERT.1.CP,TGO,2001,87.45755004882813,,
999977,TGO,2001,16,,
SLE.1T2.GPIA,TGO,2001,.726639986038208,,UIS_EST
21505,TGO,2001,21090,,
GER.1T2,TGO,2001,89.83930969238281,,UIS_EST
40034,TGO,2001,5264,,
10406,TGO,2001,2001,,
GER.1T3.M,TGO,2001,87.90193939208984,,
GER.4.M,TGO,2001,0,NIL,
41911,TGO,2001,11640,,
OFST.1T2.F.CP,TGO,2001,211104,,UIS_EST
GER.1T2.M,TGO,2001,103.4138793945313,,UIS_EST
SLE.1T3.M,TGO,2001,11.33903026580811,,UIS_EST
OFST.AGM1.CP,TGO,2001,97072,,
21517,TGO,2001,101581,,
GER.1.M,TGO,2001,127.1899032592773,,
SAP.5T8.M,TGO,2001,247087,,
GER.1T3.F,TGO,2001,62.4392204284668,,
SAP.1.G1,TGO,2001,146222,,
OE.5T8.40500,TGO,2001,1825,,UIS_EST
OFST.AGM1.M.CP,TGO,2001,47624,,
21510,TGO,2001,19316,,
40047,TGO,2001,0,NIL,
41925,TGO,2001,2675,,
GER.2.F,TGO,2001,31.87307929992676,,UIS_EST
SAP.2,TGO,2001,484473,,
41939,TGO,2001,0,NA,
41935,TGO,2001,10305,,
SLE.02.F,TGO,2001,.067670002579689,,
SLE.2T3,TGO,2001,2.564589977264404,,UIS_EST
REPR.2.G3.F.CP,TGO,2001,22.95410919189453,,
20060,TGO,2001,10484,,
43617,TGO,2001,358,,
20077,TGO,2001,0,NIL,
SAP.02,TGO,2001,461701,,
41930,TGO,2001,0,NA,
OFST.1.M.CP,TGO,2001,16049,,
GER.4.F,TGO,2001,0,NIL,
21509,TGO,2001,11247,,
X.PPP.02.FSGOV,TGO,2001,0,NIL,
400,TGO,2001,10,,
SAP.3.M,TGO,2001,166337,,
13,TGO,2001,0,NA,
20062,TGO,2001,945103,,
OE.5T8.40510,TGO,2001,4121,,UIS_EST
SAP.1,TGO,2001,823834,,
X.PPPCONST.02.FSGOV,TGO,2001,0,NIL,
SAP.1.F,TGO,2001,409820,,
GTVP.4.V,TGO,2001,0,NA,
GER.2T3.F,TGO,2001,22.34579086303711,,
41928,TGO,2001,0,NA,
25052,TGO,2001,0,NIL,
20083,TGO,2001,90641,,
21500,TGO,2001,63143,,
42110,TGO,2001,0,NA,
OFST.1.CP,TGO,2001,103329,,
REPR.2.G5.F.CP,TGO,2001,0,NA,
41927,TGO,2001,2884,,
OFST.1.F.CP,TGO,2001,87280,,
GER.1T2.F,TGO,2001,76.11934661865234,,UIS_EST
41922,TGO,2001,26450,,
41909,TGO,2001,15787,,
299932,TGO,2001,6,,
41940,TGO,2001,40405,,
299902,TGO,2001,3,,
GER.1.F,TGO,2001,102.1226425170898,,
42116,TGO,2001,0,NA,
41919,TGO,2001,0,NA,
25003,TGO,2001,391,,
THDUR.2T3,TGO,2001,7,,
X.USCONST.FSGOV,TGO,2001,105.5974731445313,,
GER.1T3.GPIA,TGO,2001,.7103300094604492,,
SAP.4.M,TGO,2001,52479,,
21512,TGO,2001,0,NA,
SAP.1.GLAST.M,TGO,2001,64766,,
SAP.2.G1.M,TGO,2001,63299,,
REPR.2.G2.F.CP,TGO,2001,17.1219596862793,,
SAP.0.F,TGO,2001,229979,,
GER.2,TGO,2001,47.53020095825195,,UIS_EST
41924,TGO,2001,5111,,
OE.5T8.40505,TGO,2001,0,NIL,
40055,TGO,2001,10484,,
OFST.AGM1.F.CP,TGO,2001,49448,,
OFST.1T2.M.CP,TGO,2001,72667,,UIS_EST
21506,TGO,2001,28707,,
REPR.2.G2.M.CP,TGO,2001,16.45182037353516,,
SAP.5T8,TGO,2001,492958,,
41912,TGO,2001,0,NA,
SAP.5T8.F,TGO,2001,245871,,
41933,TGO,2001,14654,,
SAP.2T3.F,TGO,2001,405629,,
REPR.2.CP,TGO,2001,20.20525932312012,,
GER.2T3,TGO,2001,35.35440826416016,,
GER.4,TGO,2001,0,NIL,
41918,TGO,2001,4765,,
SAP.1.GLAST.F,TGO,2001,64042,,
21501,TGO,2001,28722,,
SLE.1T8.M,TGO,2001,11.62277030944824,,UIS_EST
21513,TGO,2001,0,NA,
X.PPPCONST.FSGOV,TGO,2001,258.2488403320313,,
41934,TGO,2001,7797,,
999987,TGO,2001,19,,
40035,TGO,2001,526584,,
REPR.2.F.CP,TGO,2001,21.49253082275391,,
NERT.2.F.CP,TGO,2001,48.58853149414063,,UIS_EST
GER.1T2.GPIA,TGO,2001,.7360699772834778,,UIS_EST
NERT.1.GPIA,TGO,2001,.8187699913978577,,
SLE.02.M,TGO,2001,.0677400007843971,,
SAP.2.F,TGO,2001,240849,,
10,TGO,2001,0,NA,
41938,TGO,2001,0,NA,
41907,TGO,2001,23859,,
REPR.2.G2.CP,TGO,2001,16.67638969421387,,
SAP.1.AGM1,TGO,2001,149683,,
REPR.2.G1.M.CP,TGO,2001,20.31097984313965,,
SLE.1T3,TGO,2001,9.593830108642578,,UIS_EST
REPR.2.M.CP,TGO,2001,19.55987930297852,,
10403,TGO,2001,10,,
OFST.2.CP,TGO,2001,180442,,UIS_EST
41920,TGO,2001,0,NA,
SAP.2T3.M,TGO,2001,409961,,
REPR.2.G3.CP,TGO,2001,21.97443008422852,,
20161,TGO,2001,601,,
X.USCONST.02.FSGOV,TGO,2001,0,NIL,
SLE.1,TGO,2001,7.029240131378174,,
NERT.1.M.CP,TGO,2001,96.12355804443359,,
SLE.1T8.GPIA,TGO,2001,.6785899996757507,,UIS_EST
20063,TGO,2001,418519,,
SAP.1.G1.F,TGO,2001,72785,,
999974,TGO,2001,3,,
SAP.1.G1.M,TGO,2001,73437,,
299905,TGO,2001,6,,
SAP.1.GLAST,TGO,2001,128808,,
GER.2.GPIA,TGO,2001,.5058500170707703,,UIS_EST
SLE.1T8.F,TGO,2001,7.887100219726563,,UIS_EST
SLE.2T3.M,TGO,2001,3.524120092391968,,UIS_EST
SAP.CE,TGO,2001,1308307,,
40033,TGO,2001,5264,,
405,TGO,2001,2000,,
OE.5T8.40535,TGO,2001,0,NIL,
REPR.2.G4.M.CP,TGO,2001,20.35441970825195,,
GTVP.4.GPV,TGO,2001,0,NA,
41914,TGO,2001,125296,,
SLE.2T3.F,TGO,2001,1.597059965133667,,UIS_EST
OE.5T8.40530,TGO,2001,4,,
SAP.3.F,TGO,2001,164780,,
OE.5T8.40515,TGO,2001,2,,UIS_EST
21502,TGO,2001,43785,,
XGDP.02.FSGOV,TGO,2001,0,NIL,
SLE.1T2,TGO,2001,8.930450439453125,,UIS_EST
40050,TGO,2001,0,NA,
NERT.1.F.CP,TGO,2001,78.70285034179688,,
SAP.02.F,TGO,2001,229979,,
REPR.2.G5.M.CP,TGO,2001,0,NA,
SAP.1.AGM1.F,TGO,2001,74539,,
42097,TGO,2001,45,,
SAP.CE.M,TGO,2001,657638,,
SLE.1.F,TGO,2001,6.235099792480469,,
25056,TGO,2001,0,NIL,
SLE.1T2.M,TGO,2001,10.33526992797852,,UIS_EST
GER.2T3.GPIA,TGO,2001,.4633600115776062,,
41926,TGO,2001,3285,,
SAP.1.AGM1.M,TGO,2001,75144,,
SAP.3,TGO,2001,331117,,
20162,TGO,2001,27523,,
41916,TGO,2001,5122,,
FTP.1,TGO,2001,12.47684001922607,,
999988,TGO,2001,1,,
REPR.1.M.CP,TGO,2001,22.42472076416016,,
21504,TGO,2001,45630,,
X.US.1.FSGOV,TGO,2001,27.58064079284668,,
406,TGO,2001,2001,,
SAP.0.M,TGO,2001,231722,,
999975,TGO,2001,12,,
FTP.02,TGO,2001,93.0340576171875,,
SAP.2.M,TGO,2001,243624,,
41915,TGO,2001,9543,,
NERT.2.GPIA,TGO,2001,.6329900026321411,,UIS_EST
20061,TGO,2001,5220,,
999976,TGO,2001,4,,
SAP.0,TGO,2001,461701,,
41936,TGO,2001,7649,,
41931,TGO,2001,13955,,
REPR.2.G4.CP,TGO,2001,22.81941986083984,,
OFST.2.F.CP,TGO,2001,123824,,UIS_EST
SAP.2.G1,TGO,2001,125852,,
20064,TGO,2001,230271,,UIS_EST
FTP.5T8,TGO,2001,8.439900398254395,,
40054,TGO,2001,0,NA,
GER.1,TGO,2001,114.7200775146484,,
X.USCONST.1.FSGOV,TGO,2001,52.15327072143555,,
X.PPPCONST.1.FSGOV,TGO,2001,127.5458831787109,,
GER.1T3,TGO,2001,75.23679351806641,,
REPR.2.G4.F.CP,TGO,2001,27.97989082336426,,
20160,TGO,2001,646,,
41910,TGO,2001,15049,,
20076,TGO,2001,0,NIL,
41929,TGO,2001,0,NA,
10404,TGO,2001,6,,
21507,TGO,2001,12920,,
SAP.2.G1.F,TGO,2001,62553,,
SLE.1T3.GPIA,TGO,2001,.6907299757003784,,UIS_EST
GER.4.GPIA,TGO,2001,0,NA,
SAP.4,TGO,2001,104563,,
40032,TGO,2001,0,NA,
401,TGO,2001,6,,
999978,TGO,2001,3,,
403,TGO,2001,9,,
999973,TGO,2001,3,,
26468,TGO,2001,0,NA,
SLE.1T2.F,TGO,2001,7.510019779205322,,UIS_EST
40038,TGO,2001,153505,,UIS_EST
GER.1.GPIA,TGO,2001,.8029099702835083,,
21503,TGO,2001,19926,,
42099,TGO,2001,24089,,
299929,TGO,2001,3,,
OFST.2.M.CP,TGO,2001,56618,,UIS_EST
OFST.1T2.CP,TGO,2001,283771,,UIS_EST
SAP.4.F,TGO,2001,52084,,
XGDP.1.FSGOV,TGO,2001,1.369089961051941,,
41906,TGO,2001,34421,,
REPR.2.G1.F.CP,TGO,2001,20.93993949890137,,
21511,TGO,2001,7676,,
10405,TGO,2001,2000,,
OE.5T8.40520,TGO,2001,0,NIL,UIS_EST
REPR.2.G1.CP,TGO,2001,20.53137969970703,,
PRP.1,TGO,2001,39.71366119384766,,
40051,TGO,2001,5220,,
X.US.02.FSGOV,TGO,2001,0,NIL,
REPR.2.G5.CP,TGO,2001,0,NA,
PRP.0,TGO,2001,61.55093002319336,,
21508,TGO,2001,26296,,
21514,TGO,2001,0,NA,
20082,TGO,2001,288347,,
SLE.1.GPIA,TGO,2001,.7978500127792358,,
SLE.2T3.GPIA,TGO,2001,.4531799852848053,,UIS_EST
20065,TGO,2001,76766,,UIS_EST
25007,TGO,2001,33,,
X.PPP.1.FSGOV,TGO,2001,91.74761962890625,,
REPR.1.CP,TGO,2001,23.24486923217773,,
GTVP.2T3.V,TGO,2001,6.440499782562256,,
41937,TGO,2001,0,NA,
PRP.4,TGO,2001,0,NA,
42619,TGO,2001,0,NIL,
PRP.01,TGO,2001,0,NA,
SLE.1T3.F,TGO,2001,7.832149982452393,,UIS_EST
PRP.02,TGO,2001,61.55093002319336,,
SAP.02.M,TGO,2001,231722,,
404,TGO,2001,6,,
42096,TGO,2001,0,NA,
X.PPP.FSGOV,TGO,2001,185.7662353515625,,
21515,TGO,2001,0,NA,
SLE.02.GPIA,TGO,2001,.9990100264549255,,
21516,TGO,2001,226877,,
40044,TGO,2001,197706,,
41917,TGO,2001,7020,,
41913,TGO,2001,0,NA,
GER.2T3.M,TGO,2001,48.22555923461914,,
20163,TGO,2001,3434,,
SAP.CE.F,TGO,2001,650669,,
GTVP.2T3.GPV,TGO,2001,93.55950164794922,,
SLE.1T8,TGO,2001,9.763460159301758,,UIS_EST
SAP.1.M,TGO,2001,414014,,
SAP.2T3,TGO,2001,815590,,
NERT.2.CP,TGO,2001,62.75498962402344,,UIS_EST
NERT.2.M.CP,TGO,2001,76.76009368896484,,UIS_EST
REPR.2.G3.M.CP,TGO,2001,21.52652931213379,,
41921,TGO,2001,0,NA,
SLE.1.M,TGO,2001,7.814909934997559,,
999973,TGO,2002,3,,
OE.5T8.40520,TGO,2002,3,,UIS_EST
GER.2T3.M,TGO,2002,53.13132095336914,,
SAP.1.M,TGO,2002,422858,,
SR.1.GLAST.GPIA,TGO,2002,.8234900236129761,,
SLE.2T3,TGO,2002,2.763060092926025,,
SLE.02.M,TGO,2002,.0750999972224236,,
REPR.1.G5.CP,TGO,2002,21.53298950195313,,
401,TGO,2002,6,,
REPR.1.G7.M.CP,TGO,2002,0,NA,
XGDP.1.FSGOV,TGO,2002,1.290320038795471,,
REPR.2.G4.M.CP,TGO,2002,29.98900032043457,,
SAP.1.GLAST,TGO,2002,131808,,
NERT.1.GPIA,TGO,2002,.8311200141906738,,
SLE.1T2.F,TGO,2002,7.870100021362305,,UIS_EST
SAP.2.G1.F,TGO,2002,63868,,
999978,TGO,2002,3,,
40047,TGO,2002,0,NIL,
X.PPP.1.FSGOV,TGO,2002,91.17646026611328,,
41915,TGO,2002,10463,,
999976,TGO,2002,4,,
10403,TGO,2002,10,,
OFST.AGM1.M.CP,TGO,2002,47307,,
SAP.1.G1.F,TGO,2002,74043,,
400,TGO,2002,10,,
REPR.2.G2.F.CP,TGO,2002,19.03388023376465,,
SAP.2.G1,TGO,2002,128478,,
42619,TGO,2002,0,NIL,
OFST.1.CP,TGO,2002,72654,,
SAP.2,TGO,2002,495638,,
GER.1,TGO,2002,116.1971435546875,,
MOR.5T8.40535,TGO,2002,0,NIL,
GER.1T2,TGO,2002,93.095947265625,,UIS_EST
SLE.1,TGO,2002,7.093170166015625,,
X.US.1.FSGOV,TGO,2002,29.92591094970703,,
SAP.1.GLAST.F,TGO,2002,65545,,
REPR.1.G4.CP,TGO,2002,20.37464904785156,,
41918,TGO,2002,5341,,
42097,TGO,2002,66,,
REPR.1.G5.M.CP,TGO,2002,20.61770057678223,,
REPR.1.G3.F.CP,TGO,2002,25.83781051635742,,
SAP.CE.F,TGO,2002,664762,,
REPR.2.G3.CP,TGO,2002,24.50672912597656,,
41929,TGO,2002,0,NA,
40032,TGO,2002,0,NA,
SAP.4.F,TGO,2002,53188,,
25003,TGO,2002,399,,
GER.4.M,TGO,2002,0,NIL,
OFST.1.F.CP,TGO,2002,71561,,
999988,TGO,2002,1,,
REPR.1.G3.M.CP,TGO,2002,24.37797927856445,,
OE.5T8.40505,TGO,2002,0,NIL,UIS_EST
PRP.0,TGO,2002,61.20389938354492,,
299932,TGO,2002,6,,
REPR.2.G4.CP,TGO,2002,32.64812088012695,,
SAP.5T8.M,TGO,2002,253142,,
GTVP.4.GPV,TGO,2002,0,NA,
41927,TGO,2002,3507,,
SLE.1T2.GPIA,TGO,2002,.7416700124740601,,UIS_EST
X.PPPCONST.FSGOV,TGO,2002,248.2306823730469,,
REPR.2.F.CP,TGO,2002,25.03108024597168,,
NERT.1.F.CP,TGO,2002,82.89707946777344,,
REPR.2.G5.F.CP,TGO,2002,0,NA,
REPR.2.M.CP,TGO,2002,23.35276985168457,,
25007,TGO,2002,35,,
40038,TGO,2002,175584,,UIS_EST
SAP.0,TGO,2002,472762,,
REPR.1.G1.M.CP,TGO,2002,29.19132041931152,,
REPR.2.G1.CP,TGO,2002,23.27343940734863,,
40050,TGO,2002,0,NA,
406,TGO,2002,2002,,
GER.2T3.F,TGO,2002,25.6552906036377,,
GER.1T3.GPIA,TGO,2002,.7238900065422058,,
SAP.3,TGO,2002,338635,,
REPR.1.G2.CP,TGO,2002,23.08219909667969,,
REPR.2.G2.M.CP,TGO,2002,18.04532051086426,,
21515,TGO,2002,0,NA,
SAP.2.M,TGO,2002,249290,,
20163,TGO,2002,3408,,
41934,TGO,2002,10001,,
SR.1.G4.F.CP,TGO,2002,72.88465881347656,,
41939,TGO,2002,0,NA,
20064,TGO,2002,267075,,UIS_EST
299902,TGO,2002,3,,
GER.1.GPIA,TGO,2002,.8233299851417542,,
42110,TGO,2002,0,NA,
41914,TGO,2002,118085,,
20076,TGO,2002,0,NIL,
REPR.1.G2.F.CP,TGO,2002,23.36087036132813,,
299905,TGO,2002,6,,
GER.1T3.M,TGO,2002,90.40746307373047,,
25056,TGO,2002,0,NIL,
PRP.02,TGO,2002,61.20389938354492,,
41925,TGO,2002,3441,,
MOR.5T8.40505,TGO,2002,0,NIL,UIS_EST
REPR.2.G1.M.CP,TGO,2002,23.25918006896973,,
26468,TGO,2002,0,NA,
SAP.1,TGO,2002,841272,,
SLE.02,TGO,2002,.0762299969792366,,
42096,TGO,2002,0,NA,
REPR.1.M.CP,TGO,2002,22.98888969421387,,
21514,TGO,2002,0,NA,
GER.4,TGO,2002,0,NIL,
REPR.1.G1.CP,TGO,2002,28.89341926574707,,
SLE.1.GPIA,TGO,2002,.819159984588623,,
41913,TGO,2002,0,NA,
41924,TGO,2002,5819,,
SAP.2T3.F,TGO,2002,414737,,
41921,TGO,2002,0,NA,
41936,TGO,2002,8848,,
404,TGO,2002,6,,
GER.1.F,TGO,2002,104.8846435546875,,
SAP.3.M,TGO,2002,170246,,
20082,TGO,2002,329307,,
OFST.1.M.CP,TGO,2002,1093,,
OFST.AGM1.CP,TGO,2002,96445,,
20065,TGO,2002,91491,,UIS_EST
405,TGO,2002,2001,,
OFST.AGM1.F.CP,TGO,2002,49138,,
40034,TGO,2002,5979,,
THDUR.2T3,TGO,2002,7,,
SLE.1.M,TGO,2002,7.79403018951416,,
REPR.2.G5.CP,TGO,2002,0,NA,
REPR.2.CP,TGO,2002,23.92917060852051,,
SAP.0.F,TGO,2002,235483,,
SAP.2T3,TGO,2002,834273,,
SLE.1T2.M,TGO,2002,10.61137962341309,,UIS_EST
SLE.2T3.GPIA,TGO,2002,.4828700125217438,,
REPR.1.CP,TGO,2002,23.61595916748047,,
OE.5T8.40515,TGO,2002,3,,UIS_EST
20063,TGO,2002,438852,,
REPR.1.G1.F.CP,TGO,2002,28.55277061462402,,
SAP.4.M,TGO,2002,53655,,
X.USCONST.1.FSGOV,TGO,2002,51.03322982788086,,
SAP.02.F,TGO,2002,235483,,
GER.2T3.GPIA,TGO,2002,.4828700125217438,,
SAP.02.M,TGO,2002,237279,,
20062,TGO,2002,977534,,
999975,TGO,2002,12,,
40035,TGO,2002,538682,,
43617,TGO,2002,364,,
OE.5T8.40535,TGO,2002,0,NIL,
REPR.1.G4.M.CP,TGO,2002,19.52420997619629,,
GER.2T3,TGO,2002,39.47232818603516,,
SAP.1.GLAST.M,TGO,2002,66263,,
GTVP.2T3.V,TGO,2002,5.999269962310791,,
REPR.2.G1.F.CP,TGO,2002,23.29803085327148,,
403,TGO,2002,9,,
PRP.01,TGO,2002,0,NA,
SAP.1.G1,TGO,2002,148781,,
41922,TGO,2002,29412,,
REPR.2.G2.CP,TGO,2002,18.37527084350586,,
41931,TGO,2002,16203,,
41926,TGO,2002,3436,,
41937,TGO,2002,0,NA,
GER.1T3,TGO,2002,77.99497985839844,,
20077,TGO,2002,0,NIL,
999977,TGO,2002,16,,
SLE.02.F,TGO,2002,.0773800015449524,,
SLE.1T3.M,TGO,2002,11.51321983337402,,
OE.5T8.40500,TGO,2002,2075,,UIS_EST
41933,TGO,2002,16282,,
REPR.1.G6.M.CP,TGO,2002,17.6444206237793,,
40044,TGO,2002,222905,,
FTP.02,TGO,2002,90.88397979736328,,
SR.1.G4.CP,TGO,2002,75.70487213134766,,
21516,TGO,2002,219688,,
SLE.1.F,TGO,2002,6.38454008102417,,
FTP.5T8,TGO,2002,8.771929740905762,,
NERT.1.M.CP,TGO,2002,99.74152374267578,,
41935,TGO,2002,10484,,
SLE.1T3.GPIA,TGO,2002,.7105200290679932,,
20060,TGO,2002,12094,,
SLE.1T2,TGO,2002,9.248579978942871,,UIS_EST
SLE.02.GPIA,TGO,2002,1.029459953308105,,
41938,TGO,2002,0,NA,
X.USCONST.FSGOV,TGO,2002,101.5010604858398,,
REPR.2.G3.F.CP,TGO,2002,25.01639938354492,,
SAP.CE.M,TGO,2002,672148,,
SAP.02,TGO,2002,472762,,
SR.1.GLAST.M.CP,TGO,2002,68.30494689941406,,
SLE.1T3.F,TGO,2002,8.180410385131836,,
REPR.1.G3.CP,TGO,2002,25.04700088500977,,
SR.1.GLAST.F.CP,TGO,2002,56.24869918823242,,
REPR.2.G5.M.CP,TGO,2002,0,NA,
299929,TGO,2002,3,,
SR.1.G4.M.CP,TGO,2002,78.15747833251953,,
SR.1.G5.CP,TGO,2002,69.26497650146484,,
SAP.2.G1.M,TGO,2002,64610,,
SR.1.GLAST.CP,TGO,2002,62.75236129760742,,
42099,TGO,2002,24362,,
SR.1.G5.M.CP,TGO,2002,73.19420623779297,,
41919,TGO,2002,0,NA,
GER.2.GPIA,TGO,2002,.5272899866104126,,UIS_EST
GER.4.F,TGO,2002,0,NIL,
SAP.2.F,TGO,2002,246348,,
21517,TGO,2002,101603,,
SAP.5T8,TGO,2002,504724,,
PRP.1,TGO,2002,40.8667106628418,,
41930,TGO,2002,0,NA,
GER.2.M,TGO,2002,70.43363189697266,,UIS_EST
REPR.1.G6.CP,TGO,2002,18.99972915649414,,
GER.1T2.GPIA,TGO,2002,.7507500052452087,,UIS_EST
REPR.2.G4.F.CP,TGO,2002,38.11481094360352,,
SAP.3.F,TGO,2002,168389,,
42116,TGO,2002,0,NA,
999974,TGO,2002,3,,
REPR.1.G6.F.CP,TGO,2002,21.00702095031738,,
20083,TGO,2002,106402,,
GTVP.4.V,TGO,2002,0,NA,
SR.1.G5.F.CP,TGO,2002,64.71540832519531,,
SR.1.G4.GPIA,TGO,2002,.9325399994850159,,
SAP.1.AGM1,TGO,2002,152607,,
40054,TGO,2002,0,NA,
SR.1.G5.GPIA,TGO,2002,.8841599822044373,,
GER.1T2.M,TGO,2002,106.2661819458008,,UIS_EST
GER.2.F,TGO,2002,37.13893127441406,,UIS_EST
REPR.1.G5.F.CP,TGO,2002,22.73727035522461,,
SLE.2T3.F,TGO,2002,1.795869946479797,,
REPR.1.G7.F.CP,TGO,2002,0,NA,
SAP.0.M,TGO,2002,237279,,
SAP.1.AGM1.M,TGO,2002,76614,,
999987,TGO,2002,19,,
SAP.1.G1.M,TGO,2002,74738,,
GER.4.GPIA,TGO,2002,0,NA,
20160,TGO,2002,724,,
GER.1T2.F,TGO,2002,79.77938079833984,,UIS_EST
GTVP.2.GPV,TGO,2002,98.20237731933594,,UIS_EST
41916,TGO,2002,6560,,
41917,TGO,2002,7048,,
10,TGO,2002,0,NA,
X.US.FSGOV,TGO,2002,59.52027130126953,,
GTVP.2T3.GPV,TGO,2002,94.000732421875,,
SLE.2T3.M,TGO,2002,3.719189882278442,,
OE.5T8.40530,TGO,2002,4,,UIS_EST
41928,TGO,2002,0,NA,
OE.5T8.40510,TGO,2002,4375,,UIS_EST
40055,TGO,2002,12094,,
10405,TGO,2002,2001,,
REPR.1.G7.CP,TGO,2002,0,NA,
10406,TGO,2002,2002,,
REPR.2.G3.M.CP,TGO,2002,24.2597599029541,,
20061,TGO,2002,6115,,
40051,TGO,2002,6115,,
SAP.4,TGO,2002,106843,,
FTP.1,TGO,2002,12.27223968505859,,
SLE.1T3,TGO,2002,9.856229782104492,,
20162,TGO,2002,27770,,
REPR.1.F.CP,TGO,2002,24.38566970825195,,
25052,TGO,2002,0,NIL,
20161,TGO,2002,658,,
SAP.1.AGM1.F,TGO,2002,75993,,
REPR.1.G2.M.CP,TGO,2002,22.84453964233398,,
SAP.2T3.M,TGO,2002,419536,,
GER.2,TGO,2002,53.88508987426758,,UIS_EST
10404,TGO,2002,6,,
13,TGO,2002,0,NA,
40033,TGO,2002,5979,,
GER.1.M,TGO,2002,127.3907623291016,,
41940,TGO,2002,45615,,
SAP.CE,TGO,2002,1336910,,
SAP.1.F,TGO,2002,418414,,
GER.1T3.F,TGO,2002,65.44480133056641,,
X.PPPCONST.1.FSGOV,TGO,2002,124.8067092895508,,
REPR.1.G4.F.CP,TGO,2002,21.41526985168457,,
41920,TGO,2002,0,NA,
PRP.4,TGO,2002,0,NA,
SAP.5T8.F,TGO,2002,251582,,
NERT.1.CP,TGO,2002,91.36379241943359,,
X.PPP.FSGOV,TGO,2002,181.3427734375,,
SAP.0,TGO,2003,486187,,
42097,TGO,2003,61,,
SLE.2T3.GPIA,TGO,2003,.4985899925231934,,
X.US.1.FSGOV,TGO,2003,34.54058837890625,,
NERT.2.M.CP,TGO,2003,78.72353363037109,,UIS_EST
REPR.1.G2.F.CP,TGO,2003,23.81645965576172,,
REPR.1.G6.F.CP,TGO,2003,19.5202808380127,,
41906,TGO,2003,33993,,
REPR.1.G1.CP,TGO,2003,28.64759063720703,,
10405,TGO,2003,2002,,
REPR.1.G1.M.CP,TGO,2003,29.03969955444336,,
41915,TGO,2003,14313,,
10406,TGO,2003,2003,,
42116,TGO,2003,0,NA,
REPR.1.G6.M.CP,TGO,2003,17.64166069030762,,
SR.1.G4.M.CP,TGO,2003,82.28990173339844,,
SAP.4.M,TGO,2003,54884,,
SAP.CE,TGO,2003,1365405,,
20162,TGO,2003,27504,,
GTVP.3.GPV,TGO,2003,76.08071136474609,,UIS_EST
SR.1.GLAST.F.CP,TGO,2003,66.07823181152344,,
41916,TGO,2003,7740,,
999975,TGO,2003,12,,
25056,TGO,2003,0,NIL,
REPR.2.G1.F.CP,TGO,2003,21.38599967956543,,
OFST.1T2.CP,TGO,2003,278728,,UIS_EST
SLE.1.GPIA,TGO,2003,.8314399719238281,,
X.USCONST.FSGOV,TGO,2003,103.3099670410156,,
SLE.1T8.F,TGO,2003,8.255949974060059,,UIS_EST
GER.3.F,TGO,2003,9.847149848937988,,UIS_EST
41913,TGO,2003,0,NA,
OFST.1T2.M.CP,TGO,2003,73085,,UIS_EST
SLE.2T3.F,TGO,2003,1.934209942817688,,
41909,TGO,2003,16168,,
GER.1T8.GPIA,TGO,2003,.7218300104141235,,UIS_EST
REPR.2.G2.M.CP,TGO,2003,17.14068984985352,,
SR.1.G5.GPIA,TGO,2003,.9262800216674805,,
41908,TGO,2003,23182,,
42096,TGO,2003,0,NA,
PRP.0,TGO,2003,58.63932037353516,,
FTP.02,TGO,2003,91.18496704101563,,
REPR.2.G5.M.CP,TGO,2003,0,NA,
13,TGO,2003,0,NA,
21508,TGO,2003,29475,,
OFST.AGM1.M.CP,TGO,2003,41012,,
GTVP.2T3.V,TGO,2003,5.6628098487854,,
FTP.2T3,TGO,2003,6.896220207214355,,UIS_EST
41931,TGO,2003,22547,,
NERT.1.M.CP,TGO,2003,95.63523101806641,,
42619,TGO,2003,0,NIL,
SAP.4,TGO,2003,109173,,
OFST.AGM1.CP,TGO,2003,84233,,
40050,TGO,2003,0,NA,
SAP.CE.M,TGO,2003,686591,,
20065,TGO,2003,100205,,
SLE.1T8.GPIA,TGO,2003,.7065100073814392,,UIS_EST
SAP.2T3.F,TGO,2003,423964,,
SAP.1.F,TGO,2003,426910,,
10,TGO,2003,0,NA,
NERT.2.GPIA,TGO,2003,.6592199802398682,,UIS_EST
REPR.1.G3.CP,TGO,2003,26.07622909545898,,
GER.1T3.F,TGO,2003,65.61383056640625,,
20183,TGO,2003,725,,UIS_EST
SLE.2T3,TGO,2003,2.912659883499146,,
NERT.1.GPIA,TGO,2003,.8387500047683716,,
299905,TGO,2003,6,,
SAP.2T3,TGO,2003,853088,,
REPR.1.G4.F.CP,TGO,2003,22.83769035339355,,
GER.1T2.F,TGO,2003,79.74909210205078,,
40055,TGO,2003,12773,,
FTP.5T8,TGO,2003,7.009349822998047,,
OFST.2.CP,TGO,2003,175421,,UIS_EST
40032,TGO,2003,0,NA,
GER.1T3.M,TGO,2003,89.65741729736328,,
41924,TGO,2003,8316,,
GER.1T3.GPIA,TGO,2003,.7318300008773804,,
REPR.2.G1.CP,TGO,2003,21.65788078308105,,
SAP.1.GLAST,TGO,2003,134808,,
GER.4,TGO,2003,0,NIL,
20062,TGO,2003,975063,,
20063,TGO,2003,441143,,
NERT.2.CP,TGO,2003,65.39044189453125,,UIS_EST
SLE.1T2.M,TGO,2003,10.51908016204834,,
21516,TGO,2003,230854,,
42099,TGO,2003,24177,,
GER.2.M,TGO,2003,74.40077209472656,,
GER.3.M,TGO,2003,27.63376045227051,,UIS_EST
41938,TGO,2003,0,NA,
21509,TGO,2003,13440,,
41926,TGO,2003,4577,,
REPR.2.M.CP,TGO,2003,22.2336597442627,,
PRP.02,TGO,2003,58.63932037353516,,
OE.5T8.40515,TGO,2003,2,,UIS_EST
SLE.1T2,TGO,2003,9.198699951171875,,
REPR.2.G3.CP,TGO,2003,24.38783073425293,,
REPR.2.G2.F.CP,TGO,2003,18.39953994750977,,
20061,TGO,2003,6330,,
SR.1.GLAST.M.CP,TGO,2003,76.25453186035156,,
GER.1T3,TGO,2003,77.70507049560547,,
NERT.1.F.CP,TGO,2003,80.21433258056641,,
SR.1.G4.CP,TGO,2003,80.95195770263672,,
REPR.2.F.CP,TGO,2003,23.52876091003418,,
GTVP.4.V,TGO,2003,0,NA,
GER.1,TGO,2003,113.5711669921875,,
41917,TGO,2003,9160,,
OE.5T8.40535,TGO,2003,0,NIL,
41937,TGO,2003,0,NA,
SLE.1T8.M,TGO,2003,11.68550968170166,,UIS_EST
GER.2T3.GPIA,TGO,2003,.4985899925231934,,
REPR.1.F.CP,TGO,2003,24.54283905029297,,
25007,TGO,2003,30,,
SAP.02,TGO,2003,486187,,
GER.3.GPIA,TGO,2003,.3563399910926819,,UIS_EST
GER.2T3.M,TGO,2003,55.41918182373047,,
REPR.2.CP,TGO,2003,22.6867504119873,,
REPR.1.G7.CP,TGO,2003,0,NA,
SLE.1T3.GPIA,TGO,2003,.7184000015258789,,
SAP.02.F,TGO,2003,242148,,
41927,TGO,2003,5564,,
REPR.2.G2.CP,TGO,2003,17.57905006408691,,
41907,TGO,2003,22278,,
X.US.FSGOV,TGO,2003,70.37451171875,,
OE.5T8.40530,TGO,2003,3,,
SLE.1T2.F,TGO,2003,7.862780094146729,,
SAP.1,TGO,2003,858548,,
21507,TGO,2003,14493,,
40054,TGO,2003,0,NA,
SLE.02.F,TGO,2003,.0775400027632713,,
PRP.4,TGO,2003,0,NA,
GER.2T3,TGO,2003,41.60942077636719,,
41940,TGO,2003,62760,,
GER.1T2.M,TGO,2003,105.3912734985352,,
REPR.1.G5.F.CP,TGO,2003,22.69131088256836,,
20160,TGO,2003,692,,
41925,TGO,2003,4090,,
10403,TGO,2003,10,,
SAP.5T8.M,TGO,2003,258891,,
REPR.1.G5.M.CP,TGO,2003,21.4073600769043,,
SR.1.G5.M.CP,TGO,2003,79.45987701416016,,
21502,TGO,2003,41707,,
999973,TGO,2003,3,,
20082,TGO,2003,354965,,
REPR.1.G4.M.CP,TGO,2003,21.10045051574707,,
SAP.1.AGM1.F,TGO,2003,77528,,
403,TGO,2003,9,,
X.PPPCONST.FSGOV,TGO,2003,252.6545562744141,,
25003,TGO,2003,428,,
X.PPPCONST.1.FSGOV,TGO,2003,124.0056533813477,,
41912,TGO,2003,0,NA,
SAP.1.G1.M,TGO,2003,76201,,
SAP.1.GLAST.M,TGO,2003,67789,,
OE.5T8.40500,TGO,2003,2501,,UIS_EST
REPR.1.G1.F.CP,TGO,2003,28.20520973205566,,
21515,TGO,2003,0,NA,
X.PPP.1.FSGOV,TGO,2003,92.37915802001953,,
PRP.01,TGO,2003,0,NA,
SLE.1,TGO,2003,6.910940170288086,,
SLE.1T2.GPIA,TGO,2003,.7474799752235413,,
OFST.1.F.CP,TGO,2003,84467,,
41921,TGO,2003,0,NA,
REPR.2.G3.M.CP,TGO,2003,24.08441925048828,,
GER.1T8.F,TGO,2003,50.63169097900391,,UIS_EST
21504,TGO,2003,43968,,
43617,TGO,2003,398,,
SR.1.GLAST.GPIA,TGO,2003,.8665500283241272,,
SAP.2.G1.F,TGO,2003,65363,,
REPR.2.G5.F.CP,TGO,2003,0,NA,
REPR.2.G4.M.CP,TGO,2003,27.73224067687988,,
PRP.1,TGO,2003,40.72003936767578,,
GER.1T8,TGO,2003,60.43965911865234,,UIS_EST
999987,TGO,2003,19,,
SLE.02,TGO,2003,.0779199972748756,,
GER.2.F,TGO,2003,39.7790412902832,,
REPR.2.G5.CP,TGO,2003,0,NA,
20163,TGO,2003,3327,,
THDUR.2T3,TGO,2003,7,,
21517,TGO,2003,107017,,
OFST.1.CP,TGO,2003,103307,,
21511,TGO,2003,9792,,
GER.2.GPIA,TGO,2003,.5346599817276001,,
401,TGO,2003,6,,
299932,TGO,2003,6,,
40051,TGO,2003,6330,,
21506,TGO,2003,30661,,
REPR.1.G2.CP,TGO,2003,23.92872047424316,,
SR.1.GLAST.CP,TGO,2003,71.62457275390625,,
SAP.1.AGM1,TGO,2003,155692,,
GER.2,TGO,2003,57.19403839111328,,
REPR.1.G3.M.CP,TGO,2003,25.57599067687988,,
SAP.3,TGO,2003,346231,,
21501,TGO,2003,29077,,
25052,TGO,2003,0,NIL,
GER.4.M,TGO,2003,0,NIL,
20077,TGO,2003,0,NIL,
REPR.1.G3.F.CP,TGO,2003,26.66451072692871,,
SAP.2T3.M,TGO,2003,429124,,
406,TGO,2003,2003,,
REPR.2.G1.M.CP,TGO,2003,21.81851959228516,,
299902,TGO,2003,3,,
SR.1.G5.CP,TGO,2003,76.77424621582031,,
OE.5T8.40510,TGO,2003,4787,,UIS_EST
GER.1T2.GPIA,TGO,2003,.7566999793052673,,
OFST.2.F.CP,TGO,2003,121176,,UIS_EST
GER.1T8.M,TGO,2003,70.14324951171875,,UIS_EST
SAP.1.G1.F,TGO,2003,75488,,
SLE.1T3,TGO,2003,9.823599815368652,,
404,TGO,2003,6,,
SLE.2T3.M,TGO,2003,3.879339933395386,,
OE.5T8.40505,TGO,2003,0,NIL,
40035,TGO,2003,533920,,
FTP.1,TGO,2003,12.09642028808594,,
10404,TGO,2003,6,,
20060,TGO,2003,12773,,
41939,TGO,2003,0,NA,
SAP.1.M,TGO,2003,431638,,
REPR.1.CP,TGO,2003,24.07515907287598,,
SAP.3.M,TGO,2003,174171,,
20064,TGO,2003,289892,,
41910,TGO,2003,16035,,
GER.3,TGO,2003,18.79467964172363,,UIS_EST
41930,TGO,2003,0,NA,
999974,TGO,2003,3,,
21512,TGO,2003,0,NA,
41914,TGO,2003,123837,,
405,TGO,2003,2002,,
21513,TGO,2003,0,NA,
999978,TGO,2003,3,,
SAP.4.F,TGO,2003,54289,,
GTVP.3.V,TGO,2003,23.91929054260254,,UIS_EST
SAP.1.AGM1.M,TGO,2003,78164,,
NERT.2.F.CP,TGO,2003,51.89596176147461,,UIS_EST
400,TGO,2003,10,,
GER.1.GPIA,TGO,2003,.8353800177574158,,
GER.4.F,TGO,2003,0,NIL,
SR.1.G5.F.CP,TGO,2003,73.60214233398438,,
21503,TGO,2003,19429,,
SAP.1.G1,TGO,2003,151689,,
REPR.1.G6.CP,TGO,2003,18.42104911804199,,
SAP.0.F,TGO,2003,242148,,
41929,TGO,2003,0,NA,
SLE.1T8,TGO,2003,9.980640411376953,,UIS_EST
41936,TGO,2003,14564,,
REPR.1.M.CP,TGO,2003,23.68874931335449,,
NERT.1.CP,TGO,2003,87.96723937988281,,
SLE.02.M,TGO,2003,.0782999992370605,,
SR.1.G4.F.CP,TGO,2003,79.40104675292969,,
21514,TGO,2003,0,NA,
SAP.2.F,TGO,2003,251904,,
SAP.CE.F,TGO,2003,678814,,
SAP.0.M,TGO,2003,244039,,
20182,TGO,2003,10513,,UIS_EST
SAP.5T8.F,TGO,2003,256863,,
41918,TGO,2003,9000,,
21510,TGO,2003,21973,,
GTVP.4.GPV,TGO,2003,0,NA,
21505,TGO,2003,20786,,
41922,TGO,2003,40213,,
SLE.1T3.M,TGO,2003,11.42238998413086,,
REPR.1.G7.F.CP,TGO,2003,0,NA,
40033,TGO,2003,6443,,
999977,TGO,2003,16,,
GER.1.F,TGO,2003,103.3339614868164,,
41934,TGO,2003,11830,,
GER.2T3.F,TGO,2003,27.63158988952637,,
GTVP.2T3.GPV,TGO,2003,94.33718872070313,,
41935,TGO,2003,13737,,
GER.1T2,TGO,2003,92.64321136474609,,
41919,TGO,2003,0,NA,
SAP.1.GLAST.F,TGO,2003,67019,,
SLE.1T3.F,TGO,2003,8.205829620361328,,
REPR.2.G4.F.CP,TGO,2003,33.35160827636719,,
SAP.2.G1.M,TGO,2003,66099,,
OE.5T8.40520,TGO,2003,0,NIL,UIS_EST
SAP.2.G1,TGO,2003,131462,,
REPR.2.G3.F.CP,TGO,2003,25.00616073608398,,
41928,TGO,2003,0,NA,
20071,TGO,2003,16943,,UIS_EST
21500,TGO,2003,63070,,
40034,TGO,2003,6443,,
SLE.02.GPIA,TGO,2003,.9901999831199646,,
X.PPP.FSGOV,TGO,2003,188.2173461914063,,
SLE.1.F,TGO,2003,6.271609783172607,,
42110,TGO,2003,0,NA,
20070,TGO,2003,65073,,UIS_EST
20161,TGO,2003,631,,
XGDP.1.FSGOV,TGO,2003,1.201310038566589,,
999988,TGO,2003,1,,
REPR.2.G4.CP,TGO,2003,29.63065910339355,,
OFST.2.M.CP,TGO,2003,54245,,UIS_EST
REPR.1.G5.CP,TGO,2003,21.96726036071777,,
SAP.02.M,TGO,2003,244039,,
GTVP.2.V,TGO,2003,1.564720034599304,,UIS_EST
GTVP.2.GPV,TGO,2003,98.43527984619141,,
20083,TGO,2003,117148,,
GER.4.GPIA,TGO,2003,0,NA,
41920,TGO,2003,0,NA,
41933,TGO,2003,22629,,
SAP.3.F,TGO,2003,172060,,
REPR.1.G7.M.CP,TGO,2003,0,NA,
SAP.5T8,TGO,2003,515754,,
SLE.1.M,TGO,2003,7.543049812316895,,
REPR.1.G4.CP,TGO,2003,21.88401031494141,,
41911,TGO,2003,12181,,
299929,TGO,2003,3,,
999976,TGO,2003,4,,
SAP.2.M,TGO,2003,254953,,
X.USCONST.1.FSGOV,TGO,2003,50.70568084716797,,
SR.1.G4.GPIA,TGO,2003,.9648900032043457,,
OFST.AGM1.F.CP,TGO,2003,43221,,
20076,TGO,2003,0,NIL,
REPR.1.G2.M.CP,TGO,2003,24.0257396697998,,
OFST.1T2.F.CP,TGO,2003,205643,,UIS_EST
OFST.1.M.CP,TGO,2003,18840,,
SAP.2,TGO,2003,506857,,
GER.1.M,TGO,2003,123.6962509155273,,
PRP.1,TGO,2004,40.17765045166016,,
299929,TGO,2004,3,,
SR.1.GLAST.CP,TGO,2004,69.44374084472656,,
REPR.2.G1.M.CP,TGO,2004,21.54870986938477,,
SR.1.G5.M.CP,TGO,2004,79.27541351318359,,
20065,TGO,2004,109641,,
SAP.5T8,TGO,2004,527724,,
406,TGO,2004,2004,,
SAP.4,TGO,2004,111705,,
GER.2.F,TGO,2004,42.57754135131836,,
OFST.1.CP,TGO,2004,83036,,
SAP.0,TGO,2004,501180,,
SAP.02,TGO,2004,501180,,
20162,TGO,2004,25198,,
41939,TGO,2004,0,NA,
NERT.2.GPIA,TGO,2004,.6750900149345398,,UIS_EST
SLE.2T3.F,TGO,2004,2.077349901199341,,UIS_EST
REPR.1.G4.M.CP,TGO,2004,20.24891090393066,,
41914,TGO,2004,126479,,
SLE.1.M,TGO,2004,7.408420085906982,,
SAP.0.F,TGO,2004,249552,,
41911,TGO,2004,12313,,
299932,TGO,2004,6,,
SLE.1T8.M,TGO,2004,11.73878955841064,,UIS_EST
SR.1.G4.F.CP,TGO,2004,78.00910949707031,,
GTVP.4.V,TGO,2004,0,NA,
SAP.2.M,TGO,2004,260642,,
400,TGO,2004,10,,
41919,TGO,2004,0,NA,
41940,TGO,2004,64738,,
SAP.1,TGO,2004,875970,,
20183,TGO,2004,764,,
SAP.1.AGM1.M,TGO,2004,80695,,
20163,TGO,2004,2988,,
SLE.2T3,TGO,2004,3.067579984664917,,UIS_EST
42096,TGO,2004,0,NA,
GER.1.M,TGO,2004,121.5792999267578,,
SAP.1.F,TGO,2004,435483,,
FTP.1,TGO,2004,11.85807991027832,,
GTVP.2T3.V,TGO,2004,5.284709930419922,,
21515,TGO,2004,0,NA,
41909,TGO,2004,17349,,
GER.3.M,TGO,2004,27.45513916015625,,
FTP.2T3,TGO,2004,6.927189826965332,,
41938,TGO,2004,0,NA,
999978,TGO,2004,3,,
FTP.5T8,TGO,2004,9.070289611816406,,
SLE.1,TGO,2004,6.836989879608154,,
10405,TGO,2004,2003,,
10403,TGO,2004,10,,
NERT.1.M.CP,TGO,2004,97.67371368408203,,
SR.1.G4.GPIA,TGO,2004,.9338099956512451,,
41937,TGO,2004,0,NA,
41936,TGO,2004,15997,,
GER.2T3,TGO,2004,43.0118408203125,,
GTVP.3.GPV,TGO,2004,77.08954620361328,,
42619,TGO,2004,0,NIL,
25007,TGO,2004,40,,
21504,TGO,2004,45654,,
SAP.1.AGM1,TGO,2004,160719,,
REPR.1.G2.F.CP,TGO,2004,23.32843017578125,,
GER.2T3.GPIA,TGO,2004,.5220199823379517,,
X.US.FSGOV,TGO,2004,70.27749633789063,,
42110,TGO,2004,0,NA,
SAP.3.F,TGO,2004,176135,,
299902,TGO,2004,3,,
SR.1.G4.M.CP,TGO,2004,83.53878021240234,,
SAP.1.AGM1.F,TGO,2004,80024,,
SLE.02.M,TGO,2004,.08992999792099,,UIS_EST
REPR.1.G6.CP,TGO,2004,16.55537033081055,,
SLE.1T8,TGO,2004,10.07437992095947,,UIS_EST
999988,TGO,2004,1,,
OFST.2.M.CP,TGO,2004,59036,,UIS_EST
SAP.02.M,TGO,2004,251628,,
REPR.1.G7.F.CP,TGO,2004,0,NA,
OFST.2.F.CP,TGO,2004,123043,,UIS_EST
SAP.1.GLAST.F,TGO,2004,68361,,
REPR.1.F.CP,TGO,2004,23.70126914978027,,
40038,TGO,2004,198696,,
42099,TGO,2004,22210,,
40050,TGO,2004,0,NA,
20076,TGO,2004,0,NIL,
X.PPPCONST.1.FSGOV,TGO,2004,100.0989685058594,,
SAP.5T8.M,TGO,2004,265129,,
SAP.CE.M,TGO,2004,701129,,
OE.5T8.40505,TGO,2004,0,NIL,
20060,TGO,2004,15085,,UIS_EST
20070,TGO,2004,67048,,
10404,TGO,2004,6,,
GER.4,TGO,2004,0,NIL,
21505,TGO,2004,21454,,
GER.3,TGO,2004,18.90822982788086,,
GTVP.2.GPV,TGO,2004,98.54801940917969,,
SAP.2.G1.F,TGO,2004,66842,,
20063,TGO,2004,449305,,
10,TGO,2004,0,NA,
OFST.1T2.M.CP,TGO,2004,69283,,UIS_EST
GER.1T8,TGO,2004,60.53977966308594,,UIS_EST
REPR.2.G4.M.CP,TGO,2004,17.20359039306641,,
SLE.2T3.M,TGO,2004,4.046070098876953,,UIS_EST
41930,TGO,2004,0,NA,
REPR.2.F.CP,TGO,2004,20.38772964477539,,
40054,TGO,2004,0,NA,
SLE.2T3.GPIA,TGO,2004,.5134199857711792,,UIS_EST
21507,TGO,2004,15428,,
SR.1.GLAST.F.CP,TGO,2004,62.78359985351563,,
GER.1T2.GPIA,TGO,2004,.7702000141143799,,
OFST.1T2.CP,TGO,2004,265115,,UIS_EST
REPR.2.G3.F.CP,TGO,2004,22.29792022705078,,
403,TGO,2004,9,,
21514,TGO,2004,0,NA,
41921,TGO,2004,0,NA,
41912,TGO,2004,0,NA,
41922,TGO,2004,41249,,
SAP.1.GLAST.M,TGO,2004,69201,,
20061,TGO,2004,7542,,UIS_EST
41913,TGO,2004,0,NA,
SLE.02.F,TGO,2004,.0906699970364571,,UIS_EST
REPR.2.G1.F.CP,TGO,2004,21.05698013305664,,
X.PPPCONST.FSGOV,TGO,2004,233.90087890625,,
GER.1T8.F,TGO,2004,51.23554992675781,,UIS_EST
OFST.1.M.CP,TGO,2004,10247,,
SAP.1.G1,TGO,2004,154792,,
PRP.4,TGO,2004,0,NA,
SAP.1.M,TGO,2004,440487,,
20082,TGO,2004,375385,,
SLE.1T3.F,TGO,2004,8.336119651794434,,UIS_EST
REPR.2.G5.CP,TGO,2004,0,NA,
REPR.1.G7.M.CP,TGO,2004,0,NA,
X.US.1.FSGOV,TGO,2004,30.07559013366699,,
21512,TGO,2004,0,NA,
X.USCONST.FSGOV,TGO,2004,95.64163208007813,,
GER.1T2,TGO,2004,92.75974273681641,,
SAP.2.G1,TGO,2004,134473,,
40041,TGO,2004,48997,,
SAP.4.M,TGO,2004,56207,,
GTVP.4.GPV,TGO,2004,0,NA,
NERT.1.CP,TGO,2004,90.52068328857422,,
OE.5T8.40520,TGO,2004,1,,UIS_EST
NERT.1.GPIA,TGO,2004,.8526899814605713,,
OE.5T8.40510,TGO,2004,4858,,UIS_EST
OE.5T8.40530,TGO,2004,3,,UIS_EST
41918,TGO,2004,9914,,
REPR.2.G5.M.CP,TGO,2004,0,NA,
REPR.1.G6.F.CP,TGO,2004,17.7056999206543,,
41915,TGO,2004,13013,,
SAP.0.M,TGO,2004,251628,,
OFST.2.CP,TGO,2004,182079,,UIS_EST
404,TGO,2004,6,,
REPR.2.G2.CP,TGO,2004,16.58234024047852,,
GER.3.GPIA,TGO,2004,.3732799887657166,,
GER.1T2.F,TGO,2004,80.65692138671875,,
299905,TGO,2004,6,,
SAP.1.GLAST,TGO,2004,137562,,
20161,TGO,2004,682,,UIS_EST
REPR.1.G4.CP,TGO,2004,20.96607971191406,,
GER.1T3.F,TGO,2004,66.38810729980469,,
X.USCONST.1.FSGOV,TGO,2004,40.93027877807617,,
GER.4.M,TGO,2004,0,NIL,
SLE.1T2,TGO,2004,9.217280387878418,,
REPR.1.M.CP,TGO,2004,22.77733993530273,,
SAP.5T8.F,TGO,2004,262595,,
GTVP.3.V,TGO,2004,22.91044998168945,,
20064,TGO,2004,308337,,
REPR.2.G2.F.CP,TGO,2004,16.71047973632813,,
FTP.02,TGO,2004,91.42091369628906,,UIS_EST
25056,TGO,2004,0,NIL,
401,TGO,2004,6,,
REPR.1.G2.M.CP,TGO,2004,23.62718963623047,,
41910,TGO,2004,16793,,
REPR.2.M.CP,TGO,2004,19.54081916809082,,
SLE.1T2.M,TGO,2004,10.45775032043457,,
REPR.1.G3.CP,TGO,2004,25.01446914672852,,
SLE.1T2.F,TGO,2004,7.961880207061768,,
GER.2T3.M,TGO,2004,56.40872955322266,,
OE.5T8.40515,TGO,2004,4,,UIS_EST
SAP.2.F,TGO,2004,257509,,
GER.2T3.F,TGO,2004,29.44626998901367,,
999976,TGO,2004,4,,
40051,TGO,2004,7542,,UIS_EST
REPR.1.G3.F.CP,TGO,2004,25.54224014282227,,
SLE.02,TGO,2004,.0903000012040138,,UIS_EST
REPR.2.G1.CP,TGO,2004,21.35890960693359,,
20071,TGO,2004,18051,,
SAP.4.F,TGO,2004,55498,,
X.PPP.1.FSGOV,TGO,2004,76.5714111328125,,
SAP.3.M,TGO,2004,178462,,
21506,TGO,2004,32777,,
REPR.2.G2.M.CP,TGO,2004,16.51115989685059,,
41928,TGO,2004,0,NA,
REPR.1.G2.CP,TGO,2004,23.48691940307617,,
SR.1.G5.GPIA,TGO,2004,.89205002784729,,
GER.2.GPIA,TGO,2004,.5585200190544128,,
41907,TGO,2004,23107,,
41929,TGO,2004,0,NA,
10406,TGO,2004,2004,,
21517,TGO,2004,108269,,
GER.4.F,TGO,2004,0,NIL,
25003,TGO,2004,441,,
SLE.1T3.M,TGO,2004,11.45448970794678,,UIS_EST
40032,TGO,2004,0,NA,
OFST.1T2.F.CP,TGO,2004,195832,,UIS_EST
GTVP.2.V,TGO,2004,1.451979994773865,,
41927,TGO,2004,6083,,
REPR.1.G1.M.CP,TGO,2004,28.06744956970215,,
GTVP.2T3.GPV,TGO,2004,94.71528625488281,,
20182,TGO,2004,11029,,
GER.1T8.GPIA,TGO,2004,.7346799969673157,,UIS_EST
GER.2.M,TGO,2004,76.23329925537109,,
OFST.1.F.CP,TGO,2004,72789,,
SAP.2T3.F,TGO,2004,433644,,
43617,TGO,2004,401,,
REPR.2.G4.CP,TGO,2004,18.80435943603516,,
GER.1T8.M,TGO,2004,69.73835754394531,,UIS_EST
41908,TGO,2004,24200,,
21501,TGO,2004,28166,,
SAP.3,TGO,2004,354597,,
42104,TGO,2004,10265,,
SLE.1.F,TGO,2004,6.258780002593994,,
SR.1.G5.F.CP,TGO,2004,70.71742248535156,,
REPR.1.G4.F.CP,TGO,2004,21.82354927062988,,
13,TGO,2004,0,NA,
GER.4.GPIA,TGO,2004,0,NA,
SR.1.GLAST.M.CP,TGO,2004,75.29293823242188,,
41926,TGO,2004,5076,,
41917,TGO,2004,9963,,
REPR.2.G3.CP,TGO,2004,22.19688987731934,,
REPR.1.G1.CP,TGO,2004,27.81995010375977,,
X.PPP.FSGOV,TGO,2004,178.9241180419922,,
21500,TGO,2004,60883,,
20083,TGO,2004,127692,,
SR.1.G5.CP,TGO,2004,75.24745941162109,,
NERT.2.CP,TGO,2004,64.85986328125,,UIS_EST
GER.1,TGO,2004,112.4291915893555,,
NERT.2.F.CP,TGO,2004,52.21797943115234,,UIS_EST
21513,TGO,2004,0,NA,
GER.3.F,TGO,2004,10.24839019775391,,
SAP.2.G1.M,TGO,2004,67631,,
21502,TGO,2004,42903,,
26468,TGO,2004,0,NA,
42116,TGO,2004,0,NA,
SAP.CE,TGO,2004,1394121,,
GER.1.GPIA,TGO,2004,.848609983921051,,
REPR.2.G4.F.CP,TGO,2004,21.85733985900879,,
SAP.2T3,TGO,2004,872748,,
20062,TGO,2004,984846,,
41924,TGO,2004,7536,,
SR.1.G4.CP,TGO,2004,80.924560546875,,
40055,TGO,2004,15085,,UIS_EST
41906,TGO,2004,32717,,
41925,TGO,2004,4794,,
PRP.01,TGO,2004,0,NA,
SAP.CE.F,TGO,2004,692992,,
REPR.2.G3.M.CP,TGO,2004,22.1451301574707,,
THDUR.2T3,TGO,2004,7,,
GER.1T3.GPIA,TGO,2004,.7455499768257141,,
SLE.1T3.GPIA,TGO,2004,.7277600169181824,,UIS_EST
SAP.2,TGO,2004,518151,,
SAP.2T3.M,TGO,2004,439104,,
SLE.1T8.F,TGO,2004,8.39033031463623,,UIS_EST
OE.5T8.40500,TGO,2004,2531,,UIS_EST
REPR.1.G5.M.CP,TGO,2004,21.26168060302734,,
SLE.1T2.GPIA,TGO,2004,.7613400220870972,,
41934,TGO,2004,13153,,
25052,TGO,2004,0,NIL,
21509,TGO,2004,13765,,
GER.1T3.M,TGO,2004,89.04524993896484,,
21511,TGO,2004,9660,,
REPR.2.G5.F.CP,TGO,2004,0,NA,
405,TGO,2004,2003,,
REPR.1.G5.F.CP,TGO,2004,22.73174095153809,,
REPR.1.G5.CP,TGO,2004,21.90660095214844,,
NERT.1.F.CP,TGO,2004,83.28546142578125,,
SAP.1.G1.M,TGO,2004,77764,,
SAP.02.F,TGO,2004,249552,,
GER.1T3,TGO,2004,77.78446960449219,,
GER.1.F,TGO,2004,103.1739501953125,,
REPR.1.G1.F.CP,TGO,2004,27.54392051696777,,
41931,TGO,2004,23489,,
SLE.1T3,TGO,2004,9.904569625854492,,UIS_EST
XGDP.1.FSGOV,TGO,2004,.9792900085449219,,
40044,TGO,2004,247693,,
999987,TGO,2004,19,,
REPR.1.G7.CP,TGO,2004,0,NA,
21508,TGO,2004,30558,,
40035,TGO,2004,535541,,
REPR.2.CP,TGO,2004,19.8453197479248,,
GER.1T2.M,TGO,2004,104.7220993041992,,
REPR.1.G6.M.CP,TGO,2004,15.72231960296631,,
20077,TGO,2004,0,NIL,
SLE.1T8.GPIA,TGO,2004,.7147499918937683,,UIS_EST
21503,TGO,2004,19796,,
GER.2,TGO,2004,59.50717163085938,,
NERT.2.M.CP,TGO,2004,77.34976959228516,,UIS_EST
41916,TGO,2004,8359,,
21510,TGO,2004,21973,,
OE.5T8.40535,TGO,2004,0,NIL,UIS_EST
20160,TGO,2004,746,,UIS_EST
41933,TGO,2004,20549,,
REPR.1.CP,TGO,2004,23.19886016845703,,
999977,TGO,2004,16,,
SLE.02.GPIA,TGO,2004,1.008119940757751,,UIS_EST
999974,TGO,2004,3,,
21516,TGO,2004,234748,,
41920,TGO,2004,0,NA,
999975,TGO,2004,12,,
SR.1.GLAST.GPIA,TGO,2004,.8338599801063538,,
999973,TGO,2004,3,,
SAP.1.G1.F,TGO,2004,77028,,
REPR.1.G3.M.CP,TGO,2004,24.55931091308594,,
41935,TGO,2004,15039,,
SLE.1.GPIA,TGO,2004,.8448200225830078,,
OE.5T8.40520,TGO,2005,2,,UIS_EST
999987,TGO,2005,19,,
SAP.02,TGO,2005,516005,,
GTVP.3.GPV,TGO,2005,73.02816009521484,,
20163,TGO,2005,3432,,
SAP.5T8.M,TGO,2005,271590,,
GER.2T3.GPIA,TGO,2005,.5380899906158447,,
REPR.1.M.CP,TGO,2005,24.88994026184082,,
REPR.2.G3.F.CP,TGO,2005,26.30297088623047,,
GTVP.2T3.V,TGO,2005,6.753029823303223,,
20083,TGO,2005,140308,,
REPR.2.G2.CP,TGO,2005,18.58062934875488,,
41915,TGO,2005,12876,,
PRP.01,TGO,2005,0,NA,
REPR.2.M.CP,TGO,2005,24.05187034606934,,
REPR.1.G2.F.CP,TGO,2005,24.23818016052246,,
GER.1T2,TGO,2005,92.1051025390625,,
SAP.2T3.F,TGO,2005,443456,,
SAP.1.GLAST.F,TGO,2005,69749,,
41938,TGO,2005,0,NA,
OFST.1T2.M.CP,TGO,2005,76986,,UIS_EST
404,TGO,2005,6,,
999975,TGO,2005,12,,
X.US.FSGOV,TGO,2005,72.08988952636719,,
999988,TGO,2005,1,,
41908,TGO,2005,23462,,
X.USCONST.1.FSGOV,TGO,2005,38.70738983154297,,
21509,TGO,2005,14113,,
OE.5T8.40535,TGO,2005,0,NIL,
REPR.1.G5.CP,TGO,2005,24.5296802520752,,
REPR.1.G7.F.CP,TGO,2005,0,NA,
REPR.2.G1.F.CP,TGO,2005,22.55574035644531,,
SR.1.GLAST.M.CP,TGO,2005,87.56199645996094,,
REPR.2.G5.M.CP,TGO,2005,0,NA,
41936,TGO,2005,11220,,
SAP.2.G1.F,TGO,2005,68176,,
41919,TGO,2005,0,NA,
41914,TGO,2005,121982,,
41934,TGO,2005,12717,,
42096,TGO,2005,0,NA,
SAP.1.G1,TGO,2005,159776,,
SAP.5T8.F,TGO,2005,268540,,
SLE.1.M,TGO,2005,7.279620170593262,,
21507,TGO,2005,15297,,
OFST.2.M.CP,TGO,2005,59826,,UIS_EST
REPR.2.G1.M.CP,TGO,2005,22.56023979187012,,
41927,TGO,2005,4486,,
SLE.1T3,TGO,2005,9.930629730224609,,
SLE.1T3.F,TGO,2005,8.446800231933594,,
NERT.2.F.CP,TGO,2005,52.99964141845703,,UIS_EST
FTP.1,TGO,2005,11.56801986694336,,
REPR.1.G5.F.CP,TGO,2005,25.21633911132813,,
SR.1.G4.M.CP,TGO,2005,90.57170104980469,,
X.US.1.FSGOV,TGO,2005,30.1180591583252,,
FTP.5T8,TGO,2005,8.256879806518555,,
21511,TGO,2005,9165,,
REPR.1.G5.M.CP,TGO,2005,23.98431015014648,,
SR.1.G5.CP,TGO,2005,84.65177917480469,,
REPR.1.G3.M.CP,TGO,2005,26.39707946777344,,
SLE.1.GPIA,TGO,2005,.8560900092124939,,
GER.2.GPIA,TGO,2005,.5773400068283081,,
NERT.2.CP,TGO,2005,65.34707641601563,,UIS_EST
OFST.1T2.F.CP,TGO,2005,198241,,UIS_EST
GTVP.2T3.GPV,TGO,2005,93.24697113037109,,
REPR.1.G7.CP,TGO,2005,0,NA,
SAP.02.F,TGO,2005,256829,,
21517,TGO,2005,106491,,
41937,TGO,2005,0,NA,
REPR.2.G4.CP,TGO,2005,34.23146057128906,,
SAP.4.M,TGO,2005,57509,,
GTVP.2.V,TGO,2005,1.07781994342804,,
SAP.4,TGO,2005,114227,,
GER.2T3.F,TGO,2005,31.63966941833496,,
OFST.1.M.CP,TGO,2005,17160,,
NERT.2.GPIA,TGO,2005,.683489978313446,,UIS_EST
GER.1.GPIA,TGO,2005,.8601099848747253,,
REPR.2.F.CP,TGO,2005,25.48852920532227,,
GTVP.2.GPV,TGO,2005,98.92218017578125,,
SR.1.G5.F.CP,TGO,2005,79.70639038085938,,
GTVP.3.V,TGO,2005,26.97183990478516,,
XGDP.1.FSGOV,TGO,2005,.9714400172233582,,
SAP.1.M,TGO,2005,450426,,
OE.5T8.40530,TGO,2005,5,,
42099,TGO,2005,26236,,
SLE.1T3.M,TGO,2005,11.3956298828125,,
41924,TGO,2005,7909,,
SAP.0,TGO,2005,516005,,
REPR.1.G1.F.CP,TGO,2005,27.11771965026855,,
NERT.2.M.CP,TGO,2005,77.54296112060547,,UIS_EST
20071,TGO,2005,25614,,
GER.4,TGO,2005,0,NIL,
SR.1.GLAST.F.CP,TGO,2005,72.72541809082031,,
SAP.1.GLAST,TGO,2005,140403,,
GER.2T3,TGO,2005,45.30810928344727,,
25007,TGO,2005,36,,
41907,TGO,2005,22331,,
REPR.2.G4.F.CP,TGO,2005,38.86511993408203,,
REPR.2.G4.M.CP,TGO,2005,31.75620079040527,,
GER.1.F,TGO,2005,102.885139465332,,
299905,TGO,2005,6,,
401,TGO,2005,6,,
OE.5T8.40510,TGO,2005,5144,,UIS_EST
21504,TGO,2005,44506,,
FTP.2T3,TGO,2005,6.561580181121826,,
NERT.1.CP,TGO,2005,89.75678253173828,,
NERT.1.GPIA,TGO,2005,.8654299974441528,,
405,TGO,2005,2004,,
SR.1.G4.F.CP,TGO,2005,84.94985961914063,,
SR.1.G5.M.CP,TGO,2005,89.09279632568359,,
SAP.1.F,TGO,2005,445074,,
999978,TGO,2005,3,,
41906,TGO,2005,31092,,
REPR.2.G1.CP,TGO,2005,22.55846977233887,,
21502,TGO,2005,41845,,
42110,TGO,2005,0,NA,
41912,TGO,2005,0,NA,
SLE.1T2.GPIA,TGO,2005,.7743600010871887,,
SLE.1T2.M,TGO,2005,10.29953002929688,,
X.PPPCONST.FSGOV,TGO,2005,226.5823822021484,,
SAP.3.M,TGO,2005,182852,,
GER.1T8.F,TGO,2005,51.97689056396484,,UIS_EST
999977,TGO,2005,16,,
406,TGO,2005,2005,,
GER.3,TGO,2005,24.40909957885742,,
21508,TGO,2005,31002,,
403,TGO,2005,9,,
41933,TGO,2005,20785,,
41918,TGO,2005,6734,,
40054,TGO,2005,0,NA,
10403,TGO,2005,10,,
41925,TGO,2005,4577,,
21501,TGO,2005,27358,,
SAP.1.AGM1,TGO,2005,166039,,
21512,TGO,2005,0,NA,
GER.2.M,TGO,2005,75.49793243408203,,
REPR.1.G7.M.CP,TGO,2005,0,NA,
41913,TGO,2005,0,NA,
REPR.1.G4.F.CP,TGO,2005,24.65830993652344,,
REPR.1.CP,TGO,2005,25.10758018493652,,
25003,TGO,2005,436,,
SAP.4.F,TGO,2005,56718,,
SAP.CE.F,TGO,2005,708206,,
REPR.2.CP,TGO,2005,24.57829093933105,,
41921,TGO,2005,0,NA,
SAP.1.G1.F,TGO,2005,79490,,
SLE.1T8.F,TGO,2005,8.506119728088379,,UIS_EST
SLE.2T3.M,TGO,2005,4.116010189056396,,
NERT.1.F.CP,TGO,2005,83.24593353271484,,
20062,TGO,2005,996707,,
21513,TGO,2005,0,NA,
GER.1T2.GPIA,TGO,2005,.78329998254776,,
20063,TGO,2005,457915,,
400,TGO,2005,10,,
REPR.1.G4.M.CP,TGO,2005,22.96213912963867,,
OFST.1.CP,TGO,2005,91728,,
REPR.1.G2.M.CP,TGO,2005,25.06683921813965,,
SLE.2T3.F,TGO,2005,2.21478009223938,,
20183,TGO,2005,870,,
REPR.1.G1.M.CP,TGO,2005,28.08025932312012,,
41930,TGO,2005,0,NA,
SAP.CE,TGO,2005,1425034,,
SAP.2T3.M,TGO,2005,449254,,
X.PPPCONST.1.FSGOV,TGO,2005,94.66266632080078,,
GTVP.4.V,TGO,2005,0,NA,
GER.1T3.M,TGO,2005,89.24884033203125,,
21505,TGO,2005,21044,,
299932,TGO,2005,6,,
41939,TGO,2005,0,NA,
999976,TGO,2005,4,,
REPR.1.G6.CP,TGO,2005,21.22046089172363,,
10404,TGO,2005,6,,
PRP.4,TGO,2005,0,NA,
SAP.02.M,TGO,2005,259176,,
REPR.2.G3.M.CP,TGO,2005,25.4437198638916,,
SAP.3,TGO,2005,363176,,
THDUR.2T3,TGO,2005,7,,
40050,TGO,2005,0,NA,
GER.1T3.F,TGO,2005,67.3272705078125,,
REPR.1.G3.CP,TGO,2005,26.60206031799316,,
GER.2,TGO,2005,59.64149856567383,,
SAP.2.F,TGO,2005,263132,,
PRP.1,TGO,2005,41.73884963989258,,
OE.5T8.40505,TGO,2005,0,NIL,
41928,TGO,2005,0,NA,
SAP.1.G1.M,TGO,2005,80286,,
41910,TGO,2005,16889,,
SAP.1,TGO,2005,895500,,
10406,TGO,2005,2005,,
GER.1T2.F,TGO,2005,80.85344696044922,,
41922,TGO,2005,38028,,
999973,TGO,2005,3,,
SLE.1T2,TGO,2005,9.144720077514648,,
SLE.1T8,TGO,2005,10.11639976501465,,UIS_EST
SLE.2T3,TGO,2005,3.171570062637329,,
SAP.2.G1,TGO,2005,137218,,
21515,TGO,2005,0,NA,
GER.3.M,TGO,2005,34.47269058227539,,
SAP.1.AGM1.F,TGO,2005,82645,,
GER.1.M,TGO,2005,119.6183166503906,,
SLE.2T3.GPIA,TGO,2005,.5380899906158447,,
X.PPP.1.FSGOV,TGO,2005,74.68361663818359,,
41929,TGO,2005,0,NA,
REPR.1.G6.F.CP,TGO,2005,22.14472007751465,,
GER.1T2.M,TGO,2005,103.2214126586914,,
SAP.2.M,TGO,2005,266402,,
REPR.2.G2.M.CP,TGO,2005,18.39851951599121,,
41940,TGO,2005,60302,,
SR.1.G5.GPIA,TGO,2005,.894540011882782,,
41916,TGO,2005,8140,,
REPR.2.G2.F.CP,TGO,2005,18.89714050292969,,
OFST.1.F.CP,TGO,2005,74568,,
43617,TGO,2005,400,,
20076,TGO,2005,0,NIL,
10405,TGO,2005,2004,,
NERT.1.M.CP,TGO,2005,96.19026947021484,,
SAP.1.AGM1.M,TGO,2005,83394,,
REPR.1.F.CP,TGO,2005,25.36366081237793,,
20182,TGO,2005,13259,,
OFST.2.F.CP,TGO,2005,123673,,UIS_EST
GER.4.GPIA,TGO,2005,0,NA,
41917,TGO,2005,10278,,
PRP.2T3,TGO,2005,29.19894981384277,,
GER.1T3.GPIA,TGO,2005,.7543799877166748,,
SLE.1,TGO,2005,6.759069919586182,,
SAP.3.F,TGO,2005,180324,,
OFST.1T2.CP,TGO,2005,275227,,UIS_EST
41926,TGO,2005,5302,,
21500,TGO,2005,58450,,
SAP.0.M,TGO,2005,259176,,
REPR.1.G6.M.CP,TGO,2005,20.54331016540527,,
41920,TGO,2005,0,NA,
GER.3.GPIA,TGO,2005,.4120500087738037,,
X.USCONST.FSGOV,TGO,2005,92.64910888671875,,
20064,TGO,2005,315822,,
SAP.5T8,TGO,2005,540130,,
21506,TGO,2005,32267,,
OFST.2.CP,TGO,2005,183499,,UIS_EST
SLE.1T8.GPIA,TGO,2005,.7266200184822083,,UIS_EST
REPR.1.G3.F.CP,TGO,2005,26.83643913269043,,
42619,TGO,2005,0,NIL,
GER.1T3,TGO,2005,78.35639953613281,,
21510,TGO,2005,20403,,
REPR.2.G5.CP,TGO,2005,0,NA,
SLE.1T3.GPIA,TGO,2005,.7412300109863281,,
SR.1.GLAST.GPIA,TGO,2005,.8304600119590759,,
41909,TGO,2005,16970,,
20082,TGO,2005,404470,,
41931,TGO,2005,22274,,
20070,TGO,2005,88648,,
REPR.2.G5.F.CP,TGO,2005,0,NA,
GER.2T3.M,TGO,2005,58.80014038085938,,
REPR.1.G4.CP,TGO,2005,23.73793983459473,,
GER.3.F,TGO,2005,14.20442962646484,,
25052,TGO,2005,0,NIL,
26468,TGO,2005,0,NA,
20065,TGO,2005,114694,,
OE.5T8.40515,TGO,2005,4,,UIS_EST
GTVP.4.GPV,TGO,2005,0,NA,
40032,TGO,2005,0,NA,
SLE.1T8.M,TGO,2005,11.70643043518066,,UIS_EST
X.PPP.FSGOV,TGO,2005,178.760986328125,,
REPR.2.G3.CP,TGO,2005,25.74184989929199,,
40035,TGO,2005,538792,,
GER.4.F,TGO,2005,0,NIL,
20077,TGO,2005,0,NIL,
299929,TGO,2005,3,,
SR.1.GLAST.CP,TGO,2005,80.58322906494141,,
20162,TGO,2005,29668,,
21514,TGO,2005,0,NA,
OE.5T8.40500,TGO,2005,2770,,
42116,TGO,2005,0,NA,
25056,TGO,2005,0,NIL,
SAP.2.G1.M,TGO,2005,69042,,
10,TGO,2005,0,NA,
GER.1T8.M,TGO,2005,69.99546813964844,,UIS_EST
GER.1T8,TGO,2005,61.04113006591797,,UIS_EST
41911,TGO,2005,11238,,
SR.1.G4.GPIA,TGO,2005,.9378200173377991,,
13,TGO,2005,0,NA,
GER.4.M,TGO,2005,0,NIL,
GER.1,TGO,2005,111.3017272949219,,
41935,TGO,2005,15580,,
21503,TGO,2005,19514,,
SAP.2,TGO,2005,529534,,
SAP.2T3,TGO,2005,892710,,
999974,TGO,2005,3,,
SLE.1T2.F,TGO,2005,7.975550174713135,,
SR.1.G4.CP,TGO,2005,87.88973999023438,,
SAP.1.GLAST.M,TGO,2005,70654,,
21516,TGO,2005,228473,,
SAP.CE.M,TGO,2005,716828,,
299902,TGO,2005,3,,
REPR.1.G1.CP,TGO,2005,27.61980056762695,,
SAP.0.F,TGO,2005,256829,,
GER.2.F,TGO,2005,43.58800888061523,,
SLE.1.F,TGO,2005,6.232029914855957,,
REPR.1.G2.CP,TGO,2005,24.67781066894531,,
GER.1T8.GPIA,TGO,2005,.7425799965858459,,UIS_EST
REPR.1.M.CP,TGO,2006,22.75024032592773,,
NART.2.Q5.LPIA,TGO,2006,0,NA,
NART.2.RUR.Q4.F,TGO,2006,86.67743682861328,,
NART.3.URB.M,TGO,2006,72.88858032226563,,
NART.1.URB.Q5.M,TGO,2006,94.02522277832031,,
REPR.2.G4.F.CP,TGO,2006,23.61051940917969,,
NART.2.RUR.Q4.GPIA,TGO,2006,.9378100037574768,,
OFST.1.F.CP,TGO,2006,61327,,
NART.2.M.WPIA,TGO,2006,.7554900050163269,,
GER.1T2.M,TGO,2006,105.6155090332031,,
NART.2.F,TGO,2006,67.81199645996094,,
NART.2.RUR.Q3.GPIA,TGO,2006,.8737999796867371,,
X.US.FSGOV,TGO,2006,80.77704620361328,,
10,TGO,2006,0,NA,
41919,TGO,2006,0,NA,
SAP.5T8.F,TGO,2006,274304,,
25053,TGO,2006,28076,,UIS_EST
NART.3.RUR.Q1.F,TGO,2006,16.37359046936035,,
SLE.02.GPIA,TGO,2006,1.009699940681458,,UIS_EST
NART.2.Q3.F,TGO,2006,71.77366638183594,,
NART.3.Q3.GPIA,TGO,2006,.5282099843025208,,
NART.1.Q5.M,TGO,2006,94.51548767089844,,
NART.2.URB.Q2.F,TGO,2006,0,NA,
21507,TGO,2006,17482,,
GER.1T3.F,TGO,2006,70.23285675048828,,
NART.3.RUR.Q1.GPIA,TGO,2006,.3111999928951263,,
REPR.2.G1.M.CP,TGO,2006,21.79611968994141,,
NART.1.RUR.Q5,TGO,2006,96.04477691650391,,
NART.2.RUR.Q4.M,TGO,2006,92.42498779296875,,
NART.1.GPIA,TGO,2006,.9240000247955322,,
NART.1.M.WPIA,TGO,2006,.7587500214576721,,
NART.3.Q5.F,TGO,2006,50.99055099487305,,
NART.3.URB.M.WPIA,TGO,2006,0,NA,
NART.3.RUR.Q1.M,TGO,2006,52.61484146118164,,
NART.3.RUR.Q5.M,TGO,2006,0,NA,
10406,TGO,2006,2006,,
NART.3.RUR.Q2.GPIA,TGO,2006,.6505600214004517,,
SAP.2.G1.M,TGO,2006,70489,,
NART.3.URB.Q4,TGO,2006,59.15961074829102,,
NART.1.Q2.LPIA,TGO,2006,.7732899785041809,,
NART.2.RUR.F.WPIA,TGO,2006,0,NA,
10403,TGO,2006,10,,
NART.3.RUR.GPIA,TGO,2006,.5776799917221069,,
NART.3.RUR.Q5.GPIA,TGO,2006,0,NA,
NART.2.F.WPIA,TGO,2006,.71875,,
REPR.2.G4.CP,TGO,2006,21.68417930603027,,
SAP.1.G1.M,TGO,2006,82976,,
41930,TGO,2006,0,NA,
NART.1.URB.Q2.M,TGO,2006,100,,
40054,TGO,2006,0,NA,
41926,TGO,2006,6480,,
NART.1.RUR.Q3.F,TGO,2006,80.88967132568359,,
GER.2T3.F,TGO,2006,33.51702880859375,,
NART.3.M.LPIA,TGO,2006,.7975900173187256,,
SLE.1.M,TGO,2006,7.444240093231201,,
25052,TGO,2006,0,NIL,
20060,TGO,2006,19973,,UIS_EST
NART.2.RUR.Q1.F,TGO,2006,48.36252975463867,,
20070,TGO,2006,96951,,
NART.2.Q3.M,TGO,2006,83.95601654052734,,
NART.3.Q4.GPIA,TGO,2006,.6678400039672852,,
REPR.2.G5.F.CP,TGO,2006,0,NA,
NERT.1.CP,TGO,2006,92.61472320556641,,
X.USCONST.1.FSGOV,TGO,2006,34.76490020751953,,
NART.2.URB.M.WPIA,TGO,2006,0,NA,
GTVP.2T3.GPV,TGO,2006,93.52654266357422,,
NART.2.URB.Q4,TGO,2006,85.47367095947266,,
41909,TGO,2006,19313,,
299905,TGO,2006,6,,
GTVP.4.GPV,TGO,2006,0,NA,
SLE.2T3.F,TGO,2006,2.346189975738525,,
NART.3.F.WPIA,TGO,2006,.3158299922943115,,
41928,TGO,2006,0,NA,
NART.2.Q4.F.LPIA,TGO,2006,1.054530024528503,,
SLE.1T2,TGO,2006,9.414759635925293,,
21511,TGO,2006,11461,,
NART.1.RUR.M.WPIA,TGO,2006,0,NA,
NART.2.F.LPIA,TGO,2006,.8841400146484375,,
OE.5T8.40535,TGO,2006,0,NIL,
NART.1.Q3.LPIA,TGO,2006,.9546300172805786,,
NART.1.F,TGO,2006,76.55764770507813,,
41911,TGO,2006,14512,,
FTP.5T8,TGO,2006,10.76922988891602,,
NART.3.LPIA,TGO,2006,.8068100214004517,,
NART.2.URB.Q1,TGO,2006,0,NA,
NART.3.RUR.Q1,TGO,2006,40.43960189819336,,
NART.2.RUR.Q5.M,TGO,2006,0,NA,
NART.1.RUR.Q1.GPIA,TGO,2006,.8569099903106689,,
NART.1.RUR.Q1,TGO,2006,67.05597686767578,,
SAP.1.GLAST,TGO,2006,143608,,
REPR.2.G5.M.CP,TGO,2006,0,NA,
41929,TGO,2006,0,NA,
ILLPOP.AG15T24,TGO,2006,272093,,
40055,TGO,2006,19973,,UIS_EST
NART.1.URB.Q3.GPIA,TGO,2006,.9499199986457825,,
NART.3.Q2.GPIA,TGO,2006,.6419299840927124,,
20063,TGO,2006,486511,,
NART.2.RUR.Q1,TGO,2006,60.48678970336914,,
SLE.1T3.GPIA,TGO,2006,.7530699968338013,,
25007,TGO,2006,49,,
NART.2.URB,TGO,2006,79.88236236572266,,
NART.3.URB.WPIA,TGO,2006,0,NA,
GER.3,TGO,2006,26.10905075073242,,
NART.3.Q4.M.LPIA,TGO,2006,1.052279949188232,,
NART.2.Q1.M.LPIA,TGO,2006,0,NA,
SLE.02.F,TGO,2006,.1135599985718727,,UIS_EST
42116,TGO,2006,0,NA,
21504,TGO,2006,46909,,
NART.2.Q4.GPIA,TGO,2006,.9160100221633911,,
SAP.5T8,TGO,2006,552180,,
SLE.1T8,TGO,2006,10.50580024719238,,UIS_EST
41910,TGO,2006,19263,,
41933,TGO,2006,23205,,
NART.3.URB.F.WPIA,TGO,2006,0,NA,
PRP.4,TGO,2006,0,NA,
NART.2.URB.Q3.GPIA,TGO,2006,.7839599847793579,,
ILLPOP.AG15T24.F,TGO,2006,184059,,
21503,TGO,2006,20618,,
SLE.2T3.GPIA,TGO,2006,.5533000230789185,,
NART.2.Q3.GPIA,TGO,2006,.8549000024795532,,
41908,TGO,2006,24832,,
41938,TGO,2006,0,NA,
NART.2.URB.Q2.M,TGO,2006,0,NA,
NART.2.RUR.F,TGO,2006,63.9798698425293,,
NART.1.URB.Q4.GPIA,TGO,2006,.8960999846458435,,
NART.3.RUR.Q2.M,TGO,2006,50.37522125244141,,
NART.1.Q1,TGO,2006,66.86483764648438,,
NART.1.URB.Q1.M,TGO,2006,0,NA,
NART.2.Q3.LPIA,TGO,2006,1.095839977264404,,
NART.1.Q3.M.LPIA,TGO,2006,.9603099822998047,,
21502,TGO,2006,44714,,
NART.3.Q1.M.LPIA,TGO,2006,0,NA,
NART.2.RUR.M,TGO,2006,76.58524322509766,,
NART.2.Q1.F,TGO,2006,48.40383911132813,,
MOR.5T8.40515,TGO,2006,.0231500007212162,,UIS_EST
21510,TGO,2006,25973,,
NART.1.RUR,TGO,2006,75.08170318603516,,
NART.2.URB.Q5.GPIA,TGO,2006,.7230600118637085,,
NART.2.LPIA,TGO,2006,.8924000263214111,,
41920,TGO,2006,0,NA,
41907,TGO,2006,24096,,
NART.2.URB.Q3.M,TGO,2006,80.53074645996094,,
SLE.1T3.M,TGO,2006,11.68457984924316,,
21514,TGO,2006,0,NA,
NART.1.URB.Q5.F,TGO,2006,88.22437286376953,,
NART.1.Q4.F,TGO,2006,87.71708679199219,,
999975,TGO,2006,12,,
NART.3.URB.Q1.M,TGO,2006,0,NA,
NART.1.RUR.M,TGO,2006,78.07357788085938,,
SLE.1T8.M,TGO,2006,12.10968971252441,,UIS_EST
NART.1.WPIA,TGO,2006,.7332800030708313,,
NART.3.URB.Q2,TGO,2006,42.77077865600586,,
NART.1.URB.Q4.F,TGO,2006,86.43264007568359,,
SAP.3,TGO,2006,371331,,
NART.3.URB.Q2.GPIA,TGO,2006,0,NA,
NART.1.URB.Q2.F,TGO,2006,85.56498718261719,,
299929,TGO,2006,3,,
NART.1.Q4.F.LPIA,TGO,2006,1.045830011367798,,
41935,TGO,2006,18278,,
GTVP.2.V,TGO,2006,1.105029940605164,,
NART.2.RUR.Q3.M,TGO,2006,84.76428985595703,,
SAP.02.F,TGO,2006,263801,,
NERT.1.F.CP,TGO,2006,86.54649353027344,,
NART.1.Q3.F.LPIA,TGO,2006,.9480900168418884,,
NART.1.RUR.Q2.F,TGO,2006,70.12171173095703,,
OE.5T8.40530,TGO,2006,3,,
GER.2T3.M,TGO,2006,60.57614898681641,,
OE.5T8.40505,TGO,2006,0,NIL,
NART.2.URB.F,TGO,2006,72.36356353759766,,
GER.2,TGO,2006,61.57106018066406,,
NART.2.Q4.M.LPIA,TGO,2006,1.026550054550171,,
OE.5T8.40520,TGO,2006,13,,UIS_EST
NART.1.Q4,TGO,2006,91.26924896240234,,
NART.3.Q4.M,TGO,2006,68.79020690917969,,
NART.2.URB.Q3,TGO,2006,72.40521240234375,,
NART.2.Q4,TGO,2006,87.08094787597656,,
NART.3.RUR.Q2.F,TGO,2006,32.77194976806641,,
THDUR.2T3,TGO,2006,7,,
NART.3.URB.Q1.F,TGO,2006,0,NA,
21513,TGO,2006,0,NA,
NART.3.Q4.F.LPIA,TGO,2006,.9922400116920471,,
NART.3.RUR.WPIA,TGO,2006,0,NA,
20161,TGO,2006,771,,UIS_EST
NART.3.RUR.F.WPIA,TGO,2006,0,NA,
SAP.5T8.M,TGO,2006,277876,,
SAP.3.M,TGO,2006,187005,,
NART.2.RUR.Q5.GPIA,TGO,2006,0,NA,
NART.3.URB.Q5.M,TGO,2006,78.95614624023438,,
NART.1.RUR.Q4.F,TGO,2006,90.58376312255859,,
42619,TGO,2006,0,NIL,
NART.2.Q2.F,TGO,2006,61.89080810546875,,
SAP.1.M,TGO,2006,461575,,
NART.3.Q5,TGO,2006,64.94454956054688,,
NART.1.Q5.F.LPIA,TGO,2006,0,NA,
NART.3.RUR.Q4,TGO,2006,60.97269058227539,,
20162,TGO,2006,28003,,
X.USCONST.FSGOV,TGO,2006,103.3882064819336,,
NART.1.RUR.Q1.F,TGO,2006,61.70814895629883,,
NART.3.URB.Q5.GPIA,TGO,2006,.633080005645752,,
NART.3.RUR.M.WPIA,TGO,2006,0,NA,
GER.2T3,TGO,2006,47.13790130615234,,
NART.3.URB.Q3,TGO,2006,53.82003021240234,,
SLE.1,TGO,2006,6.951920032501221,,
NART.1.URB.Q3,TGO,2006,87.79341888427734,,
999988,TGO,2006,1,,
NART.1.URB,TGO,2006,90.582763671875,,
NART.2.RUR.Q2.GPIA,TGO,2006,.8619800209999084,,
NART.1.RUR.Q1.M,TGO,2006,72.01238250732422,,
NART.1.M,TGO,2006,82.85494232177734,,
SLE.02,TGO,2006,.1130099967122078,,UIS_EST
REPR.2.G3.CP,TGO,2006,20.87501907348633,,
NART.1.F.LPIA,TGO,2006,.8273900151252747,,
21516,TGO,2006,250249,,
999978,TGO,2006,3,,
NART.1.RUR.Q3.M,TGO,2006,86.25126647949219,,
SLE.2T3.M,TGO,2006,4.240330219268799,,
SLE.1.GPIA,TGO,2006,.8668699860572815,,
REPR.1.CP,TGO,2006,23.04814910888672,,
NART.3.Q2.M,TGO,2006,50.65174865722656,,
NART.1.Q1.M.LPIA,TGO,2006,0,NA,
21500,TGO,2006,60510,,
REPR.2.G2.M.CP,TGO,2006,23.26997947692871,,
SLE.02.M,TGO,2006,.1124600023031235,,UIS_EST
41924,TGO,2006,9085,,
GER.1T3,TGO,2006,80.99019622802734,,
OE.5T8.40500,TGO,2006,2808,,UIS_EST
SAP.2.M,TGO,2006,272250,,
NART.2.URB.Q5,TGO,2006,77.94830322265625,,
299902,TGO,2006,3,,
NART.1.URB.WPIA,TGO,2006,0,NA,
GER.3.GPIA,TGO,2006,.4208100140094757,,
NART.3.URB.Q3.M,TGO,2006,73.44010162353516,,
NART.1.URB.Q3.M,TGO,2006,89.81638336181641,,
NART.2.Q5.F.LPIA,TGO,2006,0,NA,
NART.1.Q2.M,TGO,2006,74.93039703369141,,
20062,TGO,2006,1051872,,
NART.3.URB.F,TGO,2006,44.95183181762695,,
GER.1T2,TGO,2006,94.96338653564453,,
NART.3.F,TGO,2006,39.35646057128906,,
NART.1.Q1.M,TGO,2006,71.71404266357422,,
NART.1.Q2.GPIA,TGO,2006,.9475100040435791,,
NART.1.RUR.Q5.M,TGO,2006,0,NA,
NART.1.RUR.WPIA,TGO,2006,.698170006275177,,
NART.1.URB.Q4.M,TGO,2006,96.45471954345703,,
NART.1.URB.Q5,TGO,2006,90.83910369873047,,
NART.1.Q3.F,TGO,2006,81.59937286376953,,
NERT.1.GPIA,TGO,2006,.8776900172233582,,
REPR.2.G2.F.CP,TGO,2006,19.29159927368164,,
NART.3.RUR.Q3,TGO,2006,56.15631103515625,,
REPR.1.G7.CP,TGO,2006,0,NA,
NART.1.RUR.Q5.F,TGO,2006,0,NA,
SAP.CE.F,TGO,2006,724616,,
GER.2T3.GPIA,TGO,2006,.5533000230789185,,
NART.3.Q5.M,TGO,2006,78.34504699707031,,
NART.1.RUR.Q2.M,TGO,2006,73.40659332275391,,
41916,TGO,2006,9046,,
21517,TGO,2006,116144,,
REPR.2.G3.F.CP,TGO,2006,23.14176940917969,,
SAP.CE.M,TGO,2006,733825,,
NART.3.URB.Q5,TGO,2006,64.80264282226563,,
25003,TGO,2006,455,,
NART.3.Q3.M.LPIA,TGO,2006,.9031800031661987,,
ILLPOP.AG15T99,TGO,2006,1428608,,
NART.1.Q3.M,TGO,2006,86.83344268798828,,
MOR.5T8.40510,TGO,2006,18.58735084533691,,UIS_EST
NART.3.URB.Q3.F,TGO,2006,25.02607917785645,,
10405,TGO,2006,2005,,
NART.3.Q4,TGO,2006,59.67253112792969,,
25056,TGO,2006,0,NIL,
NART.3.F.LPIA,TGO,2006,.7470999956130981,,
SLE.1T2.F,TGO,2006,8.290280342102051,,
REPR.2.G1.CP,TGO,2006,21.74583053588867,,
SLE.2T3,TGO,2006,3.299649953842163,,
GER.1.M,TGO,2006,122.4851913452148,,
SAP.0,TGO,2006,530213,,
40035,TGO,2006,565361,,
NART.3.URB.Q5.F,TGO,2006,49.98550033569336,,
GTVP.4.V,TGO,2006,0,NA,
21512,TGO,2006,0,NA,
NART.3.RUR.Q4.GPIA,TGO,2006,.6391100287437439,,
GER.2.F,TGO,2006,45.92778015136719,,
NART.2.Q2,TGO,2006,66.209716796875,,
REPR.1.G7.M.CP,TGO,2006,0,NA,
NART.3.RUR.Q5.F,TGO,2006,0,NA,
NART.1.Q1.GPIA,TGO,2006,.8595700263977051,,
SLE.1T3.F,TGO,2006,8.799360275268555,,
299932,TGO,2006,6,,
GER.1.GPIA,TGO,2006,.8713499903678894,,
SAP.2T3.F,TGO,2006,453098,,
NART.3.Q3.LPIA,TGO,2006,1.041599988937378,,
GER.1T8.F,TGO,2006,54.32733154296875,,UIS_EST
GTVP.2.GPV,TGO,2006,98.89497375488281,,
NART.3.RUR.Q2,TGO,2006,43.47311019897461,,
GTVP.2T3.V,TGO,2006,6.47346019744873,,
41914,TGO,2006,134105,,
NART.2.Q1.GPIA,TGO,2006,.6926199793815613,,
GER.4.M,TGO,2006,0,NIL,
GER.1T8,TGO,2006,63.39389038085938,,UIS_EST
NART.3.Q5.F.LPIA,TGO,2006,0,NA,
SAP.2T3.M,TGO,2006,459255,,
NART.3.Q3.F,TGO,2006,36.06406021118164,,
REPR.2.G4.M.CP,TGO,2006,20.60552024841309,,
NART.3.Q4.F,TGO,2006,45.94086837768555,,
SLE.1T8.F,TGO,2006,8.88047981262207,,UIS_EST
NART.2.URB.WPIA,TGO,2006,0,NA,
GER.1T2.GPIA,TGO,2006,.796999990940094,,
42099,TGO,2006,24595,,
NART.3.Q5.M.LPIA,TGO,2006,0,NA,
NART.1.Q4.M.LPIA,TGO,2006,.9339900016784668,,
NART.2.URB.Q1.GPIA,TGO,2006,0,NA,
NART.2.URB.GPIA,TGO,2006,.8104000091552734,,
NART.2.URB.Q5.M,TGO,2006,92.56607055664063,,
NART.3.RUR.F,TGO,2006,33.58348846435547,,
NART.1.URB.Q1.GPIA,TGO,2006,0,NA,
SAP.2.F,TGO,2006,268772,,
NART.3.Q5.GPIA,TGO,2006,.6508499979972839,,
NART.3.Q2.F,TGO,2006,32.51504135131836,,
NART.3.RUR.Q4.M,TGO,2006,71.48483276367188,,
41918,TGO,2006,12645,,
SAP.02,TGO,2006,530213,,
NART.1.F.WPIA,TGO,2006,.6975600123405457,,
REPR.2.M.CP,TGO,2006,21.38924026489258,,
SAP.3.F,TGO,2006,184326,,
999974,TGO,2006,3,,
OE.5T8.40510,TGO,2006,5219,,UIS_EST
SAP.1.F,TGO,2006,455844,,
NART.2.RUR,TGO,2006,71.28720855712891,,
41940,TGO,2006,76787,,
OFST.1.CP,TGO,2006,67754,,
X.US.1.FSGOV,TGO,2006,27.1617603302002,,
NART.2.URB.F.WPIA,TGO,2006,0,NA,
NART.3.Q4.LPIA,TGO,2006,1.02973997592926,,
NART.1.RUR.Q2,TGO,2006,71.75807952880859,,
NART.2.Q1.M,TGO,2006,69.88529205322266,,
NART.3.Q3.F.LPIA,TGO,2006,1.381219983100891,,
SAP.2T3,TGO,2006,912353,,
GTVP.3.GPV,TGO,2006,75.08123016357422,,
NART.1.Q1.F,TGO,2006,61.64339828491211,,
OFST.1.M.CP,TGO,2006,6427,,
NART.1.RUR.Q4.GPIA,TGO,2006,1.005470037460327,,
OE.5T8.40515,TGO,2006,7,,UIS_EST
NART.1.URB.Q1,TGO,2006,0,NA,
NART.2.URB.Q3.F,TGO,2006,63.1326904296875,,
20163,TGO,2006,3408,,
NART.3.URB.Q1,TGO,2006,0,NA,
X.PPP.1.FSGOV,TGO,2006,69.14652252197266,,
NART.3.Q1,TGO,2006,40.14345932006836,,
GER.4.GPIA,TGO,2006,0,NA,
GER.4.F,TGO,2006,0,NIL,
NART.2.Q2.M.LPIA,TGO,2006,0,NA,
10404,TGO,2006,6,,
NART.3.URB.Q4.M,TGO,2006,67.74787902832031,,
NART.2.Q4.LPIA,TGO,2006,1.049950003623962,,
MOR.5T8.40535,TGO,2006,0,NIL,UIS_EST
41912,TGO,2006,0,NA,
SAP.1,TGO,2006,917419,,
41939,TGO,2006,0,NA,
SAP.4.F,TGO,2006,58041,,
NART.1.URB.Q2.GPIA,TGO,2006,.855650007724762,,
PRP.01,TGO,2006,0,NA,
NART.3.URB.Q4.F,TGO,2006,46.04409027099609,,
SAP.2.G1,TGO,2006,140045,,
NART.1.RUR.Q3.GPIA,TGO,2006,.9378399848937988,,
SAP.4.M,TGO,2006,58909,,
NART.2.WPIA,TGO,2006,.7732399702072144,,
NART.3.URB.Q1.GPIA,TGO,2006,0,NA,
NART.1.Q5.LPIA,TGO,2006,1.054200053215027,,
NART.3.Q2,TGO,2006,43.41246032714844,,
NART.2.URB.Q1.F,TGO,2006,0,NA,
GER.4,TGO,2006,0,NIL,
NART.1.Q2.F.LPIA,TGO,2006,.8195099830627441,,
NART.1.URB.GPIA,TGO,2006,.9199900031089783,,
SAP.CE,TGO,2006,1458441,,
NART.3.URB.GPIA,TGO,2006,.6167200207710266,,
NART.3.RUR.Q3.M,TGO,2006,66.32952880859375,,
NART.2.RUR.Q1.M,TGO,2006,69.98169708251953,,
NART.3.RUR.Q3.F,TGO,2006,40.44430160522461,,
42096,TGO,2006,0,NA,
NART.3.Q1.F,TGO,2006,16.10429954528809,,
NART.2.Q1.F.LPIA,TGO,2006,0,NA,
21508,TGO,2006,35348,,
NART.1.RUR.F,TGO,2006,71.85901641845703,,
X.PPPCONST.1.FSGOV,TGO,2006,85.02092742919922,,
NART.2.RUR.Q2.F,TGO,2006,59.41458892822266,,
NART.2.Q5.M,TGO,2006,92.50344848632813,,
41915,TGO,2006,14120,,
SAP.1.AGM1,TGO,2006,170632,,
NART.1.Q4.LPIA,TGO,2006,.9853500127792358,,
SLE.1T3,TGO,2006,10.2515697479248,,
13,TGO,2006,0,NA,
NART.3.WPIA,TGO,2006,.618120014667511,,
NART.3.Q3,TGO,2006,55.50706100463867,,
21509,TGO,2006,16085,,
REPR.2.G5.CP,TGO,2006,0,NA,
NART.2.URB.Q4.F,TGO,2006,81.95091247558594,,
X.PPPCONST.FSGOV,TGO,2006,252.8458862304688,,
ILLPOPF.AG15T24,TGO,2006,67.64556121826172,,
43617,TGO,2006,406,,
NART.2.Q5.GPIA,TGO,2006,.7280200123786926,,
41922,TGO,2006,47609,,
NART.1,TGO,2006,79.77668762207031,,
NART.2.RUR.Q1.GPIA,TGO,2006,.691070020198822,,
NART.2.Q4.F,TGO,2006,83.35962677001953,,
NART.3.M,TGO,2006,64.65886688232422,,
SAP.02.M,TGO,2006,266412,,
NART.3.Q1.LPIA,TGO,2006,0,NA,
NART.1.RUR.F.WPIA,TGO,2006,0,NA,
20064,TGO,2006,333113,,
41917,TGO,2006,11798,,
NART.1.URB.M,TGO,2006,94.40325164794922,,
NART.2.RUR.Q5.F,TGO,2006,0,NA,
20182,TGO,2006,11067,,
NART.1.Q1.LPIA,TGO,2006,0,NA,
SAP.1.AGM1.M,TGO,2006,85745,,
NART.1.Q4.M,TGO,2006,94.57051086425781,,
GER.1,TGO,2006,114.6555709838867,,
SAP.0.M,TGO,2006,266412,,
NART.1.RUR.GPIA,TGO,2006,.9204000234603882,,
REPR.2.G3.M.CP,TGO,2006,19.63056945800781,,
41936,TGO,2006,20912,,
41934,TGO,2006,14392,,
999976,TGO,2006,4,,
401,TGO,2006,6,,
PRP.1,TGO,2006,42.76652145385742,,
21501,TGO,2006,28421,,
NART.1.Q4.GPIA,TGO,2006,.9275299906730652,,
MOR.5T8.40500,TGO,2006,10.00125980377197,,UIS_EST
20082,TGO,2006,430064,,
SAP.2.G1.F,TGO,2006,69556,,
NART.1.URB.Q5.GPIA,TGO,2006,.9383100271224976,,
GER.1T3.M,TGO,2006,91.60865783691406,,
NART.3.RUR.Q3.GPIA,TGO,2006,.609749972820282,,
20071,TGO,2006,28424,,
SLE.1T2.GPIA,TGO,2006,.7876899838447571,,
NART.2.Q1,TGO,2006,60.48923873901367,,
NART.1.RUR.Q3,TGO,2006,83.80989074707031,,
41921,TGO,2006,0,NA,
ILLPOPF.AG15T99,TGO,2006,65.47850799560547,,
NART.2.M.LPIA,TGO,2006,.8576800227165222,,
NART.3,TGO,2006,54.28435897827148,,
NART.2.RUR.M.WPIA,TGO,2006,0,NA,
NART.1.Q1.F.LPIA,TGO,2006,0,NA,
GTVP.3.V,TGO,2006,24.91876983642578,,
NART.1.Q2,TGO,2006,72.95723724365234,,
NART.1.Q3.GPIA,TGO,2006,.9397199749946594,,
REPR.2.F.CP,TGO,2006,21.79213905334473,,
NART.2.Q1.LPIA,TGO,2006,0,NA,
NART.3.URB,TGO,2006,60.48834991455078,,
41906,TGO,2006,32089,,
SAP.1.G1,TGO,2006,165072,,
SAP.2,TGO,2006,541022,,
NART.2.URB.Q1.M,TGO,2006,0,NA,
41931,TGO,2006,29178,,
NART.2.URB.Q2,TGO,2006,79.49006652832031,,
PRP.2T3,TGO,2006,31.32743072509766,,
20065,TGO,2006,123441,,
NART.2.Q3.M.LPIA,TGO,2006,1.04993999004364,,
NART.2.URB.Q4.GPIA,TGO,2006,.910860002040863,,
NERT.1.M.CP,TGO,2006,98.60758972167969,,
42110,TGO,2006,0,NA,
404,TGO,2006,6,,
GER.1T3.GPIA,TGO,2006,.7666599750518799,,
999987,TGO,2006,19,,
NART.3.Q2.M.LPIA,TGO,2006,0,NA,
NART.2,TGO,2006,74.63046264648438,,
NART.3.Q3.M,TGO,2006,68.27660369873047,,
NART.2.RUR.Q5,TGO,2006,0,NA,
NART.1.URB.Q4,TGO,2006,91.67549896240234,,
SLE.1.F,TGO,2006,6.453169822692871,,
NART.2.Q5,TGO,2006,78.22866058349609,,
NART.2.M,TGO,2006,80.75121307373047,,
NART.2.RUR.Q3.F,TGO,2006,74.0672607421875,,
NART.3.Q2.LPIA,TGO,2006,1.016160011291504,,
21505,TGO,2006,22077,,
NART.1.URB.F.WPIA,TGO,2006,0,NA,
NART.1.M.LPIA,TGO,2006,.827019989490509,,
NART.1.RUR.Q5.GPIA,TGO,2006,0,NA,
GER.1T8.M,TGO,2006,72.34351348876953,,UIS_EST
40032,TGO,2006,0,NA,
NART.1.Q5,TGO,2006,91.18631744384766,,
21515,TGO,2006,0,NA,
MOR.5T8.40530,TGO,2006,.0106899999082088,,UIS_EST
NART.2.GPIA,TGO,2006,.8397600054740906,,
REPR.1.F.CP,TGO,2006,23.39432907104492,,
20083,TGO,2006,151865,,
41937,TGO,2006,0,NA,
NART.1.Q5.M.LPIA,TGO,2006,0,NA,
NART.1.URB.M.WPIA,TGO,2006,0,NA,
REPR.2.CP,TGO,2006,21.5398006439209,,
FTP.2T3,TGO,2006,6.198609828948975,,
NART.3.RUR.Q4.F,TGO,2006,45.68679046630859,,
GER.3.M,TGO,2006,36.64447021484375,,
SAP.4,TGO,2006,116950,,
20077,TGO,2006,0,NIL,
XGDP.1.FSGOV,TGO,2006,.8499699831008911,,
NART.1.Q5.F,TGO,2006,88.36984252929688,,
GER.3.F,TGO,2006,15.42049980163574,,
NART.1.RUR.Q4.M,TGO,2006,90.08780670166016,,
X.PPP.FSGOV,TGO,2006,205.6365966796875,,
NART.3.M.WPIA,TGO,2006,.6674699783325195,,
NART.2.URB.Q5.F,TGO,2006,66.93097686767578,,
NART.1.URB.F,TGO,2006,86.85038757324219,,
NART.1.RUR.Q2.GPIA,TGO,2006,.9552500247955322,,
400,TGO,2006,10,,
NART.3.RUR,TGO,2006,48.80282974243164,,
NART.2.RUR.Q4,TGO,2006,89.96737670898438,,
NART.2.RUR.GPIA,TGO,2006,.8354099988937378,,
SLE.5T8,TGO,2006,.2542299926280975,,UIS_EST
NART.2.Q2.GPIA,TGO,2006,.8967900276184082,,
20061,TGO,2006,9986,,UIS_EST
NART.2.URB.Q2.GPIA,TGO,2006,0,NA,
ILLPOP.AG15T24.M,TGO,2006,88034,,
NART.1.Q2.F,TGO,2006,70.99735260009766,,
NART.1.URB.Q2,TGO,2006,92.79611206054688,,
NART.3.URB.Q2.M,TGO,2006,0,NA,
SLE.1T8.GPIA,TGO,2006,.7333400249481201,,UIS_EST
SAP.1.GLAST.M,TGO,2006,72288,,
NART.1.URB.Q1.F,TGO,2006,0,NA,
SAP.1.G1.F,TGO,2006,82096,,
SAP.1.AGM1.F,TGO,2006,84887,,
40050,TGO,2006,0,NA,
GER.1T2.F,TGO,2006,84.17588806152344,,
SAP.1.GLAST.F,TGO,2006,71320,,
NART.3.Q1.M,TGO,2006,52.29278182983398,,
REPR.2.G1.F.CP,TGO,2006,21.66897964477539,,
NART.3.Q1.GPIA,TGO,2006,.3079600036144257,,
SAP.0.F,TGO,2006,263801,,
NART.2.Q2.F.LPIA,TGO,2006,0,NA,
20076,TGO,2006,0,NIL,
NART.2.RUR.Q2.M,TGO,2006,68.92826080322266,,
NART.2.Q2.LPIA,TGO,2006,.8218600153923035,,
NART.2.Q5.F,TGO,2006,67.34459686279297,,
NART.2.URB.Q4.M,TGO,2006,89.97120666503906,,
FTP.02,TGO,2006,91.56770324707031,,UIS_EST
GER.1T8.GPIA,TGO,2006,.7509599924087524,,UIS_EST
20160,TGO,2006,842,,UIS_EST
NART.2.URB.M,TGO,2006,89.29351043701172,,
NART.3.Q2.F.LPIA,TGO,2006,0,NA,
GER.2.GPIA,TGO,2006,.5963500142097473,,
NART.3.Q1.F.LPIA,TGO,2006,0,NA,
NART.2.RUR.Q3,TGO,2006,80.08007049560547,,
NART.3.URB.Q2.F,TGO,2006,0,NA,
999977,TGO,2006,16,,
ILLPOP.AG15T99.M,TGO,2006,493177,,
405,TGO,2006,2005,,
NART.3.GPIA,TGO,2006,.6086800098419189,,
NART.2.Q4.M,TGO,2006,91.00306701660156,,
NART.1.Q5.GPIA,TGO,2006,.9349799752235413,,
999973,TGO,2006,3,,
403,TGO,2006,9,,
GER.2.M,TGO,2006,77.01451110839844,,
NART.2.Q5.M.LPIA,TGO,2006,0,NA,
25051,TGO,2006,3379,,UIS_EST
SLE.1T2.M,TGO,2006,10.52482032775879,,
NART.3.RUR.M,TGO,2006,58.13536071777344,,
NART.2.Q2.M,TGO,2006,69.01365661621094,,
NART.2.Q3,TGO,2006,78.55065155029297,,
41913,TGO,2006,0,NA,
41925,TGO,2006,5346,,
NART.2.Q3.F.LPIA,TGO,2006,1.147629976272583,,
NART.2.RUR.WPIA,TGO,2006,0,NA,
MOR.5T8.40505,TGO,2006,0,NIL,UIS_EST
NART.1.RUR.Q4,TGO,2006,90.33222961425781,,
NART.1.Q2.M.LPIA,TGO,2006,.7340700030326843,,
FTP.1,TGO,2006,12.17012023925781,,
GER.1.F,TGO,2006,106.7275238037109,,
NART.1.Q3,TGO,2006,84.45484924316406,,
NART.2.RUR.Q2,TGO,2006,65.32997131347656,,
REPR.2.G2.CP,TGO,2006,21.7681999206543,,
NART.3.Q5.LPIA,TGO,2006,0,NA,
REPR.1.G7.F.CP,TGO,2006,0,NA,
21506,TGO,2006,36795,,
NART.3.URB.Q4.GPIA,TGO,2006,.679639995098114,,
406,TGO,2006,2006,,
NART.3.URB.Q3.GPIA,TGO,2006,.3407700061798096,,
40051,TGO,2006,9986,,UIS_EST
NART.1.LPIA,TGO,2006,.8288699984550476,,
NART.3.RUR.Q5,TGO,2006,0,NA,
MOR.5T8.40520,TGO,2006,.0463000014424324,,UIS_EST
41927,TGO,2006,8267,,
NART.1.URB.Q3.F,TGO,2006,85.318603515625,,
20183,TGO,2006,686,,
ILLPOP.AG15T99.F,TGO,2006,935431,,
REPR.1.G7.M.CP,TGO,2007,0,NA,
MOR.5T8.40535,TGO,2007,.0012300000526011,,UIS_EST
FTP.2T3,TGO,2007,6.754640102386475,,UIS_EST
XSPENDP.2T3.FDPUB.FNCUR,TGO,2007,98.60594940185547,,
OFST.2.M.CP,TGO,2007,82921,,UIS_EST
X.USCONST.1.FSGOV,TGO,2007,42.5252685546875,,
SAP.1.G1.F,TGO,2007,84398,,
REPR.2.CP,TGO,2007,27.56819915771484,,
41914,TGO,2007,128621,,
OFST.1.F.CP,TGO,2007,79641,,
SAP.0,TGO,2007,544579,,
OFST.AGM1.CP,TGO,2007,119711,,
FTP.5T8,TGO,2007,10.85105991363525,,UIS_EST
43617,TGO,2007,419,,UIS_EST
OE.5T8.40505,TGO,2007,0,NIL,
40035,TGO,2007,547622,,
X.PPPCONST.5T8.FSGOV,TGO,2007,54.73966979980469,,
SR.1.GLAST.M.CP,TGO,2007,75.91288757324219,,
SAP.1.GLAST.F,TGO,2007,72586,,
REPR.2.G1.CP,TGO,2007,23.87577056884766,,
XSPENDP.2T3.FDPUB.FNBOOKS,TGO,2007,2.044610023498535,,
40034,TGO,2007,11225,,
REPR.1.G6.F.CP,TGO,2007,20.75576972961426,,
REPR.2.M.CP,TGO,2007,27.06541061401367,,
REPR.1.G1.F.CP,TGO,2007,24.86956024169922,,
SAP.CE.M,TGO,2007,752421,,
REPR.2.G1.F.CP,TGO,2007,24.04471969604492,,
OFST.AGM1.M.CP,TGO,2007,59705,,
SLE.1T3.GPIA,TGO,2007,.7510899901390076,,UIS_EST
20065,TGO,2007,109352,,UIS_EST
GER.3.M,TGO,2007,39.89234161376953,,UIS_EST
42097,TGO,2007,74,,
SR.1.G5.CP,TGO,2007,75.7142333984375,,
SAP.2,TGO,2007,553547,,
41927,TGO,2007,6096,,
SLE.2T3.GPIA,TGO,2007,.5361899733543396,,UIS_EST
999975,TGO,2007,12,,
40050,TGO,2007,0,NA,
X.US.5T8.FSGOV,TGO,2007,20.03619956970215,,
21512,TGO,2007,0,NA,
REPR.2.G2.CP,TGO,2007,22.22429084777832,,
OE.5T8.40500,TGO,2007,2711,,UIS_EST
XSPENDP.2T3.FDPUB.FNS,TGO,2007,95.26022338867188,,
NERT.2.CP,TGO,2007,59.72500991821289,,UIS_EST
REPR.2.G2.M.CP,TGO,2007,22.13538932800293,,
OFST.AGM1.F.CP,TGO,2007,60006,,
SAP.1.GLAST.M,TGO,2007,73628,,
41925,TGO,2007,6013,,
999988,TGO,2007,1,,
GTVP.2T3.GPV,TGO,2007,92.2130126953125,,
X.PPP.02.FSGOV,TGO,2007,0,NIL,
SAP.0.F,TGO,2007,270857,,
XSPENDP.2T3.FDPUB.FNTS,TGO,2007,94.14498138427734,,
GER.1T2.GPIA,TGO,2007,.8004500269889832,,UIS_EST
REPR.1.F.CP,TGO,2007,23.96607971191406,,
X.PPPCONST.02.FSGOV,TGO,2007,0,NIL,
SAP.2.G1.F,TGO,2007,71179,,
SAP.2T3.F,TGO,2007,464148,,
21517,TGO,2007,113816,,
X.PPP.5T8.FSGOV,TGO,2007,45.72227096557617,,
X.USCONST.2T3.FSGOV,TGO,2007,34.72975158691406,,
SAP.2.M,TGO,2007,278635,,
SLE.02,TGO,2007,.123649999499321,,
41919,TGO,2007,0,NA,
20083,TGO,2007,141475,,UIS_EST
SAP.CE.F,TGO,2007,742459,,
20063,TGO,2007,473995,,
XSPENDP.02.FDPUB.FNTS,TGO,2007,0,NA,
SLE.1T8.F,TGO,2007,8.36797046661377,,UIS_EST
41924,TGO,2007,8569,,
GER.1T2.M,TGO,2007,98.15702056884766,,UIS_EST
41912,TGO,2007,0,NA,
GER.1,TGO,2007,108.5287628173828,,
21515,TGO,2007,0,NA,
XGDP.1.FSGOV,TGO,2007,1.052070021629333,,
SR.1.G4.CP,TGO,2007,80.53523254394531,,
GER.2,TGO,2007,54.24724960327148,,UIS_EST
41926,TGO,2007,6149,,
SAP.2.G1.M,TGO,2007,72175,,
MENFR.5T8,TGO,2007,-14.42679977416992,,UIS_EST
GER.1T3.M,TGO,2007,86.31632995605469,,UIS_EST
X.USCONST.UK.FSGOV,TGO,2007,4.784679889678955,,
XSPENDP.2T3.FDPUB.FNNONS,TGO,2007,3.345720052719116,,
OFST.1T2.CP,TGO,2007,333689,,UIS_EST
REPR.1.G1.CP,TGO,2007,25.11219024658203,,
X.US.2T3.FSGOV,TGO,2007,31.0884895324707,,
20161,TGO,2007,812,,
SLE.1T8,TGO,2007,9.942999839782715,,
404,TGO,2007,7,,
MOR.5T8.40520,TGO,2007,.0307700000703335,,UIS_EST
REPR.1.G6.CP,TGO,2007,20.16921043395996,,
299905,TGO,2007,6,,
SAP.3,TGO,2007,381145,,
GER.2.F,TGO,2007,39.7770881652832,,UIS_EST
999974,TGO,2007,3,,
10406,TGO,2007,2007,,
XSPENDP.2T3.FDPUB.FNCAP,TGO,2007,1.394050002098083,,
GER.2T3.M,TGO,2007,56.84675979614258,,UIS_EST
X.USCONST.02.FSGOV,TGO,2007,0,NIL,
SR.1.G5.M.CP,TGO,2007,79.68112182617188,,
SLE.1T2.GPIA,TGO,2007,.7907099723815918,,UIS_EST
MOR.5T8.40505,TGO,2007,0,NIL,
SAP.1.M,TGO,2007,473786,,
13,TGO,2007,0,NA,
OFST.1.CP,TGO,2007,110748,,
40032,TGO,2007,0,NA,
X.PPPCONST.1.FSGOV,TGO,2007,103.9996719360352,,
40033,TGO,2007,11225,,
REPR.2.G4.CP,TGO,2007,36.82778167724609,,
X.USCONST.4.FSGOV,TGO,2007,0,NIL,
41939,TGO,2007,0,NA,
SLE.1.M,TGO,2007,7.040599822998047,,
OE.5T8.40530,TGO,2007,3,,
X.PPPCONST.4.FSGOV,TGO,2007,0,NIL,
20064,TGO,2007,300284,,UIS_EST
SAP.3.M,TGO,2007,191909,,
XSPENDP.02.FDPUB.FNNONS,TGO,2007,0,NA,
OFST.1.M.CP,TGO,2007,31107,,
REPR.1.M.CP,TGO,2007,23.27956008911133,,
OE.5T8.40535,TGO,2007,0,,UIS_EST
REPR.2.G4.F.CP,TGO,2007,42.0435905456543,,
FTP.1,TGO,2007,12.08673000335693,,
REPR.1.G7.F.CP,TGO,2007,0,NA,
GER.2.GPIA,TGO,2007,.5804799795150757,,UIS_EST
SLE.2T3.M,TGO,2007,3.979269981384277,,UIS_EST
SR.1.G5.GPIA,TGO,2007,.8952199816703796,,
SLE.1T8.GPIA,TGO,2007,.7278599739074707,,UIS_EST
OFST.1T2.M.CP,TGO,2007,114028,,UIS_EST
SAP.2.F,TGO,2007,274912,,
10403,TGO,2007,10,,
GER.3,TGO,2007,28.51408004760742,,UIS_EST
20070,TGO,2007,108680,,UIS_EST
GER.2T3.F,TGO,2007,30.4805793762207,,UIS_EST
SAP.1.G1,TGO,2007,169805,,
42099,TGO,2007,22948,,
20062,TGO,2007,1021617,,
REPR.1.G2.M.CP,TGO,2007,22.57891082763672,,
OFST.1T2.F.CP,TGO,2007,219661,,UIS_EST
SAP.02.F,TGO,2007,270857,,
XSPENDP.02.FDPUB.FNCUR,TGO,2007,0,NA,
41930,TGO,2007,0,NA,
REPR.2.G2.F.CP,TGO,2007,22.37447929382324,,
REPR.1.G4.F.CP,TGO,2007,24.01387977600098,,
41933,TGO,2007,21738,,
41937,TGO,2007,0,NA,
SAP.2.G1,TGO,2007,143354,,
PRP.0,TGO,2007,55.13542175292969,,
10405,TGO,2007,2006,,
SLE.02.F,TGO,2007,.1248999983072281,,
XSPENDP.02.FDPUB.FNNTS,TGO,2007,0,NA,
NERT.1.CP,TGO,2007,88.23497772216797,,
REPR.1.G6.M.CP,TGO,2007,19.74006080627441,,
25003,TGO,2007,470,,
GER.1T3.F,TGO,2007,66.05917358398438,,UIS_EST
X.US.02.FSGOV,TGO,2007,0,NIL,
XSPENDP.02.FDPUB.FNCAP,TGO,2007,0,NA,
26637,TGO,2007,459,,
299902,TGO,2007,3,,
SLE.1.F,TGO,2007,6.143330097198486,,
25007,TGO,2007,51,,UIS_EST
41935,TGO,2007,15650,,
REPR.2.G5.F.CP,TGO,2007,0,NA,
X.PPP.FSGOV,TGO,2007,213.3070373535156,,
REPR.1.G4.M.CP,TGO,2007,22.55332946777344,,
OE.5T8.40510,TGO,2007,5148,,UIS_EST
X.USCONST.FSGOV,TGO,2007,104.4226379394531,,
REPR.2.G3.CP,TGO,2007,30.2047290802002,,
GER.1T2.F,TGO,2007,78.56958770751953,,UIS_EST
PRP.02,TGO,2007,55.13542175292969,,
XSPENDP.1.FDPUB.FNBOOKS,TGO,2007,1.560549974441528,,
REPR.1.G7.CP,TGO,2007,0,NA,
41922,TGO,2007,44132,,
42096,TGO,2007,0,NA,
SAP.5T8.M,TGO,2007,286888,,
SLE.1.GPIA,TGO,2007,.8725600242614746,,
400,TGO,2007,10,,
X.US.FSGOV,TGO,2007,93.47440338134766,,
THDUR.2T3,TGO,2007,7,,
GTVP.2T3.V,TGO,2007,7.786990165710449,,
X.US.UK.FSGOV,TGO,2007,4.28302001953125,,
XGDP.5T8.FSGOV,TGO,2007,.5537499785423279,,
NERT.2.GPIA,TGO,2007,.6985599994659424,,UIS_EST
PRP.01,TGO,2007,0,NA,
SLE.1T3,TGO,2007,9.657790184020996,,
SAP.2T3.M,TGO,2007,470544,,
SAP.1.AGM1.F,TGO,2007,87360,,
25056,TGO,2007,0,NIL,
SLE.1T3.M,TGO,2007,11.0198802947998,,UIS_EST
NERT.1.M.CP,TGO,2007,93.43437957763672,,
MOR.5T8.40500,TGO,2007,8.342280387878418,,UIS_EST
REPR.2.G4.M.CP,TGO,2007,34.03755950927734,,
X.PPP.4.FSGOV,TGO,2007,0,NIL,
20071,TGO,2007,32123,,UIS_EST
GER.1T2,TGO,2007,88.42857360839844,,UIS_EST
40055,TGO,2007,22559,,
41918,TGO,2007,9501,,
SAP.1.F,TGO,2007,467547,,
10404,TGO,2007,6,,
41917,TGO,2007,9501,,
SAP.1.GLAST,TGO,2007,146214,,
SLE.2T3,TGO,2007,3.062769889831543,,
XSPENDP.2T3.FDPUB.FNNTS,TGO,2007,1.115239977836609,,
SLE.1,TGO,2007,6.595019817352295,,
SLE.02.GPIA,TGO,2007,1.019909977912903,,
MOR.5T8.40515,TGO,2007,.0171399991959333,,UIS_EST
SR.1.GLAST.CP,TGO,2007,69.34133911132813,,
X.US.4.FSGOV,TGO,2007,0,NIL,
SAP.02.M,TGO,2007,273722,,
REPR.1.G5.M.CP,TGO,2007,24.41583061218262,,
25051,TGO,2007,3912,,
21514,TGO,2007,0,NA,
X.PPPCONST.2T3.FSGOV,TGO,2007,84.93495941162109,,
21513,TGO,2007,0,NA,
401,TGO,2007,6,,
20162,TGO,2007,26103,,
X.US.1.FSGOV,TGO,2007,38.06668853759766,,
GER.1T3,TGO,2007,76.25596618652344,,
XSPENDP.1.FDPUB.FNCAP,TGO,2007,1.373280048370361,,
FTP.02,TGO,2007,91.64785766601563,,
REPR.1.G2.CP,TGO,2007,22.7330207824707,,
REPR.1.G2.F.CP,TGO,2007,22.90118026733398,,
X.PPP.1.FSGOV,TGO,2007,86.8675537109375,,
REPR.1.G5.CP,TGO,2007,25.03302001953125,,
GTVP.2.GPV,TGO,2007,98.59765625,,UIS_EST
41929,TGO,2007,0,NA,
SAP.5T8.F,TGO,2007,282912,,
41920,TGO,2007,0,NA,
NERT.2.F.CP,TGO,2007,49.06734085083008,,UIS_EST
40054,TGO,2007,0,NA,
XSPENDP.1.FDPUB.FNCUR,TGO,2007,98.62671661376953,,
41936,TGO,2007,15597,,
SAP.2T3,TGO,2007,934692,,
XSPENDP.1.FDPUB.FNS,TGO,2007,96.12983703613281,,
X.PPP.UK.FSGOV,TGO,2007,9.77379035949707,,
REPR.1.CP,TGO,2007,23.59807968139648,,
40051,TGO,2007,11334,,
SAP.5T8,TGO,2007,569800,,
XSPENDP.1.FDPUB.FNNTS,TGO,2007,.8739100098609924,,
25053,TGO,2007,32502,,
GER.1T8,TGO,2007,59.81961059570313,,UIS_EST
REPR.1.G3.M.CP,TGO,2007,23.75098991394043,,
999977,TGO,2007,16,,
405,TGO,2007,2006,,
406,TGO,2007,2007,,
XSPENDP.02.FDPUB.FNS,TGO,2007,0,NA,
41916,TGO,2007,11961,,
26638,TGO,2007,149,,
SR.1.GLAST.F.CP,TGO,2007,61.99773025512695,,
SLE.1T2,TGO,2007,8.764909744262695,,UIS_EST
20060,TGO,2007,22559,,
20182,TGO,2007,11518,,UIS_EST
X.PPPCONST.UK.FSGOV,TGO,2007,11.70139026641846,,
MOR.5T8.40510,TGO,2007,15.83753967285156,,UIS_EST
SLE.1T8.M,TGO,2007,11.49658966064453,,UIS_EST
999987,TGO,2007,19,,
NERT.1.GPIA,TGO,2007,.8879600167274475,,
REPR.1.G4.CP,TGO,2007,23.22780990600586,,
REPR.1.G3.CP,TGO,2007,24.09856986999512,,
41940,TGO,2007,70959,,
GTVP.3.GPV,TGO,2007,74.5721435546875,,UIS_EST
10,TGO,2007,0,NA,
SAP.1.AGM1,TGO,2007,175683,,
PRP.1,TGO,2007,42.23725891113281,,
43188,TGO,2007,310,,
MSEP.5T8,TGO,2007,1.412220001220703,,
21516,TGO,2007,242437,,
SLE.1T2.M,TGO,2007,9.781559944152832,,UIS_EST
XGDP.02.FSGOV,TGO,2007,0,NIL,
REPR.2.F.CP,TGO,2007,28.43153953552246,,
42110,TGO,2007,0,NA,
41931,TGO,2007,26827,,
OFST.2.CP,TGO,2007,222941,,UIS_EST
SR.1.GLAST.GPIA,TGO,2007,.8166999816894531,,
MOR.5T8.40530,TGO,2007,.0092299999669194,,
42619,TGO,2007,0,NIL,
SAP.CE,TGO,2007,1494880,,
REPR.1.G5.F.CP,TGO,2007,25.80001068115234,,
OE.5T8.40515,TGO,2007,6,,UIS_EST
GER.3.GPIA,TGO,2007,.4255200028419495,,UIS_EST
PRP.4,TGO,2007,0,NA,
GER.1.GPIA,TGO,2007,.8770999908447266,,
299929,TGO,2007,3,,
999976,TGO,2007,4,,
SAP.3.F,TGO,2007,189236,,
GER.2T3,TGO,2007,43.75387954711914,,
SAP.1,TGO,2007,941333,,
NERT.2.M.CP,TGO,2007,70.24028015136719,,UIS_EST
XSPENDP.1.FDPUB.FNTS,TGO,2007,95.25592803955078,,
SLE.1T3.F,TGO,2007,8.276969909667969,,UIS_EST
20163,TGO,2007,3155,,
SLE.02.M,TGO,2007,.122409999370575,,
GER.2.M,TGO,2007,68.5240478515625,,UIS_EST
GTVP.2.V,TGO,2007,1.402340054512024,,UIS_EST
SAP.4,TGO,2007,120740,,
25052,TGO,2007,0,NIL,
SAP.0.M,TGO,2007,273722,,
REPR.2.G5.CP,TGO,2007,0,NA,
403,TGO,2007,10,,
SAP.4.M,TGO,2007,60839,,
REPR.1.G3.F.CP,TGO,2007,24.49201965332031,,
SAP.1.AGM1.M,TGO,2007,88323,,
XSPENDP.1.FDPUB.FNNONS,TGO,2007,2.496880054473877,,
SLE.1T2.F,TGO,2007,7.734409809112549,,UIS_EST
REPR.1.G1.M.CP,TGO,2007,25.33847999572754,,
GER.1T8.M,TGO,2007,68.42524719238281,,UIS_EST
GER.1.F,TGO,2007,101.3791122436523,,
REPR.2.G3.M.CP,TGO,2007,30.21660995483398,,
42116,TGO,2007,0,NA,
REPR.2.G3.F.CP,TGO,2007,30.18264007568359,,
GER.3.F,TGO,2007,16.97509956359863,,UIS_EST
GER.1T8.F,TGO,2007,51.09627914428711,,UIS_EST
GER.1T8.GPIA,TGO,2007,.7467499971389771,,UIS_EST
OE.5T8.40520,TGO,2007,10,,UIS_EST
20160,TGO,2007,886,,
GTVP.3.V,TGO,2007,25.42786026000977,,UIS_EST
MENF.5T8,TGO,2007,-4689,,UIS_EST
OFST.2.F.CP,TGO,2007,140020,,UIS_EST
999978,TGO,2007,3,,
41913,TGO,2007,0,NA,
41915,TGO,2007,13169,,
SR.1.G4.GPIA,TGO,2007,.943560004234314,,
REPR.2.G5.M.CP,TGO,2007,0,NA,
41938,TGO,2007,0,NA,
XGDP.2T3.FSGOV,TGO,2007,.8592100143432617,,
41928,TGO,2007,0,NA,
999973,TGO,2007,3,,
20061,TGO,2007,11334,,
299932,TGO,2007,6,,
41921,TGO,2007,0,NA,
NERT.1.F.CP,TGO,2007,82.96620178222656,,
SLE.2T3.F,TGO,2007,2.133640050888062,,UIS_EST
GER.2T3.GPIA,TGO,2007,.5361899733543396,,UIS_EST
SR.1.G4.M.CP,TGO,2007,82.76983642578125,,
20183,TGO,2007,778,,UIS_EST
41934,TGO,2007,17974,,
SAP.02,TGO,2007,544579,,
GER.1T3.GPIA,TGO,2007,.7653099894523621,,UIS_EST
SAP.1.G1.M,TGO,2007,85407,,
X.USCONST.5T8.FSGOV,TGO,2007,22.38294982910156,,
SR.1.G5.F.CP,TGO,2007,71.33188629150391,,
SAP.4.F,TGO,2007,59901,,
20082,TGO,2007,408964,,
X.PPP.2T3.FSGOV,TGO,2007,70.94342041015625,,
REPR.2.G1.M.CP,TGO,2007,23.76679992675781,,
SLE.5T8,TGO,2007,.2852100133895874,,
SR.1.G4.F.CP,TGO,2007,78.09851837158203,,
GER.1.M,TGO,2007,115.5842514038086,,
X.PPPCONST.FSGOV,TGO,2007,255.3756866455078,,
XGDP.4.FSGOV,TGO,2007,0,NIL,
X.PPP.2T3.FSGOV,TGO,2008,75.98921966552734,,
X.USCONST.5T8.FSGOV,TGO,2008,20.44240951538086,,
10403,TGO,2008,10,,
41930,TGO,2008,0,NA,
SAP.3.M,TGO,2008,196297,,
OE.5T8.40500,TGO,2008,2643,,UIS_EST
406,TGO,2008,2008,,
X.USCONST.4.FSGOV,TGO,2008,0,NIL,
SAP.1.G1.M,TGO,2008,87929,,
21500,TGO,2008,58144,,
SLE.1.GPIA,TGO,2008,.8846099972724915,,
XSPENDP.2.FDPUB.FNS,TGO,2008,93.12320709228516,,
SAP.3,TGO,2008,389847,,
OFST.AGM1.M.CP,TGO,2008,57884,,
21504,TGO,2008,43389,,
40032,TGO,2008,0,NA,
X.USCONST.2T3.FSGOV,TGO,2008,36.49982833862305,,
999987,TGO,2008,19,,
20160,TGO,2008,892,,
SAP.1.GLAST,TGO,2008,149115,,
REPR.2.G4.F.CP,TGO,2008,36.69977951049805,,
REPR.2.G5.CP,TGO,2008,0,NA,
X.PPP.02.FSGOV,TGO,2008,0,NIL,
42096,TGO,2008,0,NA,
XGDP.5T8.FSGOV,TGO,2008,.4860000014305115,,
41937,TGO,2008,0,NA,
13,TGO,2008,0,NA,
20061,TGO,2008,13208,,
X.USCONST.FSGOV,TGO,2008,101.6900405883789,,
21508,TGO,2008,35439,,
X.PPPCONST.FSGOV,TGO,2008,248.6928405761719,,
REPR.2.G2.CP,TGO,2008,22.27166938781738,,
SAP.02,TGO,2008,556801,,
20062,TGO,2008,1055372,,
X.US.2.FSGOV,TGO,2008,31.30044937133789,,
41922,TGO,2008,50641,,
REPR.2.G1.F.CP,TGO,2008,24.49917984008789,,
SAP.5T8,TGO,2008,584183,,
MOR.5T8.40505,TGO,2008,0,NIL,
GER.1,TGO,2008,109.1167831420898,,
SAP.1.GLAST.F,TGO,2008,74008,,
X.US.3.FSGOV,TGO,2008,7.892380237579346,,
999978,TGO,2008,3,,
41924,TGO,2008,8539,,
999975,TGO,2008,12,,
41925,TGO,2008,6270,,
SAP.0.M,TGO,2008,279926,,
X.PPPCONST.3.FSGOV,TGO,2008,17.9753303527832,,
403,TGO,2008,9,,
XSPENDP.2.FDPUB.FNCUR,TGO,2008,96.99140167236328,,
20161,TGO,2008,783,,
OFST.AGM1.F.CP,TGO,2008,57823,,
X.USCONST.3.FSGOV,TGO,2008,7.350080013275146,,
X.PPP.FSGOV,TGO,2008,211.7091064453125,,
999988,TGO,2008,2,,
404,TGO,2008,6,,
XSPENDP.1.FDPUB.FNNTS,TGO,2008,.6066300272941589,,
XSPENDP.4.FDPUB.FNTS,TGO,2008,0,NA,
XSPENDP.4.FDPUB.FNNONS,TGO,2008,0,NA,
REPR.2.G2.M.CP,TGO,2008,22.16311073303223,,
10406,TGO,2008,2008,,
41912,TGO,2008,0,NA,
41927,TGO,2008,8719,,
SAP.2T3,TGO,2008,954697,,
20063,TGO,2008,493190,,
GER.1.F,TGO,2008,102.7029800415039,,
XSPENDP.4.FDPUB.FNNTS,TGO,2008,0,NA,
41916,TGO,2008,10480,,
XSPENDP.02.FDPUB.FNNTS,TGO,2008,0,NA,
REPR.2.G4.CP,TGO,2008,31.96084022521973,,
XSPENDP.02.FDPUB.FNTS,TGO,2008,0,NA,
40033,TGO,2008,12842,,
XGDP.4.FSGOV,TGO,2008,0,NIL,
SLE.02.M,TGO,2008,.1369200050830841,,
XSPENDP.02.FDPUB.FNS,TGO,2008,0,NA,
40051,TGO,2008,13208,,
SAP.2.F,TGO,2008,280418,,
41933,TGO,2008,21625,,
21514,TGO,2008,0,NA,
SAP.1,TGO,2008,967195,,
XSPENDP.2.FDPUB.FNTS,TGO,2008,92.55014038085938,,
SAP.02.M,TGO,2008,279926,,
40035,TGO,2008,562182,,
OE.5T8.40530,TGO,2008,11,,
XSPENDP.02.FDPUB.FNNONS,TGO,2008,0,NA,
999974,TGO,2008,3,,
10405,TGO,2008,2007,,
SAP.1.AGM1.F,TGO,2008,89740,,
THDUR.2T3,TGO,2008,7,,
20162,TGO,2008,25538,,
400,TGO,2008,10,,
XSPENDP.1.FDPUB.FNCAP,TGO,2008,1.539899945259094,,
X.PPPCONST.2.FSGOV,TGO,2008,71.28854370117188,,
GER.1.GPIA,TGO,2008,.8896600008010864,,
X.US.1.FSGOV,TGO,2008,48.04932022094727,,
XSPENDP.1.FDPUB.FNS,TGO,2008,90.57395935058594,,
SAP.CE.F,TGO,2008,760628,,
41936,TGO,2008,21914,,
X.PPPCONST.02.FSGOV,TGO,2008,0,NIL,
X.PPPCONST.4.FSGOV,TGO,2008,0,NIL,
41909,TGO,2008,18565,,
21505,TGO,2008,20684,,
21509,TGO,2008,16286,,
999973,TGO,2008,3,,
XSPENDP.2T3.FDPUB.FNS,TGO,2008,92.47630310058594,,
OFST.1.F.CP,TGO,2008,73199,,
299932,TGO,2008,6,,
OE.5T8.40535,TGO,2008,1,,UIS_EST
40034,TGO,2008,12842,,
21512,TGO,2008,0,NA,
SAP.4,TGO,2008,243822,,
X.PPP.3.FSGOV,TGO,2008,15.30218029022217,,
XSPENDP.3.FDPUB.FNTS,TGO,2008,88.69863128662109,,
XSPENDP.2T3.FDPUB.FNNTS,TGO,2008,.5924199819564819,,
X.USCONST.1.FSGOV,TGO,2008,44.7477912902832,,
10,TGO,2008,0,NA,
NERT.1.F.CP,TGO,2008,84.75688171386719,,
X.US.5T8.FSGOV,TGO,2008,21.95067024230957,,
SAP.2.M,TGO,2008,284432,,
41914,TGO,2008,127484,,
XSPENDP.2.FDPUB.FNCAP,TGO,2008,3.008599996566772,,
41913,TGO,2008,0,NA,
REPR.2.G1.CP,TGO,2008,24.52935981750488,,
XSPENDP.2T3.FDPUB.FNBOOKS,TGO,2008,1.303320050239563,,
REPR.2.G3.F.CP,TGO,2008,30.05559921264648,,
XSPENDP.2T3.FDPUB.FNNONS,TGO,2008,5.035550117492676,,
NERT.1.M.CP,TGO,2008,94.23677825927734,,
OE.5T8.40515,TGO,2008,8,,UIS_EST
42097,TGO,2008,109,,
XSPENDP.2T3.FDPUB.FNCUR,TGO,2008,97.51184844970703,,
SAP.2T3.M,TGO,2008,480729,,
X.PPPCONST.5T8.FSGOV,TGO,2008,49.99390029907227,,
SLE.1.M,TGO,2008,7.022520065307617,,
NERT.1.CP,TGO,2008,89.530029296875,,
X.PPPCONST.1.FSGOV,TGO,2008,109.43505859375,,
10404,TGO,2008,6,,
REPR.2.G3.CP,TGO,2008,29.86492919921875,,
SAP.2,TGO,2008,564850,,
SLE.1,TGO,2008,6.620259761810303,,
SAP.1.AGM1,TGO,2008,180519,,
41931,TGO,2008,30981,,
X.PPP.5T8.FSGOV,TGO,2008,42.55918121337891,,
XSPENDP.02.FDPUB.FNCUR,TGO,2008,0,NA,
OE.5T8.40505,TGO,2008,0,NIL,
21516,TGO,2008,241082,,
XSPENDP.1.FDPUB.FNTS,TGO,2008,89.96733856201172,,
REPR.2.F.CP,TGO,2008,27.79105949401855,,
X.USCONST.02.FSGOV,TGO,2008,0,NIL,
41917,TGO,2008,13880,,
PRP.1,TGO,2008,42.91349029541016,,
21506,TGO,2008,35526,,
X.PPP.1.FSGOV,TGO,2008,93.16069793701172,,
SLE.02,TGO,2008,.1396300047636032,,
41938,TGO,2008,0,NA,
XSPENDP.1.FDPUB.FNNONS,TGO,2008,7.886139869689941,,
SAP.CE,TGO,2008,1532045,,
21517,TGO,2008,113598,,
20060,TGO,2008,26050,,
X.PPPCONST.2T3.FSGOV,TGO,2008,89.26387786865234,,
PRP.0,TGO,2008,55.06718063354492,,
SAP.2.G1.F,TGO,2008,72408,,
40055,TGO,2008,26050,,
SAP.1.GLAST.M,TGO,2008,75107,,
XSPENDP.2T3.FDPUB.FNCAP,TGO,2008,2.488149881362915,,
XSPENDP.3.FDPUB.FNNTS,TGO,2008,.6849300265312195,,
41908,TGO,2008,22705,,
999976,TGO,2008,4,,
21515,TGO,2008,0,NA,
FTP.1,TGO,2008,12.20925998687744,,
SLE.1.F,TGO,2008,6.2121901512146,,
XSPENDP.4.FDPUB.FNCAP,TGO,2008,0,NA,
XSPENDP.3.FDPUB.FNS,TGO,2008,89.38356018066406,,
XSPENDP.3.FDPUB.FNNONS,TGO,2008,10.61643981933594,,
SAP.1.F,TGO,2008,480210,,
XSPENDP.1.FDPUB.FNBOOKS,TGO,2008,.9332699775695801,,
X.US.02.FSGOV,TGO,2008,0,NIL,
REPR.2.G5.M.CP,TGO,2008,0,NA,
REPR.2.G2.F.CP,TGO,2008,22.45442962646484,,
41920,TGO,2008,0,NA,
OFST.1.M.CP,TGO,2008,28066,,
XSPENDP.2.FDPUB.FNNONS,TGO,2008,3.868190050125122,,
299929,TGO,2008,3,,
401,TGO,2008,6,,
XSPENDP.1.FDPUB.FNCUR,TGO,2008,98.46009826660156,,
41907,TGO,2008,22732,,
XSPENDP.2T3.FDPUB.FNTS,TGO,2008,91.88388824462891,,
21502,TGO,2008,43862,,
21503,TGO,2008,21130,,
SAP.0.F,TGO,2008,276875,,
SAP.0,TGO,2008,556801,,
20163,TGO,2008,3118,,
XSPENDP.2.FDPUB.FNNTS,TGO,2008,.5730699896812439,,
40050,TGO,2008,0,NA,
21501,TGO,2008,27788,,
SAP.5T8.M,TGO,2008,294283,,
XGDP.2.FSGOV,TGO,2008,.6930099725723267,,
X.USCONST.2.FSGOV,TGO,2008,29.14974975585938,,
41926,TGO,2008,7453,,
X.US.2T3.FSGOV,TGO,2008,39.19282150268555,,
OFST.1.CP,TGO,2008,101265,,
21513,TGO,2008,0,NA,
FTP.02,TGO,2008,87.7802734375,,
NERT.1.GPIA,TGO,2008,.899399995803833,,
41906,TGO,2008,30356,,
999977,TGO,2008,16,,
41939,TGO,2008,0,NA,
GER.1.M,TGO,2008,115.4413375854492,,
40054,TGO,2008,0,NA,
REPR.2.M.CP,TGO,2008,26.2977294921875,,
41915,TGO,2008,13086,,
299902,TGO,2008,3,,
XSPENDP.4.FDPUB.FNCUR,TGO,2008,0,NA,
41918,TGO,2008,13195,,
XGDP.1.FSGOV,TGO,2008,1.063830018043518,,
42116,TGO,2008,0,NA,
SLE.02.F,TGO,2008,.1423600018024445,,
OE.5T8.40510,TGO,2008,5112,,UIS_EST
REPR.2.G1.M.CP,TGO,2008,24.54886054992676,,
SAP.1.G1.F,TGO,2008,86816,,
PRP.02,TGO,2008,55.06718063354492,,
REPR.2.G3.M.CP,TGO,2008,29.76129913330078,,
XGDP.2T3.FSGOV,TGO,2008,.8677499890327454,,
XSPENDP.3.FDPUB.FNCUR,TGO,2008,100,,
41935,TGO,2008,21333,,
21507,TGO,2008,16961,,
21511,TGO,2008,10749,,
OE.5T8.40540,TGO,2008,2166,,UIS_EST
405,TGO,2008,2007,,
XSPENDP.02.FDPUB.FNCAP,TGO,2008,0,NA,
X.PPP.4.FSGOV,TGO,2008,0,NIL,
SAP.2.G1,TGO,2008,145888,,
41934,TGO,2008,16750,,
41928,TGO,2008,0,NA,
PRP.01,TGO,2008,0,NA,
SAP.3.F,TGO,2008,193550,,
REPR.2.G5.F.CP,TGO,2008,0,NA,
SAP.1.G1,TGO,2008,174745,,
OFST.AGM1.CP,TGO,2008,115707,,
SAP.2.G1.M,TGO,2008,73480,,
OE.5T8.40520,TGO,2008,14,,UIS_EST
SLE.02.GPIA,TGO,2008,1.038159966468811,,
42099,TGO,2008,22420,,
42110,TGO,2008,0,NA,
SAP.2T3.F,TGO,2008,473968,,
SAP.CE.M,TGO,2008,771417,,
REPR.2.CP,TGO,2008,26.85120010375977,,
41921,TGO,2008,0,NA,
SAP.4.F,TGO,2008,120936,,
XGDP.3.FSGOV,TGO,2008,.1747400015592575,,
REPR.2.G4.M.CP,TGO,2008,29.32143974304199,,
41910,TGO,2008,19153,,
X.PPP.2.FSGOV,TGO,2008,60.68704986572266,,
299905,TGO,2008,6,,
41919,TGO,2008,0,NA,
XGDP.02.FSGOV,TGO,2008,0,NIL,
SAP.1.M,TGO,2008,486985,,
41940,TGO,2008,81622,,
41911,TGO,2008,13973,,
SAP.4.M,TGO,2008,122886,,
21510,TGO,2008,24722,,
SAP.5T8.F,TGO,2008,289900,,
41929,TGO,2008,0,NA,
X.US.FSGOV,TGO,2008,109.1928100585938,,
SAP.02.F,TGO,2008,276875,,
XSPENDP.4.FDPUB.FNS,TGO,2008,0,NA,
X.US.4.FSGOV,TGO,2008,0,NIL,
SAP.1.AGM1.M,TGO,2008,90779,,
41940,TGO,2009,86035,,
PRP.02,TGO,2009,46.97372055053711,,
XSPENDP.3.FDPUB.FNS,TGO,2009,90.44293212890625,,
41913,TGO,2009,0,NA,
REPR.1.G4.CP,TGO,2009,23.3427906036377,,
ILLPOPF.AG15T99,TGO,2009,66.36843872070313,,
10406,TGO,2009,2009,,
XSPENDP.1.FDPUB.FNNTS,TGO,2009,7.825109958648682,,
X.USCONST.1.FSGOV,TGO,2009,63.43328857421875,,
X.USCONST.2T3.FSGOV,TGO,2009,44.66640853881836,,
SAP.1.GLAST.M,TGO,2009,76696,,
SR.1.G5.GPIA,TGO,2009,.9808400273323059,,
40051,TGO,2009,20920,,
REPR.1.CP,TGO,2009,23.24428939819336,,
X.PPPCONST.3.FSGOV,TGO,2009,21.31435012817383,,
ILLPOP.AG15T99.M,TGO,2009,527026,,
ILLPOPF.AG15T24.URB,TGO,2009,74.94098663330078,,
XSPENDP.4.FDPUB.FNTS,TGO,2009,0,NIL,
299905,TGO,2009,6,,
REPR.1.G3.F.CP,TGO,2009,24.93021965026855,,
41920,TGO,2009,0,NA,
REPR.1.G6.F.CP,TGO,2009,16.8474292755127,,
XSPENDP.FDPUB.FNNONS,TGO,2009,6.059770107269287,,
40033,TGO,2009,20137,,
21512,TGO,2009,0,NA,
41908,TGO,2009,24720,,
41912,TGO,2009,0,NA,
SAP.3.M,TGO,2009,201043,,
X.PPP.3.FSGOV,TGO,2009,18.26094055175781,,
PRP.0,TGO,2009,46.97372055053711,,
40034,TGO,2009,20137,,
ILLPOP.AG15T99.URB,TGO,2009,440089,,
MOR.5T8.40505,TGO,2009,0,NIL,
REPR.1.G3.M.CP,TGO,2009,24.09023094177246,,
GER.1.GPIA,TGO,2009,.8646500110626221,,
X.USCONST.FSGOV,TGO,2009,126.3526992797852,,
20161,TGO,2009,1556,,
REPR.1.G1.CP,TGO,2009,26.23208045959473,,
41921,TGO,2009,0,NA,
ILLPOP.AG15T24.RUR.F,TGO,2009,113184,,
SAP.1.AGM1.M,TGO,2009,92966,,
REPR.1.F.CP,TGO,2009,24.06841087341309,,
REPR.1.G1.M.CP,TGO,2009,26.44787979125977,,
41939,TGO,2009,0,NA,
X.PPPCONST.FSGOV,TGO,2009,309.0077819824219,,
X.US.3.FSGOV,TGO,2009,9.015649795532227,,
X.PPPCONST.2T3.FSGOV,TGO,2009,109.2360305786133,,
20160,TGO,2009,1629,,
ILLPOPF.AG15T24.RUR,TGO,2009,64.26093292236328,,
41929,TGO,2009,0,NA,
41919,TGO,2009,0,NA,
SR.1.G5.M.CP,TGO,2009,78.33280944824219,,
SAP.1.G1,TGO,2009,179615,,
20062,TGO,2009,1224916,,
XSPENDP.2T3.FDPUB.FNCUR,TGO,2009,96.91461944580078,,
REPR.1.G2.M.CP,TGO,2009,23.26852035522461,,
41916,TGO,2009,10748,,
299929,TGO,2009,3,,
SAP.CE.F,TGO,2009,779983,,
21517,TGO,2009,127919,,
MYS.1T8.AG25T99,TGO,2009,3.342099905014038,,
SAP.02.M,TGO,2009,286535,,
40055,TGO,2009,41057,,
999988,TGO,2009,2,,
XSPENDP.1.FDPUB.FNCAP,TGO,2009,1.224609971046448,,
XSPENDP.FDPUB.FNS,TGO,2009,91.98281097412109,,
42097,TGO,2009,73,,
XSPENDP.1.FDPUB.FNBOOKS,TGO,2009,.5973700284957886,,
21502,TGO,2009,48569,,
X.USCONST.4.FSGOV,TGO,2009,0,NIL,
405,TGO,2009,2008,,
ILLPOP.AG15T24.RUR.M,TGO,2009,62948,,
21501,TGO,2009,34417,,
X.PPP.1.FSGOV,TGO,2009,132.9086151123047,,
999976,TGO,2009,4,,
XGDP.2T3.FSGOV,TGO,2009,1.006180047988892,,
21513,TGO,2009,0,NA,
XSPENDP.02.FDPUB.FNCAP,TGO,2009,0,NIL,
20162,TGO,2009,28153,,
SR.1.G4.M.CP,TGO,2009,79.65614318847656,,
SR.1.GLAST.GPIA,TGO,2009,1.18707001209259,,
SR.1.GLAST.CP,TGO,2009,59.35157012939453,,
ILLPOP.AG15T99,TGO,2009,1567058,,
299932,TGO,2009,6,,
PRP.4,TGO,2009,0,NA,
X.PPPCONST.02.FSGOV,TGO,2009,0,NIL,
41926,TGO,2009,8054,,
XSPENDP.2.FDPUB.FNCAP,TGO,2009,3.636359930038452,,
21500,TGO,2009,76305,,
XSPENDP.FDPUB.FNCAP,TGO,2009,1.957419991493225,,
X.PPPCONST.2.FSGOV,TGO,2009,87.92169189453125,,
XSPENDP.2.FDPUB.FNS,TGO,2009,92.81369781494141,,
X.US.2.FSGOV,TGO,2009,37.18954849243164,,
SR.1.G4.CP,TGO,2009,79.66030883789063,,
SAP.1.GLAST,TGO,2009,152222,,
41906,TGO,2009,41888,,
X.US.1.FSGOV,TGO,2009,65.61860656738281,,
ILLPOP.AG15T24.RUR,TGO,2009,176133,,
999974,TGO,2009,3,,
XSPENDP.FDPUB.FNTS,TGO,2009,81.91963958740234,,
42099,TGO,2009,24541,,
SAP.1.G1.M,TGO,2009,90415,,
41935,TGO,2009,22729,,
OE.5T8.40510,TGO,2009,4932,,UIS_EST
XSPENDP.2T3.FDPUB.FNNONS,TGO,2009,4.476530075073242,,
40054,TGO,2009,0,NA,
41937,TGO,2009,0,NA,
SAP.2.G1.F,TGO,2009,73844,,
42116,TGO,2009,0,NA,
41925,TGO,2009,6468,,
ILLPOP.AG15T99.URB.F,TGO,2009,329853,,
XSPENDP.1.FDPUB.FNS,TGO,2009,91.60646820068359,,
GER.1.F,TGO,2009,114.0949096679688,,
41907,TGO,2009,25296,,
XSPENDP.FDPUB.FNNTS,TGO,2009,10.06315994262695,,
13,TGO,2009,0,NA,
GER.1.M,TGO,2009,131.9555358886719,,
X.USCONST.3.FSGOV,TGO,2009,8.715399742126465,,
REPR.1.G6.CP,TGO,2009,16.68071937561035,,
XSPENDP.4.FDPUB.FNCAP,TGO,2009,0,NIL,
10404,TGO,2009,6,,
10,TGO,2009,0,NA,
SAP.1,TGO,2009,995122,,
SAP.CE,TGO,2009,1571710,,
REPR.2.G5.F.CP,TGO,2009,0,NA,
20163,TGO,2009,3612,,
ILLPOP.AG15T99.RUR.M,TGO,2009,416790,,
999978,TGO,2009,3,,
REPR.1.G2.F.CP,TGO,2009,23.5561408996582,,
SAP.1.G1.F,TGO,2009,89200,,
20061,TGO,2009,20920,,
SR.1.GLAST.M.CP,TGO,2009,54.60541915893555,,
ILLPOP.AG15T99.RUR,TGO,2009,1126969,,
SAP.0,TGO,2009,569789,,
SAP.0.M,TGO,2009,286535,,
X.US.FSGOV,TGO,2009,130.7056274414063,,
ILLPOP.AG15T24.URB,TGO,2009,59407,,
REPR.1.G7.CP,TGO,2009,0,NA,
REPR.1.G6.M.CP,TGO,2009,16.5556697845459,,
ILLPOP.AG15T99.RUR.F,TGO,2009,710179,,
SLE.02,TGO,2009,.2153500020503998,,
41938,TGO,2009,0,NA,
SAP.2T3,TGO,2009,975779,,
REPR.2.G5.CP,TGO,2009,0,NA,
OE.5T8.40520,TGO,2009,19,,UIS_EST
SAP.2.F,TGO,2009,286145,,
SLE.1.M,TGO,2009,8.011960029602051,,UIS_EST
REPR.1.G5.F.CP,TGO,2009,24.39665031433105,,
299902,TGO,2009,3,,
999973,TGO,2009,3,,
OE.5T8.40530,TGO,2009,13,,
X.PPPCONST.1.FSGOV,TGO,2009,155.1322631835938,,
21515,TGO,2009,0,NA,
999975,TGO,2009,12,,
404,TGO,2009,7,,
REPR.1.G7.M.CP,TGO,2009,0,NA,
FTP.1,TGO,2009,12.82989025115967,,
401,TGO,2009,6,,
REPR.1.G5.M.CP,TGO,2009,18.29674911499023,,
XSPENDP.2.FDPUB.FNNTS,TGO,2009,4.108459949493408,,
999987,TGO,2009,19,,
21514,TGO,2009,0,NA,
400,TGO,2009,10,,
SAP.5T8.F,TGO,2009,297729,,
21506,TGO,2009,39498,,
OE.5T8.40540,TGO,2009,2162,,UIS_EST
SAP.1.GLAST.F,TGO,2009,75526,,
X.PPPCONST.5T8.FSGOV,TGO,2009,44.63948059082031,,
REPR.1.M.CP,TGO,2009,22.54229927062988,,
XGDP.3.FSGOV,TGO,2009,.1963299959897995,,
SLE.02.F,TGO,2009,.2207099944353104,,
REPR.1.G1.F.CP,TGO,2009,25.9982795715332,,
REPR.2.G5.M.CP,TGO,2009,0,NA,
42096,TGO,2009,0,NA,
ILLPOPF.AG15T99.RUR,TGO,2009,63.01670074462891,,
X.USCONST.2.FSGOV,TGO,2009,35.95101165771484,,
XSPENDP.1.FDPUB.FNTS,TGO,2009,83.78135681152344,,
SAP.3.F,TGO,2009,198148,,
41922,TGO,2009,53032,,
REPR.1.G2.CP,TGO,2009,23.4067497253418,,
XGDP.4.FSGOV,TGO,2009,0,NIL,
42110,TGO,2009,0,NA,
41915,TGO,2009,14624,,
XGDP.1.FSGOV,TGO,2009,1.428930044174194,,
SAP.1.AGM1,TGO,2009,184802,,
THDUR.2T3,TGO,2009,7,,
REPR.1.G5.CP,TGO,2009,20.71822929382324,,
XSPENDP.3.FDPUB.FNTS,TGO,2009,64.60980224609375,,
SAP.4.M,TGO,2009,125927,,
21516,TGO,2009,273948,,
MYS.1T8.AG25T99.F,TGO,2009,2.031650066375732,,
XSPENDP.3.FDPUB.FNCUR,TGO,2009,98.72958374023438,,
X.PPP.5T8.FSGOV,TGO,2009,38.24459838867188,,
SLE.1.GPIA,TGO,2009,.861020028591156,,UIS_EST
41930,TGO,2009,0,NA,
GER.1,TGO,2009,123.092041015625,,
10403,TGO,2009,10,,
SAP.2T3.M,TGO,2009,491486,,
X.US.2T3.FSGOV,TGO,2009,46.2052001953125,,
XGDP.2.FSGOV,TGO,2009,.8098499774932861,,
X.USCONST.02.FSGOV,TGO,2009,0,NIL,
XSPENDP.2.FDPUB.FNCUR,TGO,2009,96.36363983154297,,
FTP.02,TGO,2009,95.51872253417969,,
ILLPOPF.AG15T24,TGO,2009,66.95461273193359,,
SAP.2.G1.M,TGO,2009,74978,,
REPR.1.G4.M.CP,TGO,2009,22.35924911499023,,
403,TGO,2009,9,,
XSPENDP.2.FDPUB.FNTS,TGO,2009,88.70523071289063,,
21503,TGO,2009,23273,,
41918,TGO,2009,12985,,
SAP.02.F,TGO,2009,283254,,
41934,TGO,2009,17216,,
10405,TGO,2009,2008,,
XSPENDP.2T3.FDPUB.FNBOOKS,TGO,2009,.9298400282859802,,
ILLPOP.AG15T24.F,TGO,2009,157704,,
41928,TGO,2009,0,NA,
XSPENDP.2T3.FDPUB.FNCAP,TGO,2009,3.085380077362061,,
21507,TGO,2009,18862,,
OE.5T8.40515,TGO,2009,9,,UIS_EST
406,TGO,2009,2009,,
40035,TGO,2009,661472,,
X.PPP.02.FSGOV,TGO,2009,0,NIL,
OE.5T8.40500,TGO,2009,2423,,UIS_EST
41914,TGO,2009,146029,,
ILLPOPF.AG15T99.URB,TGO,2009,74.95149230957031,,
41909,TGO,2009,20636,,
ILLPOP.AG15T24,TGO,2009,235539,,
X.US.4.FSGOV,TGO,2009,0,NIL,
X.USCONST.5T8.FSGOV,TGO,2009,18.25300025939941,,
SAP.2T3.F,TGO,2009,484293,,
SAP.2.M,TGO,2009,290443,,
XSPENDP.3.FDPUB.FNNTS,TGO,2009,25.8331298828125,,
21508,TGO,2009,38240,,
41936,TGO,2009,22037,,
PRP.01,TGO,2009,0,NA,
SAP.5T8,TGO,2009,600146,,
ILLPOP.AG15T99.URB.M,TGO,2009,110236,,
SLE.02.M,TGO,2009,.2100600004196167,,
X.PPP.2.FSGOV,TGO,2009,75.32636260986328,,
XSPENDP.1.FDPUB.FNNONS,TGO,2009,7.168920040130615,,
X.PPPCONST.4.FSGOV,TGO,2009,0,NIL,
21505,TGO,2009,22862,,
X.PPP.2T3.FSGOV,TGO,2009,93.58730316162109,,
X.PPP.4.FSGOV,TGO,2009,0,NIL,
ILLPOP.AG15T24.URB.F,TGO,2009,44520,,
X.PPP.FSGOV,TGO,2009,264.7405090332031,,
XSPENDP.02.FDPUB.FNTS,TGO,2009,0,NIL,
XSPENDP.3.FDPUB.FNNONS,TGO,2009,8.286660194396973,,
21509,TGO,2009,17794,,
XSPENDP.3.FDPUB.FNCAP,TGO,2009,1.270419955253601,,
SR.1.G4.F.CP,TGO,2009,79.61093902587891,,
SR.1.G5.F.CP,TGO,2009,76.83204650878906,,
MYS.1T8.AG25T99.GPIA,TGO,2009,.4175800085067749,,
SAP.1.AGM1.F,TGO,2009,91836,,
SR.1.G5.CP,TGO,2009,77.66909790039063,,
SLE.1,TGO,2009,7.459400177001953,,UIS_EST
41931,TGO,2009,33003,,
XSPENDP.FDPUB.FNCUR,TGO,2009,98.04257965087891,,
40032,TGO,2009,0,NA,
SAP.1.M,TGO,2009,501284,,
41910,TGO,2009,20446,,
41933,TGO,2009,24053,,
SAP.2.G1,TGO,2009,148822,,
XSPENDP.2T3.FDPUB.FNS,TGO,2009,92.43808746337891,,
21511,TGO,2009,10711,,
SAP.02,TGO,2009,569789,,
REPR.1.G4.F.CP,TGO,2009,24.4737606048584,,
OE.5T8.40505,TGO,2009,0,NIL,
ILLPOP.AG15T24.M,TGO,2009,77835,,
REPR.1.G7.F.CP,TGO,2009,0,NA,
MYS.1T8.AG25T99.M,TGO,2009,4.865340232849121,,
SAP.0.F,TGO,2009,283254,,
XSPENDP.1.FDPUB.FNCUR,TGO,2009,98.775390625,,
SAP.CE.M,TGO,2009,791727,,
ILLPOP.AG15T24.URB.M,TGO,2009,14887,,
SLE.02.GPIA,TGO,2009,1.048220038414001,,
REPR.1.G3.CP,TGO,2009,24.48978996276855,,
SAP.4,TGO,2009,249851,,
XGDP.02.FSGOV,TGO,2009,0,NIL,
40050,TGO,2009,0,NA,
41917,TGO,2009,14675,,
SR.1.GLAST.F.CP,TGO,2009,67.17082214355469,,
SAP.3,TGO,2009,399191,,
41911,TGO,2009,13043,,
XSPENDP.2.FDPUB.FNNONS,TGO,2009,3.54994010925293,,
21510,TGO,2009,23754,,
SR.1.G4.GPIA,TGO,2009,.9994300007820129,,
41927,TGO,2009,9052,,
XSPENDP.2T3.FDPUB.FNTS,TGO,2009,83.09382629394531,,
X.US.5T8.FSGOV,TGO,2009,18.8818302154541,,
ILLPOP.AG15T99.F,TGO,2009,1040032,,
XSPENDP.2T3.FDPUB.FNNTS,TGO,2009,9.344260215759277,,
XGDP.5T8.FSGOV,TGO,2009,.4111799895763397,,
SLE.1.F,TGO,2009,6.898429870605469,,UIS_EST
X.US.02.FSGOV,TGO,2009,0,NIL,
41924,TGO,2009,9429,,
SAP.4.F,TGO,2009,123924,,
20060,TGO,2009,41057,,
SAP.2,TGO,2009,576588,,
21504,TGO,2009,47582,,
20063,TGO,2009,563444,,
999977,TGO,2009,16,,
SAP.5T8.M,TGO,2009,302417,,
OE.5T8.40535,TGO,2009,1,,UIS_EST
SAP.1.F,TGO,2009,493838,,
NART.3.RUR.Q4.F,TGO,2010,56.31587982177734,,
NART.3.Q4.GPIA,TGO,2010,.7938200235366821,,
20062,TGO,2010,1286653,,
41931,TGO,2010,30340,,UIS_EST
NART.1.F,TGO,2010,82.29846954345703,,
NART.2.URB.GPIA,TGO,2010,.8734099864959717,,
SAP.3,TGO,2010,407139,,
NART.3.Q5.F.LPIA,TGO,2010,0,NA,
REPR.1.G1.CP,TGO,2010,24.46717071533203,,
SAP.1,TGO,2010,1023764,,
41917,TGO,2010,13424,,UIS_EST
SAP.2T3.M,TGO,2010,501423,,
XSPENDP.5T8.FDPUB.FNNONS,TGO,2010,37.05932998657227,,
NART.2.URB.Q4,TGO,2010,86.28208923339844,,
NART.3.URB,TGO,2010,64.28671264648438,,
SAP.CE.M,TGO,2010,812206,,
XSPENDP.2.FDPUB.FNCAP,TGO,2010,2.033269882202148,,
X.PPPCONST.1.FSGOV,TGO,2010,179.4297943115234,,
41936,TGO,2010,18062,,
NART.2.F.LPIA,TGO,2010,.9142400026321411,,
SR.1.GLAST.F.CP,TGO,2010,47.73715972900391,,
X.PPPCONST.2T3.FSGOV,TGO,2010,88.81575012207031,,
41927,TGO,2010,7555,,
NART.1.RUR.Q1.F,TGO,2010,76.16847991943359,,
NART.1.RUR,TGO,2010,81.25341033935547,,
XSPENDP.2T3.FDPUB.FNCUR,TGO,2010,95.55431365966797,,
OE.5T8.40535,TGO,2010,2,,UIS_EST
OE.5T8.40505,TGO,2010,0,NIL,
X.PPP.5T8.FSGOV,TGO,2010,50.37060165405273,,
SAP.2.G1.F,TGO,2010,75329,,
SLE.1.F,TGO,2010,7.27701997756958,,UIS_EST
SAP.1.G1,TGO,2010,183800,,
NART.3.Q3.F,TGO,2010,58.54880905151367,,
NART.1.RUR.Q3,TGO,2010,91.81668853759766,,
41909,TGO,2010,21339,,
20163,TGO,2010,4373,,
X.PPPCONST.3.FSGOV,TGO,2010,44.10815811157227,,
NART.2.URB.Q5.M,TGO,2010,94.09343719482422,,
NART.2.Q3.M,TGO,2010,93.20771789550781,,
SR.1.G4.F.CP,TGO,2010,65.79946136474609,,
XSPENDP.4.FDPUB.FNNONS,TGO,2010,0,NA,
XSPENDP.02.FDPUB.FNNONS,TGO,2010,8.743169784545898,,
21500,TGO,2010,82667,,
NART.2.Q1.F,TGO,2010,71.21444702148438,,
SAP.CE.F,TGO,2010,799544,,
X.PPPCONST.FSGOV,TGO,2010,347.2206420898438,,
OE.5T8.40540,TGO,2010,2169,,UIS_EST
21505,TGO,2010,24474,,
XGDP.02.FSGOV,TGO,2010,.0793600007891655,,
21516,TGO,2010,284723,,
NART.2.Q5.F,TGO,2010,85.70575714111328,,
NART.1.RUR.Q4.F,TGO,2010,96.58611297607422,,
NART.2.RUR.Q1.F,TGO,2010,72.23605346679688,,
NART.3.Q3.LPIA,TGO,2010,.847029983997345,,
XSPENDP.5T8.FDPUB.FNCAP,TGO,2010,2.407569885253906,,
299902,TGO,2010,3,,
X.PPP.2.FSGOV,TGO,2010,38.76327896118164,,
NART.3.Q3.M,TGO,2010,77.90827941894531,,
NART.2.Q2.LPIA,TGO,2010,0,NA,
NART.1.Q1.F,TGO,2010,76.45963287353516,,
NART.2.Q5.F.LPIA,TGO,2010,0,NA,
NART.3.LPIA,TGO,2010,.8362200260162354,,
NART.3.RUR.Q1.M,TGO,2010,62.09735107421875,,
NART.3.RUR.Q3.GPIA,TGO,2010,.6951000094413757,,
NART.1.F.WPIA,TGO,2010,.8140799999237061,,
NART.1.Q5,TGO,2010,96.74822998046875,,
999974,TGO,2010,3,,
XSPENDP.FDPUB.FNS,TGO,2010,74.66532135009766,,
NART.1.URB.Q1.GPIA,TGO,2010,0,NA,
REPR.1.G7.F.CP,TGO,2010,0,NA,
NART.2.Q2.M.LPIA,TGO,2010,0,NA,
NART.2.URB.Q4.F,TGO,2010,80.31226348876953,,
PRP.01,TGO,2010,0,NA,
NART.2.RUR.Q3.F,TGO,2010,80.30544281005859,,
NART.1.RUR.F.WPIA,TGO,2010,.761680006980896,,
NART.3.URB.Q4.GPIA,TGO,2010,.8806999921798706,,
NART.2.URB.Q2,TGO,2010,0,NA,
SR.1.G5.GPIA,TGO,2010,.9203500151634216,,
NART.3.M.LPIA,TGO,2010,.8622199892997742,,
NART.2.RUR.Q4.F,TGO,2010,70.62251281738281,,
42096,TGO,2010,0,NA,
NART.3.RUR.Q4.GPIA,TGO,2010,.6397500038146973,,
X.PPP.1.FSGOV,TGO,2010,155.5728454589844,,
NART.2.URB.Q2.F,TGO,2010,0,NA,
NART.3.Q4.F.LPIA,TGO,2010,.8676300048828125,,
GTVP.4.GPV,TGO,2010,0,NA,
NART.2.URB.WPIA,TGO,2010,0,NA,
XSPENDP.3.FDPUB.FNCUR,TGO,2010,91.79856109619141,,
XSPENDP.1.FDPUB.FNNONS,TGO,2010,7.1528000831604,,
NART.2.GPIA,TGO,2010,.8880699872970581,,
NART.2.Q3,TGO,2010,87.5723876953125,,
X.US.FSGOV,TGO,2010,140.4826354980469,,
NART.1.Q2.M,TGO,2010,89.22850799560547,,
41915,TGO,2010,14489,,
NART.1.Q1.LPIA,TGO,2010,0,NA,
SLE.02,TGO,2010,.2204599976539612,,
41934,TGO,2010,15749,,UIS_EST
NART.1.URB.Q3,TGO,2010,94.41314697265625,,
REPR.1.G6.M.CP,TGO,2010,12.93202018737793,,
SAP.0,TGO,2010,584209,,
SR.1.G5.M.CP,TGO,2010,63.1720085144043,,
NART.3.RUR.WPIA,TGO,2010,0,NA,
XSPENDP.2T3.FDPUB.FNBOOKS,TGO,2010,1.181769967079163,,
NART.3.URB.WPIA,TGO,2010,0,NA,
NART.2.Q1.GPIA,TGO,2010,.9159700274467468,,
XSPENDP.1.FDPUB.FNS,TGO,2010,77.84580993652344,,
NART.2.URB.M.WPIA,TGO,2010,0,NA,
XGDP.5T8.FSGOV,TGO,2010,.5043500065803528,,
41912,TGO,2010,0,NA,
NART.1.URB.F,TGO,2010,88.67836761474609,,
40055,TGO,2010,42890,,
NART.2.M.LPIA,TGO,2010,.9010999798774719,,
NART.3.RUR.Q1.F,TGO,2010,35.8690299987793,,
42097,TGO,2010,348,,
X.PPP.4.FSGOV,TGO,2010,.1732400059700012,,
NART.2.RUR.WPIA,TGO,2010,.8473100066184998,,
REPR.1.G1.M.CP,TGO,2010,24.97920036315918,,
NART.2.RUR.Q1,TGO,2010,75.40299987792969,,
SAP.02.F,TGO,2010,290388,,
NART.1.Q5.GPIA,TGO,2010,.9441699981689453,,
NART.2.RUR.Q2.F,TGO,2010,70.87265014648438,,
X.PPPCONST.5T8.FSGOV,TGO,2010,58.09489059448242,,
MOR.5T8.40510,TGO,2010,8.823789596557617,,UIS_EST
NART.3.F.WPIA,TGO,2010,.6110000014305115,,
XSPENDP.02.FDPUB.FNS,TGO,2010,56.28414916992188,,
MOR.5T8.40530,TGO,2010,.0214399993419647,,UIS_EST
OE.5T8.40500,TGO,2010,2385,,UIS_EST
NART.1.RUR.M.WPIA,TGO,2010,0,NA,
10403,TGO,2010,10,,
SAP.2.G1,TGO,2010,151859,,
XSPENDP.4.FDPUB.FNS,TGO,2010,0,NA,
21506,TGO,2010,41651,,
NART.1.URB.Q4,TGO,2010,92.84861755371094,,
NART.1.URB.M,TGO,2010,90.14472961425781,,
NART.3.Q1,TGO,2010,51.16096115112305,,
41940,TGO,2010,78592,,UIS_EST
21512,TGO,2010,0,NA,
NART.3.URB.M.WPIA,TGO,2010,0,NA,
40034,TGO,2010,21206,,
NART.2.URB.F.WPIA,TGO,2010,0,NA,
REPR.2.G2.M.CP,TGO,2010,20.93353080749512,,
X.USCONST.1.FSGOV,TGO,2010,73.36850738525391,,
NART.1.RUR.Q5,TGO,2010,100,,
41914,TGO,2010,149111,,
NART.1.RUR.Q3.GPIA,TGO,2010,.9876499772071838,,
42619,TGO,2010,266,,
X.PPPCONST.2.FSGOV,TGO,2010,44.70758819580078,,
NART.2.RUR.M,TGO,2010,80.07553863525391,,
NART.3.Q4,TGO,2010,71.05773162841797,,
NART.3.RUR.Q2.M,TGO,2010,66.11897277832031,,
X.US.5T8.FSGOV,TGO,2010,23.50472068786621,,
REPR.2.CP,TGO,2010,27.14656066894531,,
NART.2.URB.Q5.GPIA,TGO,2010,.9089300036430359,,
SAP.1.AGM1.F,TGO,2010,93391,,
NART.3.Q3.GPIA,TGO,2010,.7515100240707397,,
NART.1.URB.Q4.F,TGO,2010,90.83788299560547,,
NART.3.URB.Q1.M,TGO,2010,0,NA,
NART.1.Q5.M,TGO,2010,99.47471618652344,,
REPR.1.G3.M.CP,TGO,2010,22.43182945251465,,
40032,TGO,2010,0,NA,
NART.2.Q4,TGO,2010,85.64122772216797,,
NART.1.Q5.M.LPIA,TGO,2010,0,NA,
REPR.1.G7.CP,TGO,2010,0,NA,
NART.3.Q1.GPIA,TGO,2010,.5833799839019775,,
NART.2.Q4.GPIA,TGO,2010,.8188999891281128,,
NART.2.Q3.GPIA,TGO,2010,.8636999726295471,,
NART.2.F.WPIA,TGO,2010,.8309199810028076,,
NART.2.RUR.M.WPIA,TGO,2010,0,NA,
NART.1.RUR.Q1,TGO,2010,79.36805725097656,,
NART.3.URB.M,TGO,2010,75.41233062744141,,
NART.1.Q4.LPIA,TGO,2010,1.045549988746643,,
THDUR.2T3,TGO,2010,7,,
NART.1.RUR.Q1.GPIA,TGO,2010,.9267799854278564,,
NART.1.RUR.Q4.GPIA,TGO,2010,.986519992351532,,
SLE.02.F,TGO,2010,.2242099940776825,,
MOR.5T8.40500,TGO,2010,4.261640071868896,,UIS_EST
10,TGO,2010,0,NA,
NART.1.URB.Q2,TGO,2010,94.47039031982422,,
NART.1.Q2,TGO,2010,86.23674011230469,,
REPR.1.G2.M.CP,TGO,2010,22.3349609375,,
SR.1.GLAST.GPIA,TGO,2010,.8620499968528748,,
NART.3.Q1.M,TGO,2010,61.48455810546875,,
NART.2.WPIA,TGO,2010,.8458999991416931,,
SLE.02.M,TGO,2010,.2167599946260452,,
SAP.1.GLAST.M,TGO,2010,79210,,
OE.5T8.40520,TGO,2010,20,,UIS_EST
NART.3.Q5.LPIA,TGO,2010,0,NA,
21504,TGO,2010,50543,,
NART.1.Q4.GPIA,TGO,2010,.9662200212478638,,
XSPENDP.FDPUB.FNCAP,TGO,2010,10.60890007019043,,
40054,TGO,2010,0,NA,
NART.1.RUR.Q4,TGO,2010,97.27998352050781,,
NART.2.RUR.Q4.GPIA,TGO,2010,.713949978351593,,
NART.1.RUR.GPIA,TGO,2010,.9561600089073181,,
NART.3.WPIA,TGO,2010,.7335600256919861,,
20162,TGO,2010,31712,,
XSPENDP.02.FDPUB.FNCUR,TGO,2010,65.02732086181641,,
NART.2.URB.Q5.F,TGO,2010,85.52401733398438,,
REPR.1.G4.CP,TGO,2010,21.00411033630371,,
NART.1.Q1.M.LPIA,TGO,2010,0,NA,
NART.1.Q2.F,TGO,2010,82.8519287109375,,
NART.1.GPIA,TGO,2010,.9676799774169922,,
NART.3.URB.GPIA,TGO,2010,.714169979095459,,
NART.2.Q1.M,TGO,2010,77.7474365234375,,
NART.2.Q1,TGO,2010,75.05120849609375,,
SAP.CE,TGO,2010,1611750,,
NART.1.Q4.F,TGO,2010,92.66268920898438,,
299905,TGO,2010,6,,
10404,TGO,2010,6,,
REPR.1.G2.CP,TGO,2010,22.32805061340332,,
PRP.1,TGO,2010,33.73403930664063,,
NART.3.Q1.M.LPIA,TGO,2010,0,NA,
NART.2.Q3.M.LPIA,TGO,2010,.9779499769210815,,
NART.3.Q2.M.LPIA,TGO,2010,0,NA,
XSPENDP.1.FDPUB.FNCAP,TGO,2010,15.00139045715332,,
41919,TGO,2010,0,NA,
NART.1.Q3.F.LPIA,TGO,2010,.9992799758911133,,
X.PPPCONST.02.FSGOV,TGO,2010,9.141329765319824,,
X.PPP.UK.FSGOV,TGO,2010,10.00481986999512,,
42099,TGO,2010,27339,,
NART.3.URB.F.WPIA,TGO,2010,0,NA,
NART.1,TGO,2010,83.70053863525391,,
NART.3.Q5.F,TGO,2010,58.70534896850586,,
NART.2.Q3.LPIA,TGO,2010,.9721599817276001,,
NART.2.Q2.GPIA,TGO,2010,.8427600264549255,,
XSPENDP.1.FDPUB.FNCUR,TGO,2010,84.99861145019531,,
XSPENDP.FDPUB.FNCUR,TGO,2010,89.39109802246094,,
10405,TGO,2010,2009,,
X.PPPCONST.UK.FSGOV,TGO,2010,11.53905010223389,,
NART.2.URB.M,TGO,2010,88.86403656005859,,
NART.1.RUR.Q2.F,TGO,2010,82.45556640625,,
NART.3.Q5.M,TGO,2010,84.50370788574219,,
NART.3.RUR,TGO,2010,53.75785064697266,,
NART.1.URB.Q3.F,TGO,2010,91.32877349853516,,
41908,TGO,2010,26069,,
X.USCONST.FSGOV,TGO,2010,141.9778747558594,,
NART.1.Q1.GPIA,TGO,2010,.9319000244140625,,
299932,TGO,2010,6,,
GER.1,TGO,2010,125.6786727905273,,
OE.5T8.40515,TGO,2010,8,,UIS_EST
NART.2.URB.Q1.GPIA,TGO,2010,0,NA,
XSPENDP.2T3.FDPUB.FNS,TGO,2010,87.84468078613281,,
21513,TGO,2010,0,NA,
NART.1.RUR.Q4.M,TGO,2010,97.90619659423828,,
X.PPP.2T3.FSGOV,TGO,2010,77.00682067871094,,
NART.1.RUR.Q3.F,TGO,2010,91.26299285888672,,
REPR.1.M.CP,TGO,2010,21.49974060058594,,
NART.2.URB.Q5,TGO,2010,88.70216369628906,,
NART.2.RUR.Q2.M,TGO,2010,84.95220184326172,,
SAP.2.M,TGO,2010,296284,,
SR.1.GLAST.CP,TGO,2010,51.72684097290039,,
NART.3.URB.Q5.F,TGO,2010,56.65584182739258,,
SAP.2T3.F,TGO,2010,493702,,
MOR.5T8.40540,TGO,2010,3.876450061798096,,UIS_EST
MOR.5T8.40505,TGO,2010,0,NIL,
999987,TGO,2010,19,,
NART.2.LPIA,TGO,2010,.9170299768447876,,
XGDP.1.FSGOV,TGO,2010,1.557729959487915,,
NART.1.URB.Q1,TGO,2010,0,NA,
999978,TGO,2010,3,,
NART.2.URB.Q3.M,TGO,2010,94.95890808105469,,
41913,TGO,2010,0,NIL,
NART.3.Q4.M,TGO,2010,77.82292175292969,,
21515,TGO,2010,0,NIL,
40051,TGO,2010,21684,,
NART.3.RUR.Q5,TGO,2010,0,NA,
41922,TGO,2010,48252,,UIS_EST
REPR.1.G5.M.CP,TGO,2010,20.76630020141602,,
XSPENDP.3.FDPUB.FNNONS,TGO,2010,10.35970973968506,,
NART.2.Q1.F.LPIA,TGO,2010,0,NA,
NART.3.Q5.M.LPIA,TGO,2010,0,NA,
NART.2.RUR.F,TGO,2010,70.95839691162109,,
NART.2.RUR.Q4.M,TGO,2010,98.91864013671875,,
XSPENDP.1.FDPUB.FNBOOKS,TGO,2010,2.644030094146729,,
REPR.1.G4.F.CP,TGO,2010,21.6515998840332,,
NART.1.RUR.Q5.M,TGO,2010,0,NA,
NART.2.RUR.Q2.GPIA,TGO,2010,.8342599868774414,,
NART.3.URB.Q4.M,TGO,2010,73.70021057128906,,
NART.2,TGO,2010,78.52957916259766,,
X.PPP.3.FSGOV,TGO,2010,38.2435417175293,,
NART.3.RUR.F,TGO,2010,40.61301040649414,,
NART.2.URB.Q4.M,TGO,2010,92.43414306640625,,
SAP.1.M,TGO,2010,515922,,
SAP.5T8,TGO,2010,613280,,
NART.1.RUR.Q2,TGO,2010,85.92375183105469,,
SAP.5T8.F,TGO,2010,304149,,
X.USCONST.UK.FSGOV,TGO,2010,4.718299865722656,,
NART.2.M.WPIA,TGO,2010,.8299300074577332,,
NART.3.URB.Q4,TGO,2010,70.23445892333984,,
NART.3.M.WPIA,TGO,2010,.7275999784469604,,
NART.3.URB.Q2,TGO,2010,0,NA,
42110,TGO,2010,0,NA,
NART.1.Q4.M.LPIA,TGO,2010,1.031049966812134,,
SAP.1.GLAST,TGO,2010,157161,,
FTP.02,TGO,2010,78.85784149169922,,
NART.2.RUR.Q1.M,TGO,2010,77.57756042480469,,
NART.1.Q3.LPIA,TGO,2010,.9725000262260437,,
NART.2.Q3.F,TGO,2010,80.50343322753906,,
SAP.4,TGO,2010,254987,,
XSPENDP.5T8.FDPUB.FNS,TGO,2010,60.53310012817383,,
999977,TGO,2010,16,,
NART.1.URB.Q1.F,TGO,2010,0,NA,
OE.5T8.40530,TGO,2010,12,,UIS_EST
NART.3.RUR.M,TGO,2010,65.02213287353516,,
NART.1.M,TGO,2010,85.04685211181641,,
NART.2.Q5.M.LPIA,TGO,2010,0,NA,
NART.2.URB.Q1.F,TGO,2010,0,NA,
NART.1.RUR.Q5.GPIA,TGO,2010,0,NA,
NART.3.URB.Q1,TGO,2010,0,NA,
NART.2.RUR.Q3.GPIA,TGO,2010,.8647500276565552,,
41920,TGO,2010,0,NA,
REPR.2.G4.CP,TGO,2010,31.73554039001465,,
X.US.1.FSGOV,TGO,2010,72.59583282470703,,
NART.1.URB.GPIA,TGO,2010,.9837300181388855,,
GER.1.M,TGO,2010,131.2698364257813,,
41911,TGO,2010,11560,,
NART.3.URB.Q5,TGO,2010,67.22537994384766,,
NART.3.RUR.Q5.M,TGO,2010,0,NA,
299929,TGO,2010,3,,
NART.1.Q1.M,TGO,2010,82.04734802246094,,
XSPENDP.3.FDPUB.FNCAP,TGO,2010,8.20143985748291,,
PRP.0,TGO,2010,33.4296989440918,,
NART.3.Q2.LPIA,TGO,2010,0,NA,
406,TGO,2010,2010,,
20161,TGO,2010,1298,,
NART.2.Q2,TGO,2010,79.19168090820313,,
NART.3.RUR.Q5.F,TGO,2010,0,NA,
NART.3.Q3.M.LPIA,TGO,2010,.9703800082206726,,
21517,TGO,2010,135612,,
NART.3.RUR.Q3,TGO,2010,65.3502197265625,,
NART.2.Q4.F,TGO,2010,77.29107666015625,,
NART.1.Q2.GPIA,TGO,2010,.9285399913787842,,
NART.3.Q2.F.LPIA,TGO,2010,0,NA,
REPR.2.G1.F.CP,TGO,2010,25.33573913574219,,
NART.1.URB.Q3.M,TGO,2010,97.55599975585938,,
XSPENDP.4.FDPUB.FNCAP,TGO,2010,0,NA,
NART.3.M,TGO,2010,69.39762115478516,,
NART.1.Q3,TGO,2010,92.23824310302734,,
XSPENDP.5T8.FDPUB.FNCUR,TGO,2010,97.59243011474609,,
21502,TGO,2010,52521,,
41925,TGO,2010,5917,,UIS_EST
REPR.2.G5.CP,TGO,2010,0,NA,
NART.1.Q4,TGO,2010,94.30795288085938,,
41938,TGO,2010,0,NA,
41907,TGO,2010,27119,,
405,TGO,2010,2009,,
999988,TGO,2010,2,,
21509,TGO,2010,17276,,
NART.2.Q4.LPIA,TGO,2010,.9757599830627441,,
NART.2.Q2.F,TGO,2010,72.06263732910156,,
10406,TGO,2010,2010,,
NART.3.URB.Q1.F,TGO,2010,0,NA,
X.US.4.FSGOV,TGO,2010,.0808399990200996,,
NART.1.URB.WPIA,TGO,2010,0,NA,
NART.1.Q3.F,TGO,2010,91.27349090576172,,
NART.3.URB.Q5.M,TGO,2010,82.46343231201172,,
SLE.1.M,TGO,2010,8.000129699707031,,UIS_EST
41921,TGO,2010,0,NA,
NART.1.RUR.Q2.GPIA,TGO,2010,.9256899952888489,,
X.USCONST.2T3.FSGOV,TGO,2010,36.31658935546875,,
REPR.1.G7.M.CP,TGO,2010,0,NA,
NART.2.Q2.F.LPIA,TGO,2010,0,NA,
REPR.2.G2.CP,TGO,2010,21.00321960449219,,
NART.1.Q4.M,TGO,2010,95.90206146240234,,
SAP.2,TGO,2010,587986,,
41937,TGO,2010,0,NA,
REPR.1.F.CP,TGO,2010,22.0594596862793,,
SAP.2.F,TGO,2010,291702,,
NART.2.Q1.LPIA,TGO,2010,0,NA,
21514,TGO,2010,0,NIL,
SLE.5T8,TGO,2010,.4562300145626068,,
XSPENDP.FDPUB.FNNONS,TGO,2010,14.72577953338623,,
NART.1.URB.Q4.GPIA,TGO,2010,.957539975643158,,
PRP.02,TGO,2010,33.4296989440918,,
NART.3.Q4.M.LPIA,TGO,2010,1.162760019302368,,
REPR.1.G6.F.CP,TGO,2010,15.25131034851074,,
404,TGO,2010,6,,
XGDP.2.FSGOV,TGO,2010,.3881300091743469,,
X.USCONST.2.FSGOV,TGO,2010,18.28084945678711,,
SAP.0.F,TGO,2010,290388,,
OE.5T8.40510,TGO,2010,4938,,UIS_EST
NART.2.URB.Q3,TGO,2010,89.69139099121094,,
REPR.2.G3.CP,TGO,2010,31.07974052429199,,
NART.1.Q4.F.LPIA,TGO,2010,1.059509992599487,,
XSPENDP.4.FDPUB.FNCUR,TGO,2010,0,NA,
NART.1.M.LPIA,TGO,2010,.9207299947738647,,
41918,TGO,2010,10507,,
NART.2.RUR.Q5.F,TGO,2010,0,NA,
41929,TGO,2010,0,NA,
XSPENDP.3.FDPUB.FNS,TGO,2010,81.43885040283203,,
NART.1.RUR.F,TGO,2010,79.359619140625,,
NART.3.RUR.Q1,TGO,2010,51.25622177124023,,
NART.1.Q1.F.LPIA,TGO,2010,0,NA,
NART.1.Q3.M,TGO,2010,93.25585174560547,,
NART.2.Q4.M,TGO,2010,94.38432312011719,,
XGDP.3.FSGOV,TGO,2010,.3829300105571747,,
NART.1.WPIA,TGO,2010,.8210200071334839,,
NART.1.URB.Q5.GPIA,TGO,2010,.9389299750328064,,
NART.2.Q4.F.LPIA,TGO,2010,.8793500065803528,,
NART.3.Q1.F.LPIA,TGO,2010,0,NA,
NART.1.URB.Q4.M,TGO,2010,94.86588287353516,,
NART.2.RUR.Q1.GPIA,TGO,2010,.9311500191688538,,
REPR.1.G1.F.CP,TGO,2010,23.92416954040527,,
NART.3.Q1.LPIA,TGO,2010,0,NA,
SR.1.G4.CP,TGO,2010,67.34620666503906,,
NART.1.Q5.F.LPIA,TGO,2010,1.06633996963501,,
X.PPP.FSGOV,TGO,2010,301.0542297363281,,
XSPENDP.2.FDPUB.FNNONS,TGO,2010,6.007390022277832,,
NART.1.RUR.WPIA,TGO,2010,.7936800122261047,,
NART.2.Q5.M,TGO,2010,93.67986297607422,,
40050,TGO,2010,0,NA,
NART.2.Q5,TGO,2010,88.72350311279297,,
NART.3.Q4.LPIA,TGO,2010,1.035330057144165,,
NART.1.Q2.F.LPIA,TGO,2010,0,NA,
SAP.4.F,TGO,2010,126469,,
NART.2.URB.Q3.F,TGO,2010,81.75794219970703,,
XSPENDP.2T3.FDPUB.FNCAP,TGO,2010,4.445690155029297,,
NART.1.URB.Q5.M,TGO,2010,99.43818664550781,,
21501,TGO,2010,39325,,
NART.3.URB.Q2.GPIA,TGO,2010,0,NA,
NART.3.RUR.Q4.M,TGO,2010,88.02725982666016,,
SAP.02,TGO,2010,584209,,
999973,TGO,2010,3,,
XSPENDP.2.FDPUB.FNS,TGO,2010,91.95932769775391,,
NART.3.URB.Q2.F,TGO,2010,0,NA,
XGDP.4.FSGOV,TGO,2010,.0017300000181422,,
NART.3.RUR.F.WPIA,TGO,2010,0,NA,
SR.1.G4.GPIA,TGO,2010,.9564700126647949,,
GER.1.GPIA,TGO,2010,.914139986038208,,
NART.2.URB.Q2.GPIA,TGO,2010,0,NA,
REPR.1.G3.CP,TGO,2010,22.66057014465332,,
25052,TGO,2010,288,,
999976,TGO,2010,4,,
20063,TGO,2010,609403,,
NART.1.URB.M.WPIA,TGO,2010,0,NA,
NART.2.RUR.Q5,TGO,2010,88.99104309082031,,
REPR.1.G6.CP,TGO,2010,13.93640041351318,,
NART.1.Q5.LPIA,TGO,2010,1.035130023956299,,
41924,TGO,2010,9500,,
REPR.1.G4.M.CP,TGO,2010,20.42688941955566,,
NART.2.Q2.M,TGO,2010,85.5074462890625,,
X.US.02.FSGOV,TGO,2010,3.698509931564331,,
SAP.2T3,TGO,2010,995125,,
NART.1.URB.Q2.GPIA,TGO,2010,0,NA,
SAP.1.AGM1,TGO,2010,187953,,
REPR.1.G5.CP,TGO,2010,21.3363094329834,,
41939,TGO,2010,0,NA,
REPR.2.M.CP,TGO,2010,26.5911693572998,,
NART.3.URB.Q2.M,TGO,2010,0,NA,
NART.3.Q2.GPIA,TGO,2010,.6751599907875061,,
NART.3.Q2,TGO,2010,57.70705032348633,,
NART.1.RUR.Q3.M,TGO,2010,92.40464782714844,,
25051,TGO,2010,7864,,NAT_EST
MOR.5T8.40520,TGO,2010,.0361399985849857,,UIS_EST
MOR.5T8.40515,TGO,2010,.0144199999049306,,UIS_EST
NART.3.URB.Q3.GPIA,TGO,2010,.9350600242614746,,
X.US.3.FSGOV,TGO,2010,17.84580039978027,,
NART.2.RUR.GPIA,TGO,2010,.886139988899231,,
SAP.1.G1.F,TGO,2010,91254,,
NART.3.GPIA,TGO,2010,.6759200096130371,,
NART.1.URB.Q5.F,TGO,2010,93.36557006835938,,
21511,TGO,2010,8823,,
40035,TGO,2010,677250,,
NART.3.Q2.M,TGO,2010,66.22487640380859,,
FTP.1,TGO,2010,13.78973007202148,,
SR.1.G4.M.CP,TGO,2010,68.79425811767578,,
NART.3.Q3,TGO,2010,68.14644622802734,,
NART.2.URB.Q3.GPIA,TGO,2010,.8609799742698669,,
NART.1.RUR.M,TGO,2010,82.99859619140625,,
XSPENDP.02.FDPUB.FNCAP,TGO,2010,34.97267913818359,,
NART.1.Q3.M.LPIA,TGO,2010,.9472000002861023,,
NART.2.RUR.Q5.GPIA,TGO,2010,0,NA,
NART.1.F.LPIA,TGO,2010,.8949199914932251,,
13,TGO,2010,0,NA,
SLE.1,TGO,2010,7.641439914703369,,UIS_EST
NART.3.URB.Q3.F,TGO,2010,74.51915740966797,,
SR.1.G5.CP,TGO,2010,60.75054931640625,,
SAP.2.G1.M,TGO,2010,76530,,
NART.2.URB,TGO,2010,82.90171051025391,,
XSPENDP.2.FDPUB.FNCUR,TGO,2010,97.96672821044922,,
SAP.0.M,TGO,2010,293821,,
40033,TGO,2010,21206,,
SAP.1.F,TGO,2010,507842,,
NART.3.RUR.Q3.F,TGO,2010,53.75558090209961,,
NART.3.URB.Q3.M,TGO,2010,79.69463348388672,,
NART.3.RUR.Q2.F,TGO,2010,44.70027160644531,,
403,TGO,2010,9,,
20160,TGO,2010,1646,,
X.USCONST.4.FSGOV,TGO,2010,.0816999971866608,,
NART.3,TGO,2010,58.46860122680664,,
REPR.1.G2.F.CP,TGO,2010,22.32073020935059,,
X.US.2.FSGOV,TGO,2010,18.08832931518555,,
NART.1.Q1,TGO,2010,79.43196868896484,,
400,TGO,2010,10,,
NART.1.URB.Q2.M,TGO,2010,92.21798706054688,,
NART.1.Q2.LPIA,TGO,2010,.909529983997345,,
NART.3.Q1.F,TGO,2010,35.8690299987793,,
SAP.5T8.M,TGO,2010,309131,,
SAP.1.GLAST.F,TGO,2010,77951,,
SAP.1.G1.M,TGO,2010,92546,,
PRP.5T8,TGO,2010,13.24899005889893,,
NART.3.Q5,TGO,2010,69.74355316162109,,
25056,TGO,2010,22,,
NART.3.URB.Q4.F,TGO,2010,64.90789031982422,,
NART.3.Q4.F,TGO,2010,61.77772903442383,,
NART.1.URB.Q1.M,TGO,2010,0,NA,
NART.1.URB.Q3.GPIA,TGO,2010,.9361699819564819,,
NART.3.URB.Q3,TGO,2010,77.15196990966797,,
REPR.1.G3.F.CP,TGO,2010,22.90685081481934,,
41916,TGO,2010,9832,,UIS_EST
NART.1.URB.F.WPIA,TGO,2010,0,NA,
NART.2.Q4.M.LPIA,TGO,2010,1.065549969673157,,
41906,TGO,2010,43342,,
NART.2.Q1.M.LPIA,TGO,2010,0,NA,
SR.1.GLAST.M.CP,TGO,2010,55.37651062011719,,
NART.1.URB,TGO,2010,89.39140319824219,,
999975,TGO,2010,12,,
NART.2.RUR.Q3.M,TGO,2010,92.86504364013672,,
NART.2.RUR.Q3,TGO,2010,87.1939697265625,,
NART.3.RUR.M.WPIA,TGO,2010,0,NA,
SR.1.G5.F.CP,TGO,2010,58.14006042480469,,
20060,TGO,2010,42890,,
X.USCONST.3.FSGOV,TGO,2010,18.03573989868164,,
X.PPP.02.FSGOV,TGO,2010,7.925899982452393,,
NART.2.M,TGO,2010,82.94554138183594,,
NART.2.F,TGO,2010,73.66107177734375,,
NART.3.Q5.GPIA,TGO,2010,.6947100162506104,,
21508,TGO,2010,36958,,
NART.1.M.WPIA,TGO,2010,.8248100280761719,,
SAP.3.F,TGO,2010,202000,,
SLE.1.GPIA,TGO,2010,.9096099734306335,,UIS_EST
X.USCONST.02.FSGOV,TGO,2010,3.73786997795105,,
SAP.4.M,TGO,2010,128518,,
NART.3.F.LPIA,TGO,2010,.7540799975395203,,
X.USCONST.5T8.FSGOV,TGO,2010,23.75489044189453,,
41926,TGO,2010,7368,,UIS_EST
GER.1.F,TGO,2010,119.9985427856445,,
NART.1.RUR.Q1.M,TGO,2010,82.18624114990234,,
MOR.5T8.40535,TGO,2010,.0028599998913705,,UIS_EST
NART.3.RUR.Q2,TGO,2010,57.54010009765625,,
NART.2.Q5.GPIA,TGO,2010,.9148799777030945,,
NART.2.URB.Q2.M,TGO,2010,0,NA,
NART.1.Q2.M.LPIA,TGO,2010,.965910017490387,,
SAP.3.M,TGO,2010,205139,,
NART.2.RUR.Q4,TGO,2010,84.19048309326172,,
41928,TGO,2010,0,NA,
41910,TGO,2010,19682,,
NART.2.RUR.F.WPIA,TGO,2010,0,NA,
X.US.UK.FSGOV,TGO,2010,4.668610095977783,,
NART.3.URB.Q5.GPIA,TGO,2010,.6870399713516235,,
REPR.1.CP,TGO,2010,21.76483917236328,,
REPR.1.G5.F.CP,TGO,2010,22.01462936401367,,
41933,TGO,2010,23989,,
REPR.2.F.CP,TGO,2010,28.04497909545898,,
20061,TGO,2010,21684,,
NART.1.URB.Q2.F,TGO,2010,0,NA,
REPR.2.G1.CP,TGO,2010,25.27651023864746,,
NART.2.Q3.F.LPIA,TGO,2010,.982230007648468,,
NART.3.F,TGO,2010,46.90721130371094,,
X.PPPCONST.4.FSGOV,TGO,2010,.1998099982738495,,
NART.1.RUR.Q2.M,TGO,2010,89.07440185546875,,
NART.2.URB.F,TGO,2010,77.61482238769531,,
21510,TGO,2010,20383,,
NART.1.URB.Q5,TGO,2010,96.48744201660156,,
NART.3.URB.F,TGO,2010,53.85750961303711,,
NART.3.RUR.GPIA,TGO,2010,.6245999932289124,,
NART.2.RUR.Q2,TGO,2010,78.35269927978516,,
NART.2.URB.Q1,TGO,2010,0,NA,
NART.3.RUR.Q2.GPIA,TGO,2010,.6760600209236145,,
REPR.2.G2.F.CP,TGO,2010,21.11455917358398,,
NART.3.RUR.Q3.M,TGO,2010,77.33447265625,,
SLE.02.GPIA,TGO,2010,1.033220052719116,,
SAP.1.AGM1.M,TGO,2010,94562,,
NART.2.Q5.LPIA,TGO,2010,1.003250002861023,,
NART.3.RUR.Q4,TGO,2010,72.80690002441406,,
REPR.2.G1.M.CP,TGO,2010,25.23653030395508,,
NART.3.RUR.Q5.GPIA,TGO,2010,0,NA,
XGDP.2T3.FSGOV,TGO,2010,.7710599899291992,,
25053,TGO,2010,55959,,
41930,TGO,2010,0,NA,
41935,TGO,2010,20792,,UIS_EST
NART.2.URB.Q4.GPIA,TGO,2010,.8688600063323975,,
NART.1.Q3.GPIA,TGO,2010,.9787399768829346,,
NART.2.URB.Q1.M,TGO,2010,0,NA,
X.US.2T3.FSGOV,TGO,2010,35.93413162231445,,
NART.3.Q2.F,TGO,2010,44.71218109130859,,
NART.3.RUR.Q1.GPIA,TGO,2010,.5776299834251404,,
21503,TGO,2010,25402,,
NART.1.LPIA,TGO,2010,.9089599847793579,,
NART.1.Q5.F,TGO,2010,93.92151641845703,,
NART.3.Q3.F.LPIA,TGO,2010,.7213699817657471,,
21507,TGO,2010,20312,,
XSPENDP.2T3.FDPUB.FNNONS,TGO,2010,7.709619998931885,,
401,TGO,2010,6,,
42116,TGO,2010,0,NA,
NART.2.RUR,TGO,2010,76.02342224121094,,
NART.1.RUR.Q5.F,TGO,2010,100,,
NART.2.RUR.Q5.M,TGO,2010,0,NA,
NART.3.URB.Q1.GPIA,TGO,2010,0,NA,
SAP.02.M,TGO,2010,293821,,
REPR.2.F.CP,TGO,2011,23.52304077148438,,
PRP.01,TGO,2011,0,NA,
XSPENDP.2.FDPUB.FNCUR,TGO,2011,98.94907379150391,,
XGDP.3.FSGOV,TGO,2011,.4306699931621552,,
MOR.5T8.40500,TGO,2011,4.073130130767822,,UIS_EST
X.PPP.3.FSGOV,TGO,2011,46.71406173706055,,
20082,TGO,2011,545861,,
GER.1T3,TGO,2011,89.28357696533203,,
PRP.1,TGO,2011,30.32385063171387,,
X.PPP.UK.FSGOV,TGO,2011,13.03444957733154,,
41938,TGO,2011,0,NA,
25003,TGO,2011,2644,,
20161,TGO,2011,1698,,
REPR.1.G4.M.CP,TGO,2011,19.51036071777344,,
FTP.02,TGO,2011,94.072021484375,,
41936,TGO,2011,21279,,
X.PPP.2T3.FSGOV,TGO,2011,100.8201293945313,,
X.USCONST.1.FSGOV,TGO,2011,77.55795288085938,,
ILLPOPF.AG15T99.RUR,TGO,2011,64.83020782470703,,
21517,TGO,2011,134431,,
20062,TGO,2011,1299802,,
21513,TGO,2011,0,NA,
25056,TGO,2011,106,,
XSPENDP.2.FDPUB.FNS,TGO,2011,93.85610198974609,,
999977,TGO,2011,16,,
21507,TGO,2011,19714,,
ILLPOP.AG15T99.URB.F,TGO,2011,261375,,
SAP.1.GLAST.M,TGO,2011,81903,,
SR.1.GLAST.F.CP,TGO,2011,64.19899749755859,,
ILLPOP.AG15T24.F,TGO,2011,176196,,
PRP.5T8,TGO,2011,9.069219589233398,,
REPR.1.G1.F.CP,TGO,2011,23.19481086730957,,
21508,TGO,2011,36340,,
20070,TGO,2011,146201,,
XGDP.1.FSGOV,TGO,2011,1.54764997959137,,
25052,TGO,2011,722,,
X.PPPCONST.2.FSGOV,TGO,2011,61.13302993774414,,
GER.1.GPIA,TGO,2011,.9225699901580811,,
41919,TGO,2011,0,NA,
SR.1.GLAST.CP,TGO,2011,67.08873748779297,,
SAP.0.M,TGO,2011,303430,,
41931,TGO,2011,36438,,
REPR.1.G3.M.CP,TGO,2011,20.91667938232422,,
41930,TGO,2011,0,NA,
XSPENDP.2T3.FDPUB.FNCAP,TGO,2011,1.382889986038208,,
SAP.3.F,TGO,2011,205988,,
OE.5T8.40540,TGO,2011,2126,,UIS_EST
SLE.1T8,TGO,2011,11.81204986572266,,UIS_EST
SLE.02.M,TGO,2011,.269459992647171,,
41910,TGO,2011,19219,,
REPR.1.G5.F.CP,TGO,2011,21.92404937744141,,
ILLPOPF.AG15T99.URB,TGO,2011,73.44782257080078,,
REPR.2.CP,TGO,2011,22.63639068603516,,
41918,TGO,2011,12361,,
26468,TGO,2011,0,NA,
299902,TGO,2011,3,,
XSPENDP.02.FDPUB.FNS,TGO,2011,60.75949096679688,,
999973,TGO,2011,3,,
MOR.5T8.40515,TGO,2011,.023029999807477,,UIS_EST
10403,TGO,2011,9,,
X.PPPCONST.FSGOV,TGO,2011,388.6419677734375,,
41927,TGO,2011,8918,,
42656,TGO,2011,7394,,
41929,TGO,2011,0,NA,
21514,TGO,2011,0,NA,
41908,TGO,2011,25780,,
SAP.3.M,TGO,2011,209407,,
X.PPP.4.FSGOV,TGO,2011,.2187000066041946,,
42637,TGO,2011,1535,,
XSPENDP.2.FDPUB.FNNONS,TGO,2011,5.09296989440918,,
XSPENDP.FDPUB.FNS,TGO,2011,77.31317138671875,,
41922,TGO,2011,55888,,
THDUR.2T3,TGO,2011,7,,
10404,TGO,2011,7,,
21503,TGO,2011,26434,,
REPR.1.G4.F.CP,TGO,2011,20.75263023376465,,
XSPENDP.5T8.FDPUB.FNNONS,TGO,2011,38.88888931274414,,
ILLPOP.AG15T24.RUR.M,TGO,2011,68175,,
X.USCONST.2T3.FSGOV,TGO,2011,46.57923126220703,,
SLE.1.GPIA,TGO,2011,.9190400242805481,,UIS_EST
21506,TGO,2011,40577,,
XSPENDP.1.FDPUB.FNCUR,TGO,2011,88.92652130126953,,
41920,TGO,2011,0,NA,
XSPENDP.5T8.FDPUB.FNS,TGO,2011,53.88888931274414,,
REPR.2.G1.CP,TGO,2011,22.10401916503906,,
41924,TGO,2011,11244,,
X.PPPCONST.1.FSGOV,TGO,2011,189.6754760742188,,
X.US.2.FSGOV,TGO,2011,26.24941062927246,,
XSPENDP.5T8.FDPUB.FNCAP,TGO,2011,7.222219944000244,,
42116,TGO,2011,0,NA,
REPR.1.G2.M.CP,TGO,2011,21.8422908782959,,
XSPENDP.2T3.FDPUB.FNCUR,TGO,2011,98.61711120605469,,
GER.1,TGO,2011,123.7242126464844,,
OE.5T8.40515,TGO,2011,14,,UIS_EST
41933,TGO,2011,27835,,
REPR.1.G5.CP,TGO,2011,20.90423965454102,,
40034,TGO,2011,27288,,
REPR.1.G2.CP,TGO,2011,21.38022994995117,,
REPR.1.G7.M.CP,TGO,2011,0,NA,
ILLPOPF.AG15T24.RUR,TGO,2011,64.89212036132813,,
MOR.5T8.40520,TGO,2011,.0327799990773201,,UIS_EST
406,TGO,2011,2011,,
SAP.0,TGO,2011,603210,,
X.USCONST.FSGOV,TGO,2011,158.9149780273438,,
REPR.2.M.CP,TGO,2011,22.07481002807617,,
FTP.5T8,TGO,2011,6.770050048828125,,
SAP.4,TGO,2011,260481,,
ILLPOP.AG15T24.RUR.F,TGO,2011,126011,,
X.US.2T3.FSGOV,TGO,2011,48.9126091003418,,
SLE.1,TGO,2011,7.503920078277588,,UIS_EST
SAP.1.M,TGO,2011,529675,,
REPR.1.G2.F.CP,TGO,2011,20.89847946166992,,
SAP.4.M,TGO,2011,131328,,
GER.1T2,TGO,2011,102.8856506347656,,
SR.1.G5.M.CP,TGO,2011,76.210693359375,,
PRP.3,TGO,2011,29.44849967956543,,
OE.5T8.40530,TGO,2011,12,,
21515,TGO,2011,0,NA,
REPR.1.G6.F.CP,TGO,2011,16.3017692565918,,
SR.1.GLAST.M.CP,TGO,2011,69.64248657226563,,
40033,TGO,2011,27288,,
XSPENDP.1.FDPUB.FNTS,TGO,2011,78.73892974853516,,
X.USCONST.5T8.FSGOV,TGO,2011,25.46195983886719,,
XSPENDP.2T3.FDPUB.FNNTS,TGO,2011,6.006909847259521,,
ILLPOP.AG15T24.URB,TGO,2011,67896,,
XSPENDP.3.FDPUB.FNCUR,TGO,2011,98.23583984375,,
MYS.1T8.AG25T99.F,TGO,2011,2.174870014190674,,
SR.1.G4.CP,TGO,2011,78.67149353027344,,
999988,TGO,2011,2,,
SAP.2.G1,TGO,2011,156791,,
41909,TGO,2011,20863,,
X.PPP.02.FSGOV,TGO,2011,6.910880088806152,,
SR.1.G4.F.CP,TGO,2011,78.31143951416016,,
21512,TGO,2011,0,NA,
SLE.5T8,TGO,2011,.5496000051498413,,
25055,TGO,2011,1544,,
X.USCONST.02.FSGOV,TGO,2011,3.192850112915039,,
ILLPOP.AG15T99.RUR.F,TGO,2011,749675,,
FTP.1,TGO,2011,13.57779979705811,,
XSPENDP.02.FDPUB.FNCAP,TGO,2011,30.3797492980957,,
XSPENDP.02.FDPUB.FNCUR,TGO,2011,69.62024688720703,,
SAP.2.G1.M,TGO,2011,79045,,
41915,TGO,2011,16591,,
XSPENDP.4.FDPUB.FNCAP,TGO,2011,0,NA,
SR.1.G5.CP,TGO,2011,74.91567230224609,,
999976,TGO,2011,4,,
OE.5T8.40500,TGO,2011,2527,,UIS_EST
SLE.1.F,TGO,2011,7.184790134429932,,UIS_EST
REPR.1.M.CP,TGO,2011,20.84567070007324,,
SAP.CE,TGO,2011,1651797,,
REPR.2.G2.M.CP,TGO,2011,18.15654945373535,,
21505,TGO,2011,24451,,
299929,TGO,2011,3,,
ILLPOP.AG15T99.F,TGO,2011,1011050,,
SAP.4.F,TGO,2011,129153,,
MYS.1T8.AG25T99.GPIA,TGO,2011,.3908199965953827,,
SLE.2T3,TGO,2011,3.758529901504517,,
SAP.1.AGM1.F,TGO,2011,96001,,
20170,TGO,2011,9020,,
ILLPOPF.AG15T24,TGO,2011,67.229248046875,,
ILLPOP.AG15T24.URB.F,TGO,2011,50184,,
ILLPOPF.AG15T24.URB,TGO,2011,73.91358947753906,,
999975,TGO,2011,12,,
42654,TGO,2011,50362,,
SAP.1.AGM1,TGO,2011,193271,,
10405,TGO,2011,2010,,
10,TGO,2011,0,NA,
41939,TGO,2011,0,NA,
MOR.5T8.40535,TGO,2011,.0032200000714511,,
GER.1.M,TGO,2011,128.6636047363281,,
GTVP.3.GPV,TGO,2011,84.35784149169922,,
SAP.0.F,TGO,2011,299780,,
MYS.1T8.AG25T99.M,TGO,2011,5.564859867095947,,
REPR.2.G4.CP,TGO,2011,24.55182075500488,,
SAP.1.GLAST,TGO,2011,162423,,
ILLPOP.AG15T99,TGO,2011,1512232,,
REPR.2.G3.M.CP,TGO,2011,25.96817016601563,,
41940,TGO,2011,92326,,
400,TGO,2011,10,,
SR.1.G5.F.CP,TGO,2011,73.48887634277344,,
XSPENDP.4.FDPUB.FNCUR,TGO,2011,0,NA,
403,TGO,2011,9,,
X.US.3.FSGOV,TGO,2011,22.66320037841797,,
299932,TGO,2011,6,,
13,TGO,2011,0,NA,
MOR.5T8.40540,TGO,2011,3.427330017089844,,UIS_EST
25053,TGO,2011,62034,,
XSPENDP.02.FDPUB.FNTS,TGO,2011,58.22785186767578,,
41925,TGO,2011,6991,,
GTVP.3.V,TGO,2011,15.64216041564941,,
X.US.FSGOV,TGO,2011,166.8758239746094,,
XSPENDP.3.FDPUB.FNTS,TGO,2011,83.10121154785156,,
REPR.1.G1.M.CP,TGO,2011,24.41275978088379,,
REPR.2.G3.F.CP,TGO,2011,26.51325988769531,,
ILLPOP.AG15T24.URB.M,TGO,2011,17712,,
XSPENDP.2.FDPUB.FNNTS,TGO,2011,4.85044002532959,,
X.PPPCONST.02.FSGOV,TGO,2011,7.808420181274414,,
SLE.02.F,TGO,2011,.2778399884700775,,
REPR.2.G2.CP,TGO,2011,18.53790092468262,,
40051,TGO,2011,27832,,
42099,TGO,2011,27433,,
SAP.02.M,TGO,2011,303430,,
REPR.1.G6.CP,TGO,2011,14.97716045379639,,
GER.1.F,TGO,2011,118.7014923095703,,
21511,TGO,2011,8484,,
REPR.2.G1.F.CP,TGO,2011,22.06422996520996,,
REPR.1.G5.M.CP,TGO,2011,20.03323936462402,,
SAP.5T8,TGO,2011,626484,,
42615,TGO,2011,37700,,
999987,TGO,2011,19,,
SAP.1.GLAST.F,TGO,2011,80520,,
20060,TGO,2011,55120,,
299905,TGO,2011,6,,
41934,TGO,2011,18064,,
26466,TGO,2011,0,NA,
40050,TGO,2011,0,NA,
XSPENDP.2T3.FDPUB.FNNONS,TGO,2011,6.352640151977539,,
25007,TGO,2011,179,,
SLE.5T8.M,TGO,2011,.8195300102233887,,
SAP.1.G1.M,TGO,2011,94154,,
SLE.1T3,TGO,2011,11.26245021820068,,UIS_EST
42635,TGO,2011,12662,,
XSPENDP.FDPUB.FNNONS,TGO,2011,14.90849018096924,,
XSPENDP.1.FDPUB.FNCAP,TGO,2011,11.07347965240479,,
REPR.2.G4.F.CP,TGO,2011,28.42141914367676,,
REPR.1.G4.CP,TGO,2011,20.10176086425781,,
SAP.2T3,TGO,2011,1016628,,
GTVP.2T3.V,TGO,2011,5.051290035247803,,
SR.1.G5.GPIA,TGO,2011,.9642900228500366,,
XSPENDP.4.FDPUB.FNNONS,TGO,2011,0,NA,
SAP.5T8.F,TGO,2011,310572,,
XGDP.02.FSGOV,TGO,2011,.0637099966406822,,
MOR.5T8.40505,TGO,2011,0,NIL,
40055,TGO,2011,55120,,
REPR.2.G5.CP,TGO,2011,0,NA,
SAP.2T3.M,TGO,2011,512480,,
SAP.CE.M,TGO,2011,832748,,
21502,TGO,2011,54434,,
405,TGO,2011,2010,,
SAP.1.F,TGO,2011,520889,,
X.US.4.FSGOV,TGO,2011,.1061000004410744,,
X.USCONST.4.FSGOV,TGO,2011,.1010399982333183,,
43617,TGO,2011,2465,,
SAP.3,TGO,2011,415395,,
OE.5T8.40505,TGO,2011,0,NIL,
SAP.02,TGO,2011,603210,,
XGDP.5T8.FSGOV,TGO,2011,.5080900192260742,,
SLE.1T2,TGO,2011,10.16285991668701,,UIS_EST
40035,TGO,2011,681499,,
SLE.5T8.F,TGO,2011,.2759700119495392,,
21509,TGO,2011,17121,,
SAP.2,TGO,2011,601233,,
GER.3,TGO,2011,35.19565963745117,,
PRP.2T3,TGO,2011,23.27094078063965,,
REPR.1.CP,TGO,2011,21.03689956665039,,
999978,TGO,2011,3,,
21516,TGO,2011,280038,,
XSPENDP.1.FDPUB.FNNTS,TGO,2011,3.126630067825317,,
MOR.5T8.40530,TGO,2011,.0193399991840124,,
XSPENDP.1.FDPUB.FNS,TGO,2011,81.86554718017578,,
XSPENDP.2T3.FDPUB.FNS,TGO,2011,92.26448059082031,,
GTVP.2T3.GPV,TGO,2011,94.94870758056641,,
SAP.5T8.M,TGO,2011,315912,,
42617,TGO,2011,5859,,
X.US.02.FSGOV,TGO,2011,3.352790117263794,,
X.PPPCONST.UK.FSGOV,TGO,2011,14.72727966308594,,
41917,TGO,2011,15863,,
REPR.1.G1.CP,TGO,2011,23.8243293762207,,
SAP.2.M,TGO,2011,303073,,
GER.1T8,TGO,2011,70.82131958007813,,
10406,TGO,2011,2011,,
X.PPP.5T8.FSGOV,TGO,2011,55.11209106445313,,
40032,TGO,2011,0,NA,
GER.2T3,TGO,2011,53.69329071044922,,
REPR.2.G3.CP,TGO,2011,26.1689395904541,,
OE.5T8.40510,TGO,2011,5041,,UIS_EST
REPR.2.G1.M.CP,TGO,2011,22.13150024414063,,
REPR.2.G2.F.CP,TGO,2011,19.14175987243652,,
21500,TGO,2011,80554,,
PRP.0,TGO,2011,34.40311813354492,,
42614,TGO,2011,2012,,
SAP.1.AGM1.M,TGO,2011,97270,,
20162,TGO,2011,31743,,
XSPENDP.3.FDPUB.FNNONS,TGO,2011,7.799439907073975,,
REPR.2.G5.F.CP,TGO,2011,0,NA,
SLE.5T8.GPIA,TGO,2011,.3367500007152557,,
XSPENDP.3.FDPUB.FNS,TGO,2011,90.4364013671875,,
42097,TGO,2011,107,,
X.PPPCONST.3.FSGOV,TGO,2011,52.78097915649414,,
XSPENDP.3.FDPUB.FNCAP,TGO,2011,1.76416003704071,,
41912,TGO,2011,0,NA,
REPR.1.G6.M.CP,TGO,2011,13.92963027954102,,
ILLPOP.AG15T24.RUR,TGO,2011,194186,,
X.USCONST.3.FSGOV,TGO,2011,21.58204078674316,,
XSPENDP.FDPUB.FNCUR,TGO,2011,92.22165679931641,,
20064,TGO,2011,399660,,
GTVP.4.GPV,TGO,2011,0,NA,
PRP.2,TGO,2011,21.01111030578613,,
XSPENDP.2.FDPUB.FNCAP,TGO,2011,1.050930023193359,,
SLE.02,TGO,2011,.2736200094223022,,
999974,TGO,2011,3,,
GTVP.2.V,TGO,2011,1.177000045776367,,
XSPENDP.4.FDPUB.FNTS,TGO,2011,0,NA,
SAP.1,TGO,2011,1050564,,
X.PPP.1.FSGOV,TGO,2011,167.8731842041016,,
41916,TGO,2011,11073,,
25051,TGO,2011,3556,,
OE.5T8.40520,TGO,2011,20,,UIS_EST
42110,TGO,2011,0,NA,
20163,TGO,2011,4310,,
X.PPPCONST.5T8.FSGOV,TGO,2011,62.26969909667969,,
PRP.02,TGO,2011,34.40311813354492,,
41911,TGO,2011,9418,,
REPR.1.G3.CP,TGO,2011,21.17539024353027,,
20061,TGO,2011,27832,,
40054,TGO,2011,0,NA,
20164,TGO,2011,11778,,
REPR.1.G7.CP,TGO,2011,0,NA,
REPR.1.G3.F.CP,TGO,2011,21.45457077026367,,
41906,TGO,2011,42327,,
42620,TGO,2011,46187,,
41928,TGO,2011,0,NA,
25057,TGO,2011,15847,,
REPR.2.G5.M.CP,TGO,2011,0,NA,
SAP.1.G1.F,TGO,2011,92795,,
SR.1.GLAST.GPIA,TGO,2011,.9218400120735168,,
SAP.2T3.F,TGO,2011,504148,,
SAP.CE.F,TGO,2011,819049,,
404,TGO,2011,6,,
42096,TGO,2011,0,NA,
SAP.2.F,TGO,2011,298160,,
ILLPOP.AG15T99.M,TGO,2011,501182,,
SAP.02.F,TGO,2011,299780,,
OE.5T8.40535,TGO,2011,2,,
21510,TGO,2011,17902,,
XSPENDP.02.FDPUB.FNNONS,TGO,2011,8.860759735107422,,
X.US.5T8.FSGOV,TGO,2011,26.73748016357422,,
20182,TGO,2011,20798,,
SR.1.G4.M.CP,TGO,2011,79.00414276123047,,
X.PPP.2.FSGOV,TGO,2011,54.1060791015625,,
XGDP.2T3.FSGOV,TGO,2011,.9294800162315369,,
XSPENDP.4.FDPUB.FNS,TGO,2011,0,NA,
GTVP.2.GPV,TGO,2011,98.822998046875,,
X.PPP.FSGOV,TGO,2011,343.9694213867188,,
SAP.1.G1,TGO,2011,186949,,
41921,TGO,2011,0,NA,
ILLPOP.AG15T99.URB,TGO,2011,355865,,
20063,TGO,2011,618303,,
XGDP.2.FSGOV,TGO,2011,.4988099932670593,,
ILLPOP.AG15T24,TGO,2011,262082,,
41937,TGO,2011,0,NA,
XSPENDP.02.FDPUB.FNNTS,TGO,2011,2.531650066375732,,
REPR.1.F.CP,TGO,2011,21.2476692199707,,
41926,TGO,2011,9285,,
REPR.1.G7.F.CP,TGO,2011,0,NA,
MYS.1T8.AG25T99,TGO,2011,3.643120050430298,,
ILLPOP.AG15T99.RUR,TGO,2011,1156367,,
XSPENDP.2.FDPUB.FNTS,TGO,2011,89.00566101074219,,
REPR.2.G4.M.CP,TGO,2011,22.20972061157227,,
SLE.1.M,TGO,2011,7.817709922790527,,UIS_EST
X.USCONST.UK.FSGOV,TGO,2011,6.021959781646729,,
ILLPOP.AG15T99.URB.M,TGO,2011,94490,,
SLE.02.GPIA,TGO,2011,1.030179977416992,,
X.US.UK.FSGOV,TGO,2011,6.323629856109619,,
X.PPPCONST.4.FSGOV,TGO,2011,.2470999956130981,,
ILLPOP.AG15T99.RUR.M,TGO,2011,406692,,
XSPENDP.2T3.FDPUB.FNTS,TGO,2011,86.25756072998047,,
21504,TGO,2011,50231,,
42619,TGO,2011,616,,
41907,TGO,2011,28000,,
SR.1.G4.GPIA,TGO,2011,.9912300109863281,,
21501,TGO,2011,38227,,
41935,TGO,2011,25148,,
XSPENDP.3.FDPUB.FNNTS,TGO,2011,7.335189819335938,,
41914,TGO,2011,145607,,
X.US.1.FSGOV,TGO,2011,81.44320678710938,,
ILLPOP.AG15T24.M,TGO,2011,85886,,
MOR.5T8.40510,TGO,2011,8.126190185546875,,UIS_EST
XSPENDP.5T8.FDPUB.FNCUR,TGO,2011,92.77777862548828,,
XSPENDP.1.FDPUB.FNNONS,TGO,2011,7.060969829559326,,
X.USCONST.2.FSGOV,TGO,2011,24.9971809387207,,
GER.2,TGO,2011,66.47339630126953,,
ILLPOPF.AG15T99,TGO,2011,66.85813903808594,,
41913,TGO,2011,0,NA,
SAP.2.G1.F,TGO,2011,77746,,
XGDP.4.FSGOV,TGO,2011,.0020200000144541,,
401,TGO,2011,6,,
X.PPPCONST.2T3.FSGOV,TGO,2011,113.9140090942383,,
XSPENDP.FDPUB.FNCAP,TGO,2011,7.778339862823486,,
20160,TGO,2011,1805,,
XSPENDP.4.FDPUB.FNNTS,TGO,2011,0,NA,
XSPENDP.02.FDPUB.FNNTS,TGO,2012,13.20820999145508,,
X.US.FSGOV,TGO,2012,182.7892456054688,,
X.USCONST.3.FSGOV,TGO,2012,15.57828044891357,,
40033,TGO,2012,32510,,
SLE.02.M,TGO,2012,.3130199909210205,,
SAP.CE.F,TGO,2012,840069,,
25007,TGO,2012,184,,
REPR.2.G5.M.CP,TGO,2012,0,NA,
40051,TGO,2012,33508,,
XSPENDP.1.FDPUB.FNCUR,TGO,2012,80.84455871582031,,
XGDP.2T3.FSGOV,TGO,2012,.4980300068855286,,
42619,TGO,2012,674,,
REPR.1.G5.F.CP,TGO,2012,19.27070045471191,,
SAP.1.G1.M,TGO,2012,96875,,
X.USCONST.2T3.FSGOV,TGO,2012,26.59077072143555,,
SAP.2.F,TGO,2012,306027,,
SAP.5T8,TGO,2012,639420,,
SLE.1,TGO,2012,7.658609867095947,,UIS_EST
SAP.02.M,TGO,2012,312818,,
FTP.1,TGO,2012,13.87965965270996,,
REPR.1.G7.M.CP,TGO,2012,0,NA,
SAP.02.F,TGO,2012,309015,,
25055,TGO,2012,1973,,
SAP.0.M,TGO,2012,312818,,
XSPENDP.2T3.FDPUB.FNNTS,TGO,2012,25.08287048339844,,
999987,TGO,2012,19,,
SAP.4.F,TGO,2012,131715,,
21509,TGO,2012,17573,,
XGDP.1.FSGOV,TGO,2012,2.209709882736206,,
41924,TGO,2012,11591,,
X.PPP.1.FSGOV,TGO,2012,249.6101837158203,,
SLE.5T8.GPIA,TGO,2012,.3414599895477295,,
40035,TGO,2012,712462,,
SAP.4,TGO,2012,265796,,
GER.1.GPIA,TGO,2012,.9365000128746033,,
41911,TGO,2012,10266,,
REPR.1.G2.CP,TGO,2012,18.71043968200684,,
SAP.2T3.F,TGO,2012,515991,,
X.PPPCONST.2.FSGOV,TGO,2012,26.93210983276367,,
REPR.1.G1.M.CP,TGO,2012,21.22450065612793,,
SLE.1.M,TGO,2012,7.919660091400146,,UIS_EST
41926,TGO,2012,8918,,
XSPENDP.3.FDPUB.FNCAP,TGO,2012,1.194519996643066,,
X.PPP.02.FSGOV,TGO,2012,13.13737964630127,,
REPR.2.G5.F.CP,TGO,2012,0,NA,
999977,TGO,2012,16,,
41930,TGO,2012,0,NA,
X.PPP.2T3.FSGOV,TGO,2012,56.25722122192383,,
21511,TGO,2012,9501,,
X.PPPCONST.02.FSGOV,TGO,2012,15.18610000610352,,
999974,TGO,2012,3,,
20063,TGO,2012,655612,,
X.US.2T4.V.FSGOV,TGO,2012,10.31291007995605,,
SAP.1,TGO,2012,1077539,,
X.USCONST.5T8.FSGOV,TGO,2012,34.0241813659668,,
21506,TGO,2012,39351,,
405,TGO,2012,2011,,
42096,TGO,2012,0,NA,
400,TGO,2012,10,,
999975,TGO,2012,12,,
42116,TGO,2012,0,NA,
PRP.1,TGO,2012,28.29606056213379,,
42110,TGO,2012,0,NA,
42614,TGO,2012,2592,,
OE.5T8.40500,TGO,2012,2468,,UIS_EST
SAP.2.G1,TGO,2012,162060,,
25052,TGO,2012,803,,
SAP.0,TGO,2012,621833,,
41909,TGO,2012,20011,,
X.PPPCONST.3.FSGOV,TGO,2012,38.09819030761719,,
999988,TGO,2012,2,,
MOR.5T8.40515,TGO,2012,.0292399991303682,,UIS_EST
20161,TGO,2012,1891,,
X.USCONST.4.FSGOV,TGO,2012,.6125400066375732,,
MOR.5T8.40520,TGO,2012,.024890000000596,,UIS_EST
OE.5T8.40540,TGO,2012,2151,,UIS_EST
404,TGO,2012,7,,
SAP.1.M,TGO,2012,543497,,
GER.1.F,TGO,2012,122.7641296386719,,
X.US.02.FSGOV,TGO,2012,6.121500015258789,,
REPR.1.G6.F.CP,TGO,2012,12.94042015075684,,
21508,TGO,2012,36374,,
41931,TGO,2012,36026,,
SLE.5T8.M,TGO,2012,.9038800001144409,,
XSPENDP.2T3.FDPUB.FNBOOKS,TGO,2012,3.089770078659058,,
XSPENDP.2.FDPUB.FNNONS,TGO,2012,14.49561977386475,,
43617,TGO,2012,2559,,
X.USCONST.UK.FSGOV,TGO,2012,0,NIL,
SAP.2T3.M,TGO,2012,524949,,
FTP.02,TGO,2012,93.61386108398438,,
10406,TGO,2012,2012,,
41920,TGO,2012,0,NA,
20062,TGO,2012,1368074,,
25051,TGO,2012,4565,,
SAP.0.F,TGO,2012,309015,,
21517,TGO,2012,131375,,
20162,TGO,2012,32825,,
41913,TGO,2012,0,NA,
25057,TGO,2012,18099,,
X.US.2.FSGOV,TGO,2012,10.85630989074707,,
10,TGO,2012,0,NA,
XSPENDP.1.FDPUB.FNNTS,TGO,2012,13.20820999145508,,
SAP.1.AGM1.M,TGO,2012,100286,,
SR.1.G4.M.CP,TGO,2012,74.91101837158203,,
SR.1.GLAST.GPIA,TGO,2012,.9493499994277954,,
41937,TGO,2012,0,NA,
X.PPPCONST.2T3.FSGOV,TGO,2012,65.03029632568359,,
41921,TGO,2012,0,NA,
REPR.1.G7.F.CP,TGO,2012,0,NA,
SAP.3.F,TGO,2012,209964,,
41910,TGO,2012,18801,,
21502,TGO,2012,53262,,
XSPENDP.3.FDPUB.FNTS,TGO,2012,51.71076965332031,,
OE.5T8.40510,TGO,2012,5030,,UIS_EST
10405,TGO,2012,2011,,
SLE.02,TGO,2012,.3197399973869324,,
XSPENDP.1.FDPUB.FNTS,TGO,2012,60.46094131469727,,
42635,TGO,2012,14401,,
XSPENDP.2T3.FDPUB.FNNONS,TGO,2012,21.9035701751709,,
SR.1.G4.GPIA,TGO,2012,.9989100098609924,,
REPR.1.G5.CP,TGO,2012,18.54085922241211,,
SAP.1.F,TGO,2012,534042,,
20060,TGO,2012,66018,,
SAP.2,TGO,2012,617331,,
X.PPPCONST.4.FSGOV,TGO,2012,1.498029947280884,,
REPR.1.G2.M.CP,TGO,2012,19.31439018249512,,
SR.1.GLAST.F.CP,TGO,2012,60.67390060424805,,
REPR.1.G4.CP,TGO,2012,18.36395072937012,,
26468,TGO,2012,0,NA,
41936,TGO,2012,18913,,
SAP.2.M,TGO,2012,311304,,
SAP.1.GLAST.F,TGO,2012,82732,,
XSPENDP.4.FDPUB.FNCUR,TGO,2012,100,,
41918,TGO,2012,10658,,
XGDP.2.FSGOV,TGO,2012,.2062599956989288,,
13,TGO,2012,0,NA,
XSPENDP.1.FDPUB.FNBOOKS,TGO,2012,.4492000043392181,,
21510,TGO,2012,19767,,
41916,TGO,2012,10907,,
PRP.5T8,TGO,2012,10.21683025360107,,
FTP.5T8,TGO,2012,6.707980155944824,,
SAP.3.M,TGO,2012,213645,,
41929,TGO,2012,0,NA,
XSPENDP.3.FDPUB.FNCUR,TGO,2012,98.80548095703125,,
42656,TGO,2012,7516,,
X.US.5T8.FSGOV,TGO,2012,33.54164886474609,,
GER.1.M,TGO,2012,131.0884857177734,,
X.PPPCONST.2T4.V.FSGOV,TGO,2012,25.58406066894531,,
XSPENDP.3.FDPUB.FNS,TGO,2012,71.66513061523438,,
XSPENDP.02.FDPUB.FNCAP,TGO,2012,19.15543937683105,,
OE.5T8.40515,TGO,2012,21,,UIS_EST
MOR.5T8.40505,TGO,2012,0,NIL,
SAP.5T8.F,TGO,2012,316869,,
21514,TGO,2012,0,NA,
10403,TGO,2012,9,,
REPR.1.G3.CP,TGO,2012,19.13472938537598,,
SR.1.G4.F.CP,TGO,2012,74.82920074462891,,
MOR.5T8.40525,TGO,2012,.5011000037193298,,UIS_EST
SLE.5T8,TGO,2012,.608460009098053,,
REPR.1.G5.M.CP,TGO,2012,17.89673042297363,,
42099,TGO,2012,28269,,
OE.5T8.40520,TGO,2012,17,,UIS_EST
X.PPPCONST.5T8.FSGOV,TGO,2012,83.20941925048828,,
X.US.3.FSGOV,TGO,2012,15.35735034942627,,
25003,TGO,2012,2743,,
42620,TGO,2012,52001,,
SAP.1.G1,TGO,2012,192295,,
XSPENDP.2.FDPUB.FNNTS,TGO,2012,32.33765029907227,,
X.US.4.FSGOV,TGO,2012,.6038500070571899,,
SAP.3,TGO,2012,423609,,
X.PPPCONST.UK.FSGOV,TGO,2012,0,NIL,
41938,TGO,2012,0,NA,
XSPENDP.02.FDPUB.FNCUR,TGO,2012,80.84455871582031,,
THDUR.2T3,TGO,2012,7,,
XSPENDP.02.FDPUB.FNS,TGO,2012,73.66915130615234,,
XSPENDP.2.FDPUB.FNTS,TGO,2012,52.24716949462891,,
OE.5T8.40525,TGO,2012,351,,UIS_EST
999973,TGO,2012,3,,
XSPENDP.4.FDPUB.FNCAP,TGO,2012,0,NIL,
20061,TGO,2012,33508,,
SAP.1.AGM1,TGO,2012,199251,,
XSPENDP.2.FDPUB.FNCAP,TGO,2012,.9195600152015686,,
XGDP.4.FSGOV,TGO,2012,.0114700002595782,,
41925,TGO,2012,7262,,
X.USCONST.1.FSGOV,TGO,2012,117.9817733764648,,
41922,TGO,2012,53378,,
PRP.02,TGO,2012,29.93425941467285,,
MOR.5T8.40540,TGO,2012,3.068470001220703,,UIS_EST
SAP.4.M,TGO,2012,134081,,
X.PPPCONST.1.FSGOV,TGO,2012,288.5358581542969,,
X.PPP.4.FSGOV,TGO,2012,1.295930027961731,,
SAP.1.GLAST.M,TGO,2012,84274,,
41940,TGO,2012,89404,,
X.PPP.FSGOV,TGO,2012,392.2845764160156,,
SR.1.G5.M.CP,TGO,2012,71.40387725830078,,
SAP.2T3,TGO,2012,1040940,,
X.PPP.2.FSGOV,TGO,2012,23.29877090454102,,
REPR.1.M.CP,TGO,2012,18.44869995117188,,
X.USCONST.2.FSGOV,TGO,2012,11.01249027252197,,
XGDP.3.FSGOV,TGO,2012,.2917700111865997,,
XSPENDP.02.FDPUB.FNNONS,TGO,2012,7.17540979385376,,
OE.5T8.40530,TGO,2012,20,,UIS_EST
21516,TGO,2012,273438,,
21507,TGO,2012,19340,,
21504,TGO,2012,48743,,
41906,TGO,2012,40221,,
XSPENDP.FDPUB.FNCAP,TGO,2012,13.00891017913818,,
999976,TGO,2012,4,,
XSPENDP.1.FDPUB.FNS,TGO,2012,73.66915130615234,,
X.US.1.FSGOV,TGO,2012,116.3085708618164,,
REPR.1.G3.M.CP,TGO,2012,19.0649299621582,,
REPR.1.G2.F.CP,TGO,2012,18.07555961608887,,
SAP.CE,TGO,2012,1694870,,
21503,TGO,2012,25488,,
41915,TGO,2012,16833,,
REPR.1.G4.M.CP,TGO,2012,17.7975902557373,,
299902,TGO,2012,3,,
21501,TGO,2012,35720,,
SLE.02.F,TGO,2012,.3265399932861328,,
SR.1.G5.GPIA,TGO,2012,.9841600060462952,,
41914,TGO,2012,142063,,
41927,TGO,2012,8255,,
XGDP.5T8.FSGOV,TGO,2012,.6372500061988831,,
XSPENDP.FDPUB.FNCUR,TGO,2012,86.9910888671875,,
REPR.1.G7.CP,TGO,2012,0,NA,
999978,TGO,2012,3,,
41933,TGO,2012,28424,,
SR.1.GLAST.M.CP,TGO,2012,63.91098022460938,,
42617,TGO,2012,5920,,
X.PPP.2T4.V.FSGOV,TGO,2012,22.1325798034668,,
X.US.UK.FSGOV,TGO,2012,0,NIL,
GER.1,TGO,2012,126.9628295898438,,
X.US.2T3.FSGOV,TGO,2012,26.21365928649902,,
X.PPP.UK.FSGOV,TGO,2012,0,NIL,
40055,TGO,2012,66018,,
SLE.02.GPIA,TGO,2012,1.041399955749512,,
21500,TGO,2012,75941,,
XSPENDP.2.FDPUB.FNS,TGO,2012,84.58482360839844,,
41928,TGO,2012,0,NA,
21512,TGO,2012,0,NA,
GTVP.4.GPV,TGO,2012,0,NA,
X.USCONST.2T4.V.FSGOV,TGO,2012,10.46127986907959,,
XSPENDP.1.FDPUB.FNNONS,TGO,2012,7.17540979385376,,
25056,TGO,2012,129,,
SLE.1.GPIA,TGO,2012,.933489978313446,,UIS_EST
41919,TGO,2012,0,NA,
PRP.0,TGO,2012,29.93425941467285,,
REPR.1.G1.CP,TGO,2012,20.69799995422363,,
X.USCONST.FSGOV,TGO,2012,185.4188232421875,,
REPR.1.G3.F.CP,TGO,2012,19.20749092102051,,
41907,TGO,2012,27774,,
40054,TGO,2012,0,NA,
PRP.01,TGO,2012,0,NA,
42654,TGO,2012,57216,,
REPR.2.G5.CP,TGO,2012,0,NA,
SAP.2.G1.F,TGO,2012,80318,,
41917,TGO,2012,14980,,
25053,TGO,2012,70100,,
299905,TGO,2012,6,,
XSPENDP.1.FDPUB.FNCAP,TGO,2012,19.15543937683105,,
406,TGO,2012,2012,,
41934,TGO,2012,18169,,
20163,TGO,2012,4556,,
SR.1.G5.CP,TGO,2012,70.86473083496094,,
REPR.1.G4.F.CP,TGO,2012,18.97891998291016,,
SAP.2.G1.M,TGO,2012,81742,,
299929,TGO,2012,3,,
XSPENDP.5T8.FDPUB.FNCUR,TGO,2012,100,,
X.PPPCONST.FSGOV,TGO,2012,453.4596862792969,,
SAP.02,TGO,2012,621833,,
XSPENDP.3.FDPUB.FNNONS,TGO,2012,27.14035034179688,,
REPR.1.G6.CP,TGO,2012,12.23281002044678,,
XSPENDP.02.FDPUB.FNTS,TGO,2012,60.46094131469727,,
299932,TGO,2012,6,,
SAP.1.AGM1.F,TGO,2012,98965,,
SR.1.G5.F.CP,TGO,2012,70.27255249023438,,
X.PPP.5T8.FSGOV,TGO,2012,71.98384094238281,,
SLE.5T8.F,TGO,2012,.3086400032043457,,
REPR.1.F.CP,TGO,2012,18.57410049438477,,
XGDP.2T4.V.FSGOV,TGO,2012,.195930004119873,,
42615,TGO,2012,42815,,
XSPENDP.2T3.FDPUB.FNCAP,TGO,2012,1.080649971961975,,
SAP.1.GLAST,TGO,2012,167006,,
401,TGO,2012,6,,
42637,TGO,2012,1596,,
21513,TGO,2012,0,NA,
21515,TGO,2012,0,NA,
XSPENDP.2.FDPUB.FNCUR,TGO,2012,99.08043670654297,,
40050,TGO,2012,0,NA,
XSPENDP.3.FDPUB.FNNTS,TGO,2012,19.95435905456543,,
SAP.1.G1.F,TGO,2012,95420,,
403,TGO,2012,9,,
40034,TGO,2012,32510,,
41908,TGO,2012,24990,,
REPR.1.G6.M.CP,TGO,2012,11.65690040588379,,
SR.1.GLAST.CP,TGO,2012,62.38618850708008,,
SAP.5T8.M,TGO,2012,322551,,
41939,TGO,2012,0,NA,
XSPENDP.2T3.FDPUB.FNS,TGO,2012,77.01579284667969,,
OE.5T8.40505,TGO,2012,0,NIL,
REPR.1.G1.F.CP,TGO,2012,20.13685989379883,,
SLE.1.F,TGO,2012,7.392889976501465,,UIS_EST
MOR.5T8.40530,TGO,2012,.0282899998128414,,UIS_EST
OE.5T8.40535,TGO,2012,2,,
40032,TGO,2012,0,NA,
XGDP.02.FSGOV,TGO,2012,.1163000017404556,,
SR.1.G4.CP,TGO,2012,74.87149047851563,,
42097,TGO,2012,129,,
SAP.CE.M,TGO,2012,854801,,
21505,TGO,2012,23753,,
X.USCONST.02.FSGOV,TGO,2012,6.209569931030273,,
41935,TGO,2012,23898,,
10404,TGO,2012,7,,
XSPENDP.2T3.FDPUB.FNTS,TGO,2012,51.93291854858398,,
REPR.1.CP,TGO,2012,18.5087890625,,
XSPENDP.2T3.FDPUB.FNCUR,TGO,2012,98.91934967041016,,
MOR.5T8.40535,TGO,2012,.0028500000480562,,
MOR.5T8.40510,TGO,2012,7.175079822540283,,UIS_EST
20160,TGO,2012,2020,,
41912,TGO,2012,0,NA,
MOR.5T8.40500,TGO,2012,3.520230054855347,,UIS_EST
X.PPP.3.FSGOV,TGO,2012,32.95846176147461,,
GER.1.F,TGO,2013,124.3437805175781,,
SLE.02.GPIA,TGO,2013,1.046110033988953,,
X.PPPCONST.2.FSGOV,TGO,2013,30.15460968017578,,
21512,TGO,2013,0,NA,
X.US.2T3.FSGOV,TGO,2013,30.29286003112793,,
MOR.5T8.40525,TGO,2013,.5968300104141235,,UIS_EST
SAP.3,TGO,2013,431969,,
42615,TGO,2013,43032,,
X.USCONST.2.FSGOV,TGO,2013,12.33016014099121,,
XSPENDP.1.FDPUB.FNCAP,TGO,2013,2.068160057067871,,
REPR.2.G3.CP,TGO,2013,26.45919990539551,,
SAP.02,TGO,2013,640646,,
41906,TGO,2013,36001,,
41934,TGO,2013,17340,,
X.US.1.FSGOV,TGO,2013,111.9976196289063,,
42635,TGO,2013,15578,,
XGDP.2T3.FSGOV,TGO,2013,.5158200263977051,,
42614,TGO,2013,4886,,
X.US.FSGOV,TGO,2013,191.1748046875,,
21505,TGO,2013,22559,,
13,TGO,2013,0,NA,
REPR.1.G4.F.CP,TGO,2013,13.14756965637207,,
XSPENDP.2T3.FDPUB.FNCAP,TGO,2013,2.32571005821228,,
40034,TGO,2013,42588,,
21510,TGO,2013,17495,,
41929,TGO,2013,0,NA,
X.PPP.02.FSGOV,TGO,2013,12.09778022766113,,
XGDP.2.FSGOV,TGO,2013,.217629998922348,,
20163,TGO,2013,5041,,
SAP.CE.F,TGO,2013,862564,,
SLE.1.GPIA,TGO,2013,.9449099898338318,,UIS_EST
OE.5T8.40540,TGO,2013,2280,,UIS_EST
SAP.2.F,TGO,2013,314695,,
REPR.2.G5.M.CP,TGO,2013,0,NA,
X.PPP.FSGOV,TGO,2013,392.3568420410156,,
SAP.2T3,TGO,2013,1067093,,
XSPENDP.2T3.FDPUB.FNCUR,TGO,2013,97.67429351806641,,
41920,TGO,2013,0,NA,
SR.1.G4.M.CP,TGO,2013,64.73753356933594,,
299902,TGO,2013,3,,
X.PPPCONST.2T4.V.FSGOV,TGO,2013,28.44403076171875,,
MOR.5T8.40520,TGO,2013,.0277100000530481,,UIS_EST
X.USCONST.UK.FSGOV,TGO,2013,0,NIL,
41916,TGO,2013,10523,,
42619,TGO,2013,728,,
XSPENDP.2.FDPUB.FNCAP,TGO,2013,2.096450090408325,,
XSPENDP.1.FDPUB.FNNTS,TGO,2013,18.2276496887207,,
41924,TGO,2013,10607,,
25052,TGO,2013,865,,
REPR.2.G1.F.CP,TGO,2013,20.25123977661133,,
SAP.1.G1,TGO,2013,198249,,
THDUR.2T3,TGO,2013,7,,
41921,TGO,2013,0,NIL,
41927,TGO,2013,9733,,
21511,TGO,2013,8304,,
299929,TGO,2013,3,,
SLE.02.M,TGO,2013,.4017600119113922,,
20062,TGO,2013,1412356,,
SAP.1.GLAST.M,TGO,2013,86780,,
41922,TGO,2013,51051,,
X.USCONST.FSGOV,TGO,2013,184.4300537109375,,
X.PPP.1.FSGOV,TGO,2013,229.8578643798828,,
X.US.UK.FSGOV,TGO,2013,0,NIL,
SR.1.G5.F.CP,TGO,2013,60.45557022094727,,
20161,TGO,2013,2723,,
OE.5T8.40520,TGO,2013,20,,UIS_EST
X.PPPCONST.5T8.FSGOV,TGO,2013,100.1725463867188,,
40032,TGO,2013,0,NA,
21506,TGO,2013,38819,,
SAP.1.GLAST.F,TGO,2013,85098,,
404,TGO,2013,7,,
SLE.1,TGO,2013,7.795939922332764,,UIS_EST
40054,TGO,2013,0,NA,
42116,TGO,2013,0,NA,
21513,TGO,2013,0,NA,
21517,TGO,2013,121774,,
SAP.1.F,TGO,2013,547869,,
25007,TGO,2013,259,,
SR.1.G4.F.CP,TGO,2013,65.48004150390625,,
999988,TGO,2013,2,,
OE.5T8.40530,TGO,2013,34,,
999977,TGO,2013,16,,
PRP.5T8,TGO,2013,17.6616096496582,,
XSPENDP.2.FDPUB.FNCUR,TGO,2013,97.90354919433594,,
SAP.2T3.F,TGO,2013,528715,,
XSPENDP.3.FDPUB.FNS,TGO,2013,72.88585662841797,,
REPR.1.G7.M.CP,TGO,2013,0,NA,
REPR.2.G5.CP,TGO,2013,0,NA,
40035,TGO,2013,731115,,
42096,TGO,2013,0,NA,
X.US.3.FSGOV,TGO,2013,17.51177024841309,,
SAP.0.F,TGO,2013,318354,,
SAP.CE,TGO,2013,1740921,,
MOR.5T8.40530,TGO,2013,.046509999781847,,
X.US.02.FSGOV,TGO,2013,5.894609928131104,,
XGDP.02.FSGOV,TGO,2013,.1003699973225594,,
40051,TGO,2013,44092,,
SAP.1.AGM1.F,TGO,2013,102786,,
REPR.1.G5.CP,TGO,2013,14.06682968139648,,
REPR.1.M.CP,TGO,2013,11.23311996459961,,
41917,TGO,2013,13846,,
SR.1.GLAST.F.CP,TGO,2013,51.3726806640625,,
PRP.1,TGO,2013,28.37138938903809,,
FTP.5T8,TGO,2013,6.592010021209717,,
SR.1.G5.M.CP,TGO,2013,61.11957168579102,,
21507,TGO,2013,19234,,
REPR.1.G1.M.CP,TGO,2013,3.794830083847046,,
41908,TGO,2013,23337,,
41933,TGO,2013,25936,,
REPR.2.G2.CP,TGO,2013,18.21756935119629,,
X.PPP.4.FSGOV,TGO,2013,1.090610027313232,,
41909,TGO,2013,19585,,
XSPENDP.1.FDPUB.FNS,TGO,2013,88.43856811523438,,
SAP.1,TGO,2013,1105797,,
OE.5T8.40500,TGO,2013,2282,,
41911,TGO,2013,9191,,
REPR.1.G4.M.CP,TGO,2013,13.21652984619141,,
SLE.1.M,TGO,2013,8.014699935913086,,UIS_EST
42637,TGO,2013,950,,
43617,TGO,2013,3670,,
SAP.3.F,TGO,2013,214020,,
REPR.2.G1.CP,TGO,2013,20.72763061523438,,
SR.1.GLAST.M.CP,TGO,2013,54.17491149902344,,
41910,TGO,2013,17617,,
SAP.0,TGO,2013,640646,,
XGDP.5T8.FSGOV,TGO,2013,.7229700088500977,,
FTP.02,TGO,2013,91.86910247802734,,
PRP.01,TGO,2013,0,NA,
999976,TGO,2013,4,,
21502,TGO,2013,48597,,
SLE.02.F,TGO,2013,.4211800098419189,,
SAP.2.G1.F,TGO,2013,82525,,
X.US.4.FSGOV,TGO,2013,.5314000248908997,,
REPR.2.CP,TGO,2013,22.54991912841797,,
OE.5T8.40525,TGO,2013,432,,UIS_EST
41925,TGO,2013,6817,,
40050,TGO,2013,0,NA,
REPR.2.G3.F.CP,TGO,2013,26.75032043457031,,
10406,TGO,2013,2013,,
REPR.1.G2.M.CP,TGO,2013,14.11285018920898,,
FTP.1,TGO,2013,14.66473007202148,,
SAP.1.M,TGO,2013,557928,,
X.USCONST.2T3.FSGOV,TGO,2013,29.2241096496582,,
XSPENDP.3.FDPUB.FNNTS,TGO,2013,22.34190940856934,,
MOR.5T8.40500,TGO,2013,3.152740001678467,,
X.USCONST.1.FSGOV,TGO,2013,108.0462799072266,,
MOR.5T8.40515,TGO,2013,.0226300004869699,,UIS_EST
20060,TGO,2013,86680,,
XSPENDP.3.FDPUB.FNCUR,TGO,2013,97.51219940185547,,
21516,TGO,2013,253214,,
21509,TGO,2013,16742,,
XSPENDP.1.FDPUB.FNCUR,TGO,2013,97.93183898925781,,
XSPENDP.2.FDPUB.FNNTS,TGO,2013,34.87757873535156,,
X.PPPCONST.1.FSGOV,TGO,2013,264.2376403808594,,
XSPENDP.02.FDPUB.FNCUR,TGO,2013,97.93183898925781,,
10,TGO,2013,0,NA,
X.PPP.3.FSGOV,TGO,2013,35.94020843505859,,
REPR.1.G1.CP,TGO,2013,3.756119966506958,,
SAP.4,TGO,2013,270979,,
42620,TGO,2013,52072,,
42654,TGO,2013,58610,,
40055,TGO,2013,86680,,
21501,TGO,2013,32047,,
REPR.1.G3.F.CP,TGO,2013,12.90001964569092,,
25056,TGO,2013,137,,
REPR.2.G5.F.CP,TGO,2013,0,NA,
XSPENDP.5T8.FDPUB.FNCUR,TGO,2013,100,,
REPR.1.G6.M.CP,TGO,2013,12.31326007843018,,
REPR.2.G4.F.CP,TGO,2013,29.56675910949707,,
X.PPP.2T4.V.FSGOV,TGO,2013,24.74319076538086,,
X.US.2T4.V.FSGOV,TGO,2013,12.05605030059814,,
25053,TGO,2013,72383,,
41939,TGO,2013,0,NIL,
GER.1,TGO,2013,127.722900390625,,
SR.1.GLAST.CP,TGO,2013,52.83420181274414,,
X.PPP.UK.FSGOV,TGO,2013,0,NIL,
SR.1.G5.CP,TGO,2013,60.79486083984375,,
XSPENDP.02.FDPUB.FNS,TGO,2013,88.43856811523438,,
10404,TGO,2013,7,,
SAP.2.G1.M,TGO,2013,84108,,
40033,TGO,2013,42588,,
REPR.1.G7.F.CP,TGO,2013,0,NA,
25003,TGO,2013,3929,,
XSPENDP.1.FDPUB.FNNONS,TGO,2013,9.493269920349121,,
XSPENDP.FDPUB.FNCUR,TGO,2013,98.30507659912109,,
XSPENDP.02.FDPUB.FNCAP,TGO,2013,2.068160057067871,,
41940,TGO,2013,86792,,
XSPENDP.2.FDPUB.FNS,TGO,2013,84.61995697021484,,
OE.5T8.40515,TGO,2013,16,,UIS_EST
SAP.2.M,TGO,2013,320429,,
REPR.2.G2.M.CP,TGO,2013,18.04424095153809,,
REPR.1.G3.M.CP,TGO,2013,13.57674026489258,,
SR.1.G4.GPIA,TGO,2013,1.011340022087097,,
XSPENDP.2T3.FDPUB.FNNTS,TGO,2013,27.5339298248291,,
21500,TGO,2013,68048,,
X.USCONST.4.FSGOV,TGO,2013,.5126500129699707,,
REPR.1.CP,TGO,2013,11.20652008056641,,
SAP.5T8.F,TGO,2013,323218,,
X.PPPCONST.3.FSGOV,TGO,2013,41.31578063964844,,
REPR.1.G5.F.CP,TGO,2013,14.38541984558105,,
XSPENDP.4.FDPUB.FNCAP,TGO,2013,0,NIL,
XSPENDP.3.FDPUB.FNNONS,TGO,2013,24.62634086608887,,
21503,TGO,2013,22888,,
X.USCONST.02.FSGOV,TGO,2013,5.686649799346924,,
X.PPPCONST.4.FSGOV,TGO,2013,1.253730058670044,,
REPR.2.F.CP,TGO,2013,23.05316925048828,,
21515,TGO,2013,0,NIL,
SAP.5T8.M,TGO,2013,329274,,
403,TGO,2013,10,,
XSPENDP.2.FDPUB.FNTS,TGO,2013,49.74237823486328,,
41919,TGO,2013,0,NA,
299932,TGO,2013,6,,
SLE.5T8.GPIA,TGO,2013,.3839600086212158,,
XSPENDP.2T3.FDPUB.FNBOOKS,TGO,2013,2.187540054321289,,
SAP.2.G1,TGO,2013,166633,,
41914,TGO,2013,131440,,
42656,TGO,2013,4376,,
SAP.1.AGM1.M,TGO,2013,104182,,
999974,TGO,2013,3,,
REPR.1.G3.CP,TGO,2013,13.24466991424561,,
41913,TGO,2013,0,NIL,
XSPENDP.1.FDPUB.FNBOOKS,TGO,2013,.4677500128746033,,
XSPENDP.3.FDPUB.FNCAP,TGO,2013,2.487799882888794,,
SAP.1.G1.F,TGO,2013,98366,,
REPR.1.G2.CP,TGO,2013,13.78631973266602,,
X.PPP.2T3.FSGOV,TGO,2013,62.17142105102539,,
41912,TGO,2013,0,NA,
999973,TGO,2013,3,,
41907,TGO,2013,25709,,
XSPENDP.2T3.FDPUB.FNTS,TGO,2013,50.21194839477539,,
SAP.1.AGM1,TGO,2013,206968,,
41928,TGO,2013,0,NA,
XGDP.3.FSGOV,TGO,2013,.2981800138950348,,
XSPENDP.2T3.FDPUB.FNS,TGO,2013,77.74588775634766,,
21508,TGO,2013,34359,,
999987,TGO,2013,19,,
REPR.1.F.CP,TGO,2013,11.17798042297363,,
406,TGO,2013,2013,,
SAP.2T3.M,TGO,2013,538378,,
41918,TGO,2013,11353,,
X.PPPCONST.FSGOV,TGO,2013,451.0415649414063,,
SLE.5T8,TGO,2013,.6018900275230408,,
20160,TGO,2013,2964,,
OE.5T8.40505,TGO,2013,0,NIL,
SAP.4.F,TGO,2013,134207,,
X.US.2.FSGOV,TGO,2013,12.78108978271484,,
REPR.1.G4.CP,TGO,2013,13.18286991119385,,
MOR.5T8.40505,TGO,2013,0,NIL,
MOR.5T8.40540,TGO,2013,3.150449991226196,,UIS_EST
REPR.1.G7.CP,TGO,2013,0,NA,
41926,TGO,2013,8584,,
REPR.1.G6.F.CP,TGO,2013,13.7220401763916,,
SLE.5T8.M,TGO,2013,.8665900230407715,,
REPR.2.G4.M.CP,TGO,2013,24.20498085021973,,
REPR.1.G5.M.CP,TGO,2013,13.77888965606689,,
OE.5T8.40535,TGO,2013,2,,
20061,TGO,2013,44092,,
42099,TGO,2013,29334,,
SAP.5T8,TGO,2013,652492,,
X.USCONST.5T8.FSGOV,TGO,2013,40.96036911010742,,
10405,TGO,2013,2012,,
20162,TGO,2013,34375,,
OE.5T8.40510,TGO,2013,5067,,UIS_EST
SAP.0.M,TGO,2013,322292,,
XGDP.1.FSGOV,TGO,2013,1.907060027122498,,
X.PPPCONST.02.FSGOV,TGO,2013,13.90723991394043,,
299905,TGO,2013,6,,
20063,TGO,2013,681241,,
SLE.1.F,TGO,2013,7.573209762573242,,UIS_EST
XSPENDP.2.FDPUB.FNNONS,TGO,2013,13.28359031677246,,
SAP.1.GLAST,TGO,2013,171878,,
21504,TGO,2013,45896,,
21514,TGO,2013,0,NIL,
XGDP.2T4.V.FSGOV,TGO,2013,.2052900046110153,,
REPR.1.G2.F.CP,TGO,2013,13.44242000579834,,
41936,TGO,2013,21086,,
42617,TGO,2013,3426,,
42110,TGO,2013,0,NA,
REPR.2.M.CP,TGO,2013,22.20235061645508,,
XSPENDP.3.FDPUB.FNTS,TGO,2013,50.54394912719727,,
REPR.2.G2.F.CP,TGO,2013,18.47223091125488,,
401,TGO,2013,6,,
XSPENDP.02.FDPUB.FNNONS,TGO,2013,9.493269920349121,,
REPR.2.G1.M.CP,TGO,2013,21.08559036254883,,
PRP.02,TGO,2013,37.66267013549805,,
41938,TGO,2013,0,NA,
41937,TGO,2013,0,NA,
XSPENDP.2T3.FDPUB.FNNONS,TGO,2013,19.92840003967285,,
SLE.5T8.F,TGO,2013,.3327299952507019,,
XSPENDP.4.FDPUB.FNCUR,TGO,2013,100,,
REPR.2.G3.M.CP,TGO,2013,26.27298927307129,,
SLE.02,TGO,2013,.411410003900528,,
PRP.0,TGO,2013,37.66267013549805,,
X.PPP.5T8.FSGOV,TGO,2013,87.13916015625,,
XGDP.4.FSGOV,TGO,2013,.0090500004589558,,
25055,TGO,2013,3646,,
10403,TGO,2013,10,,
42097,TGO,2013,241,,
X.US.5T8.FSGOV,TGO,2013,42.45832061767578,,
X.PPPCONST.UK.FSGOV,TGO,2013,0,NIL,
XSPENDP.02.FDPUB.FNNTS,TGO,2013,18.2276496887207,,
GER.1.GPIA,TGO,2013,.9488899707794189,,
REPR.2.G4.CP,TGO,2013,26.35243988037109,,
400,TGO,2013,10,,
SAP.CE.M,TGO,2013,878357,,
XSPENDP.1.FDPUB.FNTS,TGO,2013,70.21092224121094,,
SR.1.G4.CP,TGO,2013,65.09549713134766,,
41935,TGO,2013,22430,,
XSPENDP.02.FDPUB.FNTS,TGO,2013,70.21092224121094,,
999978,TGO,2013,3,,
MOR.5T8.40510,TGO,2013,6.999629974365234,,UIS_EST
SAP.02.F,TGO,2013,318354,,
26468,TGO,2013,0,NA,
41930,TGO,2013,0,NIL,
25057,TGO,2013,20311,,
SAP.02.M,TGO,2013,322292,,
X.PPPCONST.2T3.FSGOV,TGO,2013,71.47038269042969,,
SAP.2,TGO,2013,635124,,
SAP.3.M,TGO,2013,217949,,
GER.1.M,TGO,2013,131.0411071777344,,
MOR.5T8.40535,TGO,2013,.0027600000612438,,
SR.1.GLAST.GPIA,TGO,2013,.9482700228691101,,
999975,TGO,2013,12,,
SAP.1.G1.M,TGO,2013,99883,,
25051,TGO,2013,8532,,
X.USCONST.2T4.V.FSGOV,TGO,2013,11.63070964813232,,
REPR.1.G1.F.CP,TGO,2013,3.714869976043701,,
405,TGO,2013,2012,,
SR.1.G5.GPIA,TGO,2013,.9891399741172791,,
41931,TGO,2013,35741,,
XSPENDP.FDPUB.FNCAP,TGO,2013,1.694919943809509,,
41915,TGO,2013,15329,,
REPR.1.G6.CP,TGO,2013,12.9583101272583,,
X.PPP.2.FSGOV,TGO,2013,26.23121070861816,,
SAP.4.M,TGO,2013,136772,,
X.USCONST.3.FSGOV,TGO,2013,16.89393997192383,,
GTVP.4.GPV,TGO,2013,0,NA,
NART.2.Q3.F.LPIA,TGO,2014,1.095020055770874,,
41928,TGO,2014,0,NA,
FTP.02,TGO,2014,94.42897033691406,,
25056,TGO,2014,156,,
X.PPP.2.FSGOV,TGO,2014,38.63486099243164,,
NART.3.LPIA,TGO,2014,.9316499829292297,,
NART.3.RUR.Q1,TGO,2014,55.61297988891602,,
X.US.2T4.V.FSGOV,TGO,2014,13.30743026733398,,
SLE.1.F,TGO,2014,7.471169948577881,,
MOR.5T8.40530,TGO,2014,.065480001270771,,
SAP.1.GLAST,TGO,2014,176653,,
FTP.1,TGO,2014,16.03016090393066,,
NART.2.RUR.Q5.M,TGO,2014,0,NA,
XSPENDP.5T8.FDPUB.FNNTS,TGO,2014,21.90029907226563,,
NART.2.RUR.GPIA,TGO,2014,.9214900135993958,,
41912,TGO,2014,0,NA,
42096,TGO,2014,0,NA,
OFST.1.CP,TGO,2014,86230,,
NART.1.RUR.M,TGO,2014,87.91861724853516,,
20061,TGO,2014,49115,,
NART.2.URB.Q4.F,TGO,2014,87.35365295410156,,
X.PPPCONST.2T4.V.FSGOV,TGO,2014,31.41382026672363,,
NART.1.URB.Q2.F,TGO,2014,0,NA,
NART.1.Q1.F,TGO,2014,75.73660278320313,,
NART.1.URB.Q3.M,TGO,2014,92.17996215820313,,
NART.2.URB.Q1.M,TGO,2014,0,NA,
XGDP.2T3.FSGOV,TGO,2014,.6160200238227844,,
999978,TGO,2014,3,,
NART.2.M.WPIA,TGO,2014,.8514699935913086,,
OE.5T8.40540,TGO,2014,2473,,UIS_EST
NART.2.Q3,TGO,2014,87.80690765380859,,
FTP.5T8,TGO,2014,6.296720027923584,,
XSPENDP.1.FDPUB.FNNONS,TGO,2014,4.779960155487061,,
42110,TGO,2014,0,NA,
X.PPP.FSGOV,TGO,2014,453.6698303222656,,
NART.1.RUR.Q2.GPIA,TGO,2014,.9233899712562561,,
NART.2.Q5.M,TGO,2014,95.04900360107422,,
XSPENDP.02.FDPUB.FNNONS,TGO,2014,4.886129856109619,,
NART.3.RUR.Q2.F,TGO,2014,47.79196929931641,,
XSPENDP.5T8.FDPUB.FNCAP,TGO,2014,11.6119499206543,,
NART.2.Q4.M.LPIA,TGO,2014,1.087080001831055,,
25052,TGO,2014,887,,
XSPENDP.1.FDPUB.FNS,TGO,2014,94.80673980712891,,
299932,TGO,2014,6,,
21513,TGO,2014,0,NA,
21505,TGO,2014,15854,,
NART.3.URB.Q4.GPIA,TGO,2014,.776889979839325,,
NART.3.Q3.LPIA,TGO,2014,1.000399947166443,,
SAP.1.G1.F,TGO,2014,102200,,
XGDP.3.FSGOV,TGO,2014,.3161900043487549,,
X.USCONST.5T8.FSGOV,TGO,2014,45.82648086547852,,
X.US.02.FSGOV,TGO,2014,3.173629999160767,,
REPR.1.G6.CP,TGO,2014,11.49551963806152,,
41908,TGO,2014,17317,,
41927,TGO,2014,9336,,
PRP.0,TGO,2014,36.31713104248047,,
NART.2.Q5.M.LPIA,TGO,2014,0,NA,
XSPENDP.FDPUB.FNCAP,TGO,2014,2.304980039596558,,
20161,TGO,2014,3051,,
GER.1.M,TGO,2014,127.0854415893555,,
REPR.1.G1.F.CP,TGO,2014,2.115639925003052,,
NART.3.Q5.M,TGO,2014,83.36448669433594,,
40033,TGO,2014,47842,,
NART.1.Q1.M,TGO,2014,83.18498992919922,,
OE.5T8.40510,TGO,2014,5595,,UIS_EST
NART.2.RUR.Q2.GPIA,TGO,2014,.919219970703125,,
NART.3.Q2.GPIA,TGO,2014,.6514999866485596,,
NART.3.URB.WPIA,TGO,2014,0,NA,
XGDP.4.FSGOV,TGO,2014,.0146899996325374,,
NART.3.Q4.M,TGO,2014,75.61181640625,,
NART.2.URB.F.WPIA,TGO,2014,0,NA,
NART.2,TGO,2014,84.67508697509766,,
XSPENDP.3.FDPUB.FNCAP,TGO,2014,1.364680051803589,,
NART.1,TGO,2014,88.61325073242188,,
42097,TGO,2014,180,,
NART.3.Q1.F,TGO,2014,43.60689926147461,,
21501,TGO,2014,5927,,
XSPENDP.3.FDPUB.FNTS,TGO,2014,69.78314971923828,,
XGDP.1.FSGOV,TGO,2014,2.075439929962158,,
41922,TGO,2014,52890,,
NART.1.Q1.M.LPIA,TGO,2014,0,NA,
NART.2.Q4.M,TGO,2014,92.29653167724609,,
NART.1.RUR.Q5.F,TGO,2014,0,NA,
SAP.1.G1.M,TGO,2014,103784,,
NART.3.Q2,TGO,2014,61.44482040405273,,
NART.3.URB.Q1.F,TGO,2014,0,NA,
NART.1.Q5.GPIA,TGO,2014,.9863100051879883,,
NART.2.URB.M,TGO,2014,92.060791015625,,
NERT.1.CP,TGO,2014,92.41600799560547,,
XSPENDP.2.FDPUB.FNTS,TGO,2014,75.34104919433594,,
XGDP.2.FSGOV,TGO,2014,.2998400032520294,,
NART.3.RUR.WPIA,TGO,2014,0,NA,
XGDP.5T8.FSGOV,TGO,2014,.7636399865150452,,
NART.1.RUR.Q5.M,TGO,2014,0,NA,
403,TGO,2014,9,,
40034,TGO,2014,47842,,
NART.1.URB.F,TGO,2014,96.44979858398438,,
10406,TGO,2014,2014,,
40032,TGO,2014,0,NA,
NART.2.RUR.Q4.GPIA,TGO,2014,.881850004196167,,
42116,TGO,2014,0,NA,
999975,TGO,2014,12,,
REPR.1.G3.F.CP,TGO,2014,5.05689001083374,,
NART.1.URB.Q4,TGO,2014,96.72486877441406,,
NART.3.Q5.M.LPIA,TGO,2014,0,NA,
REPR.2.G1.F.CP,TGO,2014,17.55497932434082,,
OE.5T8.40515,TGO,2014,11,,UIS_EST
NART.3.Q2.LPIA,TGO,2014,0,NA,
NART.3.Q2.F.LPIA,TGO,2014,0,NA,
NART.1.RUR.Q4.M,TGO,2014,96.97315979003906,,
NART.2.Q4.GPIA,TGO,2014,.9467700123786926,,
NART.2.Q5.GPIA,TGO,2014,.8638200163841248,,
XSPENDP.02.FDPUB.FNCAP,TGO,2014,.3296500146389008,,
NART.2.Q1,TGO,2014,77.70088195800781,,
NART.3.Q4.F,TGO,2014,58.78834915161133,,
NART.1.M.WPIA,TGO,2014,.8502100110054016,,
X.US.3.FSGOV,TGO,2014,19.65749931335449,,
SLE.5T8,TGO,2014,.5827999711036682,,
NART.2.RUR.M.WPIA,TGO,2014,0,NA,
SLE.1.GPIA,TGO,2014,.9556300044059753,,
NART.3.URB.Q4,TGO,2014,66.87821960449219,,
NART.3.URB.Q4.M,TGO,2014,74.4114990234375,,
NART.2.Q2.GPIA,TGO,2014,.9165599942207336,,
NART.3.Q5.GPIA,TGO,2014,.6680999994277954,,
NART.1.RUR.Q5,TGO,2014,0,NA,
NART.3.M,TGO,2014,74.09187316894531,,
REPR.2.M.CP,TGO,2014,21.28137016296387,,
NART.1.URB.M.WPIA,TGO,2014,0,NA,
NART.1.Q4,TGO,2014,96.72882843017578,,
41938,TGO,2014,0,NA,
NART.3.Q3.M.LPIA,TGO,2014,0,NA,
OFST.1.M.CP,TGO,2014,28901,,
X.PPPCONST.1.FSGOV,TGO,2014,304.5937805175781,,
41913,TGO,2014,0,NIL,
NART.3.Q1.F.LPIA,TGO,2014,0,NA,
NART.2.Q1.F.LPIA,TGO,2014,0,NA,
NART.1.Q3.GPIA,TGO,2014,.9883300065994263,,
NART.2.URB.Q4,TGO,2014,89.04559326171875,,
NART.3.Q1.M.LPIA,TGO,2014,0,NA,
NART.2.RUR.WPIA,TGO,2014,0,NA,
NART.2.Q2.F,TGO,2014,78.9197998046875,,
NART.1.Q1,TGO,2014,79.69271087646484,,
NART.1.Q3,TGO,2014,90.75933074951172,,
XSPENDP.02.FDPUB.FNTS,TGO,2014,85.12299346923828,,
XSPENDP.02.FDPUB.FNNTS,TGO,2014,9.661230087280273,,
21510,TGO,2014,19488,,
41930,TGO,2014,0,NIL,
NART.1.RUR.Q1.F,TGO,2014,75.75361633300781,,
NART.3.RUR.GPIA,TGO,2014,.6928200125694275,,
21515,TGO,2014,0,NIL,
REPR.1.G2.CP,TGO,2014,12.80391025543213,,
XGDP.02.FSGOV,TGO,2014,.0510499998927116,,
SAP.02.F,TGO,2014,326776,,
SAP.4,TGO,2014,276743,,
NART.2.URB.Q3.M,TGO,2014,85.55664825439453,,
NART.3.WPIA,TGO,2014,.838949978351593,,
NART.2.LPIA,TGO,2014,.9470099806785583,,
20160,TGO,2014,3231,,
SAP.5T8,TGO,2014,666324,,
NART.2.Q2,TGO,2014,82.88318634033203,,
NART.1.URB.Q2,TGO,2014,72.4066162109375,,
NART.2.RUR.Q1.F,TGO,2014,73.75454711914063,,
20162,TGO,2014,34354,,
X.USCONST.FSGOV,TGO,2014,211.2869415283203,,
NART.3.RUR.Q1.GPIA,TGO,2014,.6678500175476074,,
NART.1.URB.Q2.GPIA,TGO,2014,0,NA,
GER.1,TGO,2014,124.2927017211914,,
NART.3.Q4.GPIA,TGO,2014,.7774999737739563,,
NART.3.URB.Q3.M,TGO,2014,0,NA,
SAP.2.M,TGO,2014,330509,,
NART.3.RUR.Q2.M,TGO,2014,72.35143280029297,,
SAP.0.F,TGO,2014,326776,,
401,TGO,2014,6,,
SAP.1.AGM1.F,TGO,2014,105243,,
REPR.1.G4.M.CP,TGO,2014,13.41082000732422,,
NART.2.Q2.LPIA,TGO,2014,0,NA,
NART.1.Q2.M.LPIA,TGO,2014,0,NA,
NART.1.Q4.F,TGO,2014,96.80642700195313,,
NART.1.Q5.M,TGO,2014,97.84027099609375,,
41911,TGO,2014,10039,,
NART.3.RUR.Q5.GPIA,TGO,2014,0,NA,
SAP.4.F,TGO,2014,137005,,
SAP.1.F,TGO,2014,563223,,
NART.2.M,TGO,2014,88.01210021972656,,
XSPENDP.3.FDPUB.FNNTS,TGO,2014,9.412790298461914,,
41929,TGO,2014,0,NA,
NART.3.URB.Q5.F,TGO,2014,55.67060089111328,,
X.PPP.UK.FSGOV,TGO,2014,0,NIL,
21502,TGO,2014,36381,,
PRP.02,TGO,2014,36.31713104248047,,
NART.3.Q4.M.LPIA,TGO,2014,1.077290058135986,,
25051,TGO,2014,9511,,
NART.1.URB.M,TGO,2014,96.19838714599609,,
XSPENDP.FDPUB.FNCUR,TGO,2014,97.69502258300781,,
REPR.1.F.CP,TGO,2014,9.378809928894043,,
XSPENDP.4.FDPUB.FNNONS,TGO,2014,75.30519104003906,,
NART.2.RUR,TGO,2014,83.11128234863281,,
NART.2.RUR.Q3.M,TGO,2014,90.74488067626953,,
SLE.02,TGO,2014,.4482299983501434,,
25007,TGO,2014,278,,
10405,TGO,2014,2013,,
SLE.5T8.F,TGO,2014,.3379400074481964,,
NART.2.Q2.M.LPIA,TGO,2014,0,NA,
NART.2.URB.Q1.F,TGO,2014,0,NA,
21512,TGO,2014,0,NA,
NART.3.Q5.F.LPIA,TGO,2014,0,NA,
NART.3.RUR.Q5.M,TGO,2014,0,NA,
XSPENDP.5T8.FDPUB.FNCUR,TGO,2014,88.38804626464844,,
NART.3.GPIA,TGO,2014,.7110400199890137,,
NART.1.URB.Q1.GPIA,TGO,2014,0,NA,
NART.2.GPIA,TGO,2014,.9218800067901611,,
NART.1.Q5.F,TGO,2014,96.50113677978516,,
NART.1.Q3.F.LPIA,TGO,2014,.8934999704360962,,
299929,TGO,2014,3,,
GER.1.GPIA,TGO,2014,.9556400179862976,,
NART.2.Q5.F,TGO,2014,82.10478973388672,,
NART.1.WPIA,TGO,2014,.8203499913215637,,
10,TGO,2014,0,NA,
NART.2.RUR.Q5.F,TGO,2014,0,NA,
NART.3.RUR.Q4.GPIA,TGO,2014,.7761300206184387,,
REPR.1.G2.F.CP,TGO,2014,12.39181995391846,,
NART.1.RUR.Q4.F,TGO,2014,96.4884033203125,,
41916,TGO,2014,10564,,
NART.1.RUR.WPIA,TGO,2014,0,NA,
XSPENDP.2.FDPUB.FNCAP,TGO,2014,1.305199980735779,,
41907,TGO,2014,19104,,
SAP.0,TGO,2014,657601,,
X.USCONST.2.FSGOV,TGO,2014,17.99334907531738,,
41921,TGO,2014,0,NIL,
40054,TGO,2014,0,NA,
X.PPPCONST.FSGOV,TGO,2014,516.72265625,,
NART.2.RUR.Q5,TGO,2014,0,NA,
OE.5T8.40520,TGO,2014,25,,UIS_EST
NART.1.URB.Q3.F,TGO,2014,100,,
REPR.2.G4.M.CP,TGO,2014,25.86700057983398,,
NART.3.F,TGO,2014,52.68204879760742,,
REPR.1.G6.F.CP,TGO,2014,12.3559103012085,,
X.USCONST.4.FSGOV,TGO,2014,.8814399838447571,,
REPR.2.G3.F.CP,TGO,2014,25.57622909545898,,
NART.2.RUR.Q3.GPIA,TGO,2014,.9431899785995483,,
NART.2.Q1.LPIA,TGO,2014,.9022200107574463,,
REPR.2.G2.CP,TGO,2014,17.27293014526367,,
X.PPP.1.FSGOV,TGO,2014,267.4258728027344,,
NART.3.URB.Q5,TGO,2014,66.66385650634766,,
NART.3.Q2.F,TGO,2014,47.18225860595703,,
NART.3.URB.Q5.M,TGO,2014,83.10299682617188,,
NART.1.F,TGO,2014,86.90868377685547,,
NART.1.URB.Q1.M,TGO,2014,0,NA,
OE.5T8.40500,TGO,2014,2421,,
REPR.1.G6.M.CP,TGO,2014,10.74744033813477,,
40051,TGO,2014,49115,,
299905,TGO,2014,6,,
X.US.5T8.FSGOV,TGO,2014,47.47607040405273,,
NART.3.RUR.Q3.F,TGO,2014,54.21298980712891,,
SAP.2T3.F,TGO,2014,542357,,
NART.1.URB.Q4.F,TGO,2014,96.90447998046875,,
NART.1.F.WPIA,TGO,2014,.7848299741744995,,
X.US.2T3.FSGOV,TGO,2014,38.29853820800781,,
X.USCONST.2T4.V.FSGOV,TGO,2014,12.84504985809326,,
42615,TGO,2014,42206,,
NART.1.URB,TGO,2014,96.32697296142578,,
NART.3.Q3.F,TGO,2014,54.43330001831055,,
25053,TGO,2014,71776,,
20163,TGO,2014,5507,,
NART.2.URB.F,TGO,2014,83.99479675292969,,
NART.2.RUR.Q2.F,TGO,2014,79.23430633544922,,
XSPENDP.2T3.FDPUB.FNCAP,TGO,2014,1.335780024528503,,
SAP.2.G1.M,TGO,2014,86615,,
NART.1.Q5,TGO,2014,97.14533996582031,,
SLE.1,TGO,2014,7.646249771118164,,
NART.1.URB.Q4.GPIA,TGO,2014,1.003790020942688,,
NART.3.Q2.M.LPIA,TGO,2014,0,NA,
NART.1.Q4.M.LPIA,TGO,2014,1.004500031471252,,
NART.3.Q3,TGO,2014,66.75216674804688,,
X.USCONST.2T3.FSGOV,TGO,2014,36.96783065795898,,
SLE.02.M,TGO,2014,.4395999908447266,,
NART.1.Q1.F.LPIA,TGO,2014,0,NA,
NART.3.RUR.Q3.M,TGO,2014,78.30549621582031,,
NART.3.Q4,TGO,2014,67.91470336914063,,
21511,TGO,2014,9449,,
NART.2.Q2.M,TGO,2014,86.10430908203125,,
NART.1.Q4.F.LPIA,TGO,2014,.995710015296936,,
XSPENDP.3.FDPUB.FNCUR,TGO,2014,98.63532257080078,,
41906,TGO,2014,6453,,
SAP.1.AGM1,TGO,2014,211908,,
25057,TGO,2014,21141,,
NERT.1.M.CP,TGO,2014,94.96302795410156,,
X.PPP.02.FSGOV,TGO,2014,6.577569961547852,,
NART.1.URB.F.WPIA,TGO,2014,0,NA,
NART.3.Q3.F.LPIA,TGO,2014,0,NA,
XSPENDP.4.FDPUB.FNCAP,TGO,2014,.250330001115799,,
NART.1.RUR.Q3.F,TGO,2014,89.34996032714844,,
NART.1.Q3.M,TGO,2014,91.28365325927734,,
999987,TGO,2014,19,,
41935,TGO,2014,24810,,
SAP.2T3,TGO,2014,1095106,,
NART.2.M.LPIA,TGO,2014,.936710000038147,,
NART.3.Q1,TGO,2014,55.99039077758789,,
NART.3.URB.Q2.GPIA,TGO,2014,0,NA,
REPR.2.G5.F.CP,TGO,2014,0,NA,
REPR.1.CP,TGO,2014,9.355589866638184,,
SAP.CE.M,TGO,2014,904286,,
NART.3.URB.M,TGO,2014,78.43907165527344,,
NART.1.Q3.LPIA,TGO,2014,.9413300156593323,,
NART.2.Q1.M,TGO,2014,80.93138885498047,,
21500,TGO,2014,12380,,
NART.3.RUR.Q1.F,TGO,2014,42.57680892944336,,
41936,TGO,2014,20776,,
XSPENDP.02.FDPUB.FNS,TGO,2014,94.78421783447266,,
NART.1.RUR.Q5.GPIA,TGO,2014,0,NA,
X.US.FSGOV,TGO,2014,218.8925170898438,,
XSPENDP.5T8.FDPUB.FNS,TGO,2014,59.60074996948242,,
NART.1.M.LPIA,TGO,2014,.9139299988746643,,
X.PPP.2T3.FSGOV,TGO,2014,79.37637329101563,,
NART.3.URB.Q3,TGO,2014,66.72820281982422,,
XSPENDP.FDPUB.FNNTS,TGO,2014,11.39704990386963,,
NART.1.URB.WPIA,TGO,2014,.7748200297355652,,
XSPENDP.4.FDPUB.FNCUR,TGO,2014,99.74967193603516,,
XSPENDP.2.FDPUB.FNS,TGO,2014,84.14330291748047,,
REPR.1.G5.CP,TGO,2014,13.65958976745605,,
NART.2.Q5,TGO,2014,87.29546356201172,,
NART.2.F.LPIA,TGO,2014,.9460499882698059,,
NART.2.URB,TGO,2014,87.76133728027344,,
21506,TGO,2014,29047,,
NART.3.URB.Q1,TGO,2014,0,NA,
999977,TGO,2014,16,,
NART.3.Q3.M,TGO,2014,78.0341796875,,
SAP.02,TGO,2014,657601,,
20060,TGO,2014,96957,,
NART.3.URB.F,TGO,2014,56.34085083007813,,
OE.5T8.40530,TGO,2014,47,,
NART.3.RUR.M,TGO,2014,71.67062377929688,,
41918,TGO,2014,11440,,
NART.1.LPIA,TGO,2014,.8865000009536743,,
REPR.1.G3.CP,TGO,2014,5.089890003204346,,
NART.2.RUR.Q4,TGO,2014,93.09915924072266,,
REPR.1.G3.M.CP,TGO,2014,5.121439933776855,,
NART.3.URB.Q3.F,TGO,2014,0,NA,
X.USCONST.3.FSGOV,TGO,2014,18.97447967529297,,
NART.3.F.LPIA,TGO,2014,.8813199996948242,,
NART.1.URB.Q5.F,TGO,2014,96.47606658935547,,
NART.2.URB.Q3.GPIA,TGO,2014,.9053300023078918,,
NART.3.Q2.M,TGO,2014,72.42041015625,,
NART.2.Q3.M.LPIA,TGO,2014,1.057170033454895,,
SLE.02.GPIA,TGO,2014,1.038030028343201,,
SAP.2.G1,TGO,2014,171510,,
NART.2.RUR.Q2.M,TGO,2014,86.19756317138672,,
NART.3.RUR.F.WPIA,TGO,2014,0,NA,
NART.2.RUR.Q2,TGO,2014,83.08699798583984,,
25003,TGO,2014,4415,,
NART.3.RUR.Q2.GPIA,TGO,2014,.6605499982833862,,
NART.3.Q5.LPIA,TGO,2014,0,NA,
10403,TGO,2014,10,,
999976,TGO,2014,4,,
X.USCONST.02.FSGOV,TGO,2014,3.063359975814819,,
MOR.5T8.40535,TGO,2014,.0055700000375509,,
SLE.02.F,TGO,2014,.4569799900054932,,
REPR.2.G1.M.CP,TGO,2014,17.97190093994141,,
MOR.5T8.40515,TGO,2014,.0155899999663234,,UIS_EST
SAP.1.G1,TGO,2014,205984,,
X.PPP.4.FSGOV,TGO,2014,1.89260995388031,,
42637,TGO,2014,793,,
NART.1.Q5.LPIA,TGO,2014,0,NA,
NART.1.RUR.Q1,TGO,2014,79.75142669677734,,
NART.1.URB.Q4.M,TGO,2014,96.53695678710938,,
42654,TGO,2014,58128,,
41931,TGO,2014,37928,,
NART.3.URB.Q1.M,TGO,2014,0,NA,
NART.1.Q4.M,TGO,2014,96.65016937255859,,
NART.2.F,TGO,2014,81.13701629638672,,
41920,TGO,2014,0,NA,
999988,TGO,2014,2,,
NART.2.Q3.M,TGO,2014,90.26801300048828,,
NART.2.Q4.F.LPIA,TGO,2014,1.001469969749451,,
NART.3.URB.Q2.M,TGO,2014,0,NA,
42617,TGO,2014,2457,,
SAP.5T8.M,TGO,2014,336386,,
SLE.5T8.M,TGO,2014,.8233699798583984,,
26468,TGO,2014,0,NA,
41917,TGO,2014,15025,,
404,TGO,2014,6,,
NART.2.URB.Q1.GPIA,TGO,2014,0,NA,
REPR.1.G4.CP,TGO,2014,13.42169952392578,,
REPR.1.G7.CP,TGO,2014,0,NA,
NART.2.URB.Q4.GPIA,TGO,2014,.9645500183105469,,
X.US.2.FSGOV,TGO,2014,18.64105033874512,,
NART.2.URB.Q5.GPIA,TGO,2014,.8636800050735474,,
NART.1.Q4.GPIA,TGO,2014,1.001610040664673,,
NART.2.URB.Q2.GPIA,TGO,2014,0,NA,
NART.1.URB.GPIA,TGO,2014,1.002609968185425,,
GTVP.4.GPV,TGO,2014,0,NA,
NART.2.URB.Q1,TGO,2014,85.91293334960938,,
NART.1.RUR.Q1.M,TGO,2014,83.30081176757813,,
NART.2.URB.M.WPIA,TGO,2014,0,NA,
MOR.5T8.40520,TGO,2014,.0343700014054775,,UIS_EST
NART.1.Q2.M,TGO,2014,88.30381774902344,,
SAP.3.F,TGO,2014,218092,,
MOR.5T8.40525,TGO,2014,.8561400175094604,,UIS_EST
21517,TGO,2014,76149,,
NART.1.Q5.F.LPIA,TGO,2014,0,NA,
SAP.5T8.F,TGO,2014,329938,,
REPR.1.G7.M.CP,TGO,2014,0,NA,
NART.2.RUR.Q5.GPIA,TGO,2014,0,NA,
NART.1.URB.Q2.M,TGO,2014,0,NA,
NART.1.RUR.Q4,TGO,2014,96.74083709716797,,
XSPENDP.2T3.FDPUB.FNTS,TGO,2014,72.48371124267578,,
NART.1.Q2,TGO,2014,85.10182952880859,,
NART.2.RUR.Q3.F,TGO,2014,85.58941650390625,,
NART.2.Q3.GPIA,TGO,2014,.9402499794960022,,
NART.2.RUR.Q4.F,TGO,2014,87.48194885253906,,
NART.2.Q1.GPIA,TGO,2014,.9144899845123291,,
NART.3.RUR.Q4.F,TGO,2014,62.59038925170898,,
NART.1.URB.Q3.GPIA,TGO,2014,1.078199982643127,,
MOR.5T8.40500,TGO,2014,3.372529983520508,,
40050,TGO,2014,0,NA,
NART.3.URB.Q2.F,TGO,2014,0,NA,
25055,TGO,2014,4270,,
NART.3.M.LPIA,TGO,2014,.9137099981307983,,
REPR.1.G7.F.CP,TGO,2014,0,NA,
REPR.1.G1.M.CP,TGO,2014,2.246840000152588,,
NART.3.URB.M.WPIA,TGO,2014,0,NA,
41919,TGO,2014,0,NA,
41925,TGO,2014,7361,,
NART.1.RUR.Q3.GPIA,TGO,2014,.9797300100326538,,
XGDP.2T4.V.FSGOV,TGO,2014,.2140499949455261,,
X.USCONST.UK.FSGOV,TGO,2014,0,NIL,
405,TGO,2014,2013,,
20062,TGO,2014,1413208,,
NART.3.RUR.Q4.M,TGO,2014,80.64463043212891,,
NART.3.RUR.M.WPIA,TGO,2014,0,NA,
X.PPPCONST.4.FSGOV,TGO,2014,2.155649900436401,,
NART.1.RUR.F,TGO,2014,82.69612121582031,,
NART.3.RUR.Q1.M,TGO,2014,63.7523193359375,,
41914,TGO,2014,82127,,
NART.2.URB.Q3.F,TGO,2014,77.45673370361328,,
41926,TGO,2014,9785,,
21514,TGO,2014,0,NIL,
NART.3,TGO,2014,63.92317962646484,,
NART.1.URB.Q5.GPIA,TGO,2014,.9862899780273438,,
REPR.2.G1.CP,TGO,2014,17.79063034057617,,
NART.3.F.WPIA,TGO,2014,.7829499840736389,,
XSPENDP.2T3.FDPUB.FNNONS,TGO,2014,17.06438064575195,,
NART.3.URB.Q4.F,TGO,2014,57.80958938598633,,
NART.2.URB.Q2.F,TGO,2014,0,NA,
299902,TGO,2014,3,,
NART.3.RUR.F,TGO,2014,49.65451049804688,,
NART.2.Q5.F.LPIA,TGO,2014,0,NA,
XSPENDP.2T3.FDPUB.FNNTS,TGO,2014,9.116129875183105,,
41937,TGO,2014,0,NA,
NART.2.F.WPIA,TGO,2014,.901419997215271,,
NART.1.Q3.M.LPIA,TGO,2014,.989359974861145,,
NART.1.Q2.F,TGO,2014,81.77015686035156,,
NART.2.Q1.F,TGO,2014,74.01059722900391,,
SAP.2.F,TGO,2014,324265,,
400,TGO,2014,10,,
REPR.2.G2.F.CP,TGO,2014,17.08313941955566,,
X.US.1.FSGOV,TGO,2014,129.0310974121094,,
XSPENDP.1.FDPUB.FNNTS,TGO,2014,9.654620170593262,,
NART.3.URB.Q3.GPIA,TGO,2014,0,NA,
NART.3.RUR.Q4,TGO,2014,72.1094970703125,,
42656,TGO,2014,3250,,
XSPENDP.1.FDPUB.FNCAP,TGO,2014,.4133000075817108,,
999974,TGO,2014,3,,
NART.1.RUR.M.WPIA,TGO,2014,0,NA,
MOR.5T8.40540,TGO,2014,3.445440053939819,,UIS_EST
NART.2.Q3.LPIA,TGO,2014,1.072829961776733,,
X.PPPCONST.2T3.FSGOV,TGO,2014,90.40841674804688,,
NART.1.URB.Q5.M,TGO,2014,97.81733703613281,,
NART.1.URB.Q1,TGO,2014,75.25028991699219,,
XSPENDP.2.FDPUB.FNNTS,TGO,2014,8.802249908447266,,
NART.2.RUR.Q1,TGO,2014,77.51232147216797,,
XSPENDP.2T3.FDPUB.FNBOOKS,TGO,2014,1.416149973869324,,
PRP.01,TGO,2014,0,NA,
XSPENDP.FDPUB.FNNONS,TGO,2014,11.13776016235352,,
XSPENDP.2T3.FDPUB.FNCUR,TGO,2014,98.66422271728516,,
X.PPPCONST.UK.FSGOV,TGO,2014,0,NIL,
NART.1.RUR.Q3,TGO,2014,90.28636169433594,,
NART.1.M,TGO,2014,90.26170349121094,,
XSPENDP.FDPUB.FNS,TGO,2014,86.55726623535156,,
REPR.1.M.CP,TGO,2014,9.333820343017578,,
NART.2.Q5.LPIA,TGO,2014,0,NA,
REPR.2.F.CP,TGO,2014,21.7480297088623,,
NART.2.RUR.Q4.M,TGO,2014,99.20243072509766,,
NART.1.RUR.Q3.M,TGO,2014,91.19879913330078,,
NART.3.Q3.GPIA,TGO,2014,.6975600123405457,,
NART.3.Q1.GPIA,TGO,2014,.6818400025367737,,
NERT.1.GPIA,TGO,2014,.9458600282669067,,
XSPENDP.4.FDPUB.FNTS,TGO,2014,22.0014705657959,,
REPR.1.G4.F.CP,TGO,2014,13.43303966522217,,
NART.3.RUR.Q5.F,TGO,2014,0,NA,
REPR.2.CP,TGO,2014,21.47481918334961,,
NART.2.URB.GPIA,TGO,2014,.9123799800872803,,
SAP.1,TGO,2014,1137000,,
NART.2.Q1.M.LPIA,TGO,2014,0,NA,
REPR.1.G5.M.CP,TGO,2014,13.44608974456787,,
XSPENDP.1.FDPUB.FNCUR,TGO,2014,99.58670043945313,,
999973,TGO,2014,3,,
SAP.1.GLAST.F,TGO,2014,87429,,
REPR.2.G4.F.CP,TGO,2014,31.1415901184082,,
NART.1.Q1.GPIA,TGO,2014,.9104599952697754,,
NART.2.RUR.Q3,TGO,2014,88.38687133789063,,
NART.1.Q3.F,TGO,2014,90.21833038330078,,
NART.3.Q1.M,TGO,2014,63.95431900024414,,
SAP.02.M,TGO,2014,330825,,
NART.2.RUR.M,TGO,2014,86.23404693603516,,
NART.1.RUR.Q2.M,TGO,2014,88.63365936279297,,
SAP.4.M,TGO,2014,139738,,
OE.5T8.40535,TGO,2014,4,,
XSPENDP.4.FDPUB.FNS,TGO,2014,24.44448089599609,,
NART.1.RUR.Q4.GPIA,TGO,2014,.9950000047683716,,
NART.3.RUR.Q5,TGO,2014,0,NA,
SAP.1.M,TGO,2014,573777,,
NART.2.URB.Q5.F,TGO,2014,82.45683288574219,,
NART.1.Q2.LPIA,TGO,2014,1.15120005607605,,
X.PPP.2T4.V.FSGOV,TGO,2014,27.5805606842041,,
NART.1.Q5.M.LPIA,TGO,2014,0,NA,
SAP.2T3.M,TGO,2014,552749,,
X.PPP.3.FSGOV,TGO,2014,40.74150848388672,,
NART.1.URB.Q3,TGO,2014,95.91380310058594,,
OE.5T8.40525,TGO,2014,615,,UIS_EST
40055,TGO,2014,96957,,
NART.1.Q2.F.LPIA,TGO,2014,0,NA,
41940,TGO,2014,90818,,
NART.2.Q4.F,TGO,2014,87.38353729248047,,
XSPENDP.5T8.FDPUB.FNNONS,TGO,2014,28.78730010986328,,
NART.3.RUR.Q3,TGO,2014,66.75475311279297,,
42620,TGO,2014,50635,,
XSPENDP.4.FDPUB.FNNTS,TGO,2014,2.443010091781616,,
PRP.1,TGO,2014,27.42802047729492,,
41909,TGO,2014,14906,,
41933,TGO,2014,27307,,
MOR.5T8.40505,TGO,2014,0,NIL,
NART.1.RUR.Q2,TGO,2014,85.30506134033203,,
NART.2.RUR.Q1.GPIA,TGO,2014,.9128199815750122,,
NART.2.WPIA,TGO,2014,.8900899887084961,,
X.PPPCONST.2.FSGOV,TGO,2014,44.00448989868164,,
NART.3.URB.Q1.GPIA,TGO,2014,0,NA,
SAP.1.GLAST.M,TGO,2014,89224,,
21507,TGO,2014,14141,,
NART.1.RUR.Q1.GPIA,TGO,2014,.9093999862670898,,
REPR.2.G2.M.CP,TGO,2014,17.40846061706543,,
NART.1.Q2.GPIA,TGO,2014,.9260100126266479,,
NART.2.RUR.F.WPIA,TGO,2014,0,NA,
41915,TGO,2014,15861,,
SAP.CE,TGO,2014,1791774,,
X.PPPCONST.5T8.FSGOV,TGO,2014,112.0730895996094,,
NART.2.RUR.Q1.M,TGO,2014,80.79862976074219,,
NART.3.Q1.LPIA,TGO,2014,0,NA,
REPR.2.G5.CP,TGO,2014,0,NA,
XSPENDP.1.FDPUB.FNTS,TGO,2014,85.15212249755859,,
41939,TGO,2014,0,NIL,
NART.1.RUR.Q2.F,TGO,2014,81.84358978271484,,
XSPENDP.2T3.FDPUB.FNS,TGO,2014,81.59983825683594,,
SAP.1.AGM1.M,TGO,2014,106665,,
21516,TGO,2014,158276,,
X.USCONST.1.FSGOV,TGO,2014,124.5478286743164,,
XSPENDP.FDPUB.FNTS,TGO,2014,75.16020965576172,,
NART.3.Q4.LPIA,TGO,2014,1.072550058364868,,
SAP.3,TGO,2014,440332,,
NART.3.Q5.F,TGO,2014,55.69543075561523,,
X.US.4.FSGOV,TGO,2014,.9131699800491333,,
OFST.1.F.CP,TGO,2014,57329,,
REPR.1.G1.CP,TGO,2014,2.183239936828613,,
20063,TGO,2014,684021,,
NART.3.RUR.Q2,TGO,2014,61.77005004882813,,
PRP.5T8,TGO,2014,20.04011917114258,,
XSPENDP.1.FDPUB.FNBOOKS,TGO,2014,.2624000012874603,,
NART.2.URB.WPIA,TGO,2014,.9801300168037415,,
NART.1.F.LPIA,TGO,2014,.8574000000953674,,
42099,TGO,2014,28847,,
NART.3.URB,TGO,2014,66.64302062988281,,
NART.1.RUR,TGO,2014,85.39418029785156,,
NART.2.URB.Q3,TGO,2014,81.94965362548828,,
SLE.5T8.GPIA,TGO,2014,.4104300141334534,,
41924,TGO,2014,11446,,
NART.1.RUR.GPIA,TGO,2014,.9405999779701233,,
NART.3.URB.F.WPIA,TGO,2014,0,NA,
REPR.2.G5.M.CP,TGO,2014,0,NA,
41910,TGO,2014,14308,,
NART.3.Q5,TGO,2014,66.73890686035156,,
THDUR.2T3,TGO,2014,7,,
NART.1.URB.Q1.F,TGO,2014,0,NA,
OE.5T8.40505,TGO,2014,0,NIL,
SAP.CE.F,TGO,2014,887488,,
XSPENDP.2.FDPUB.FNNONS,TGO,2014,14.55150985717773,,
406,TGO,2014,2014,,
NART.3.M.WPIA,TGO,2014,.7671599984169006,,
10404,TGO,2014,8,,
40035,TGO,2014,729187,,
REPR.2.G3.CP,TGO,2014,25.74296951293945,,
NART.2.Q2.F.LPIA,TGO,2014,0,NA,
REPR.2.G3.M.CP,TGO,2014,25.85174942016602,,
XSPENDP.3.FDPUB.FNNONS,TGO,2014,19.43938064575195,,
REPR.1.G2.M.CP,TGO,2014,13.19406032562256,,
NART.2.URB.Q4.M,TGO,2014,90.56371307373047,,
NART.2.RUR.F,TGO,2014,79.46357727050781,,
NART.3.URB.Q5.GPIA,TGO,2014,.6699000000953674,,
SLE.1.M,TGO,2014,7.818059921264648,,
NERT.1.F.CP,TGO,2014,89.82125854492188,,
SAP.2,TGO,2014,654774,,
NART.2.Q4.LPIA,TGO,2014,1.043540000915527,,
13,TGO,2014,0,NA,
NART.2.URB.Q5.M,TGO,2014,95.47160339355469,,
NART.3.URB.Q2,TGO,2014,0,NA,
43617,TGO,2014,4137,,
XSPENDP.5T8.FDPUB.FNTS,TGO,2014,37.700439453125,,
42635,TGO,2014,15922,,
GER.1.F,TGO,2014,121.4476318359375,,
21509,TGO,2014,13501,,
42619,TGO,2014,731,,
NART.3.RUR.Q3.GPIA,TGO,2014,.692330002784729,,
NART.2.Q3.F,TGO,2014,84.87432861328125,,
NART.3.URB.GPIA,TGO,2014,.718280017375946,,
SAP.3.M,TGO,2014,222240,,
42614,TGO,2014,5241,,
XSPENDP.2.FDPUB.FNCUR,TGO,2014,98.69480133056641,,
NART.2.URB.Q2,TGO,2014,0,NA,
X.US.UK.FSGOV,TGO,2014,0,NIL,
NART.3.RUR,TGO,2014,62.08810043334961,,
NART.2.URB.Q2.M,TGO,2014,0,NA,
SAP.0.M,TGO,2014,330825,,
REPR.2.G4.CP,TGO,2014,27.98501968383789,,
NART.3.Q4.F.LPIA,TGO,2014,1.076380014419556,,
SAP.2.G1.F,TGO,2014,84895,,
NART.1.URB.Q5,TGO,2014,97.12016296386719,,
NART.2.Q4,TGO,2014,89.92224884033203,,
XSPENDP.02.FDPUB.FNCUR,TGO,2014,99.67034912109375,,
NART.1.Q1.LPIA,TGO,2014,1.056439995765686,,
X.PPP.5T8.FSGOV,TGO,2014,98.39742279052734,,
NART.2.URB.Q5,TGO,2014,87.65461730957031,,
NART.1.Q4.LPIA,TGO,2014,1.000169992446899,,
NART.1.GPIA,TGO,2014,.9628499746322632,,
21508,TGO,2014,27809,,
REPR.1.G5.F.CP,TGO,2014,13.88799953460693,,
MOR.5T8.40510,TGO,2014,7.795119762420654,,UIS_EST
21504,TGO,2014,33171,,
NART.1.RUR.F.WPIA,TGO,2014,0,NA,
X.PPPCONST.02.FSGOV,TGO,2014,7.491740226745605,,
XSPENDP.3.FDPUB.FNS,TGO,2014,79.19593811035156,,
21503,TGO,2014,17277,,
41934,TGO,2014,17925,,
X.PPPCONST.3.FSGOV,TGO,2014,46.4039306640625,,
XSPENDP.02.FDPUB.FNCUR,TGO,2015,99.25272369384766,,
SLE.02.GPIA,TGO,2015,1.035509943962097,,
41937,TGO,2015,0,NA,
41910,TGO,2015,14349,,
41935,TGO,2015,24384,,
SAP.0.M,TGO,2015,337973,,
SAP.2.F,TGO,2015,333730,,
XSPENDP.2.FDPUB.FNCAP,TGO,2015,3.153709888458252,,
X.USCONST.1.FSGOV,TGO,2015,153.8011627197266,,
OE.5T8.40510,TGO,2015,6492,,
299932,TGO,2015,6,,
X.USCONST.UK.FSGOV,TGO,2015,0,NIL,
XSPENDP.FDPUB.FNCUR,TGO,2015,97.48253631591797,,
NERT.1.CP,TGO,2015,94.20488739013672,,
ILLPOP.AG15T24.M,TGO,2015,73928,,
MOR.5T8.40535,TGO,2015,.0106600001454353,,
ILLPOP.AG15T99.M,TGO,2015,490630,,
ILLPOP.AG15T24.F,TGO,2015,151801,,
SLE.5T8.F,TGO,2015,.3553799986839294,,
999973,TGO,2015,3,,
X.USCONST.3.FSGOV,TGO,2015,20.84490966796875,,
ILLPOP.AG15T24.RUR.M,TGO,2015,62190,,
XSPENDP.02.FDPUB.FNNTS,TGO,2015,9.792309761047363,,
21507,TGO,2015,15027,,
XSPENDP.1.FDPUB.FNCUR,TGO,2015,99.25061798095703,,
X.PPPCONST.UK.FSGOV,TGO,2015,0,NIL,
41940,TGO,2015,87337,,
X.USCONST.2T4.V.FSGOV,TGO,2015,14.28300952911377,,
X.PPPCONST.1.FSGOV,TGO,2015,376.1356811523438,,
999977,TGO,2015,16,,
X.US.2.FSGOV,TGO,2015,16.07619094848633,,
SAP.1.G1.F,TGO,2015,104647,,
XSPENDP.5T8.FDPUB.FNNTS,TGO,2015,30.30771064758301,,
XSPENDP.2T3.FDPUB.FNBOOKS,TGO,2015,1.380949974060059,,
X.PPP.3.FSGOV,TGO,2015,45.67892074584961,,
X.USCONST.2.FSGOV,TGO,2015,17.95557975769043,,
SAP.2,TGO,2015,674231,,
999976,TGO,2015,4,,
X.USCONST.FSGOV,TGO,2015,238.552978515625,,
ILLPOPF.AG15T99.URB,TGO,2015,76.06855010986328,,
21511,TGO,2015,9604,,
25007,TGO,2015,255,,
10406,TGO,2015,2015,,
XSPENDP.1.FDPUB.FNNTS,TGO,2015,9.792300224304199,,
XSPENDP.FDPUB.FNNTS,TGO,2015,12.45853042602539,,
REPR.2.F.CP,TGO,2015,21.86100006103516,,
ILLPOPF.AG15T24.RUR,TGO,2015,63.69850158691406,,
XSPENDP.3.FDPUB.FNNONS,TGO,2015,17.9576301574707,,
XSPENDP.5T8.FDPUB.FNTS,TGO,2015,53.37298965454102,,
X.US.5T8.FSGOV,TGO,2015,37.0063591003418,,
SAP.4.M,TGO,2015,142586,,
ILLPOPF.AG15T24,TGO,2015,67.24928283691406,,
OE.5T8.40525,TGO,2015,631,,UIS_EST
X.PPPCONST.2.FSGOV,TGO,2015,43.912109375,,
41928,TGO,2015,0,NA,
REPR.1.G7.CP,TGO,2015,0,NA,
40054,TGO,2015,0,NA,
41929,TGO,2015,0,NA,
MOR.5T8.40520,TGO,2015,.0436800010502338,,UIS_EST
SAP.1,TGO,2015,1168260,,
42635,TGO,2015,17660,,
X.US.FSGOV,TGO,2015,213.5838928222656,,
41930,TGO,2015,0,NIL,
SAP.0,TGO,2015,671767,,
REPR.2.G1.M.CP,TGO,2015,19.14624977111816,,
SAP.1.M,TGO,2015,589622,,
21514,TGO,2015,0,NIL,
REPR.2.G4.CP,TGO,2015,28.70896911621094,,
ILLPOP.AG15T24.RUR,TGO,2015,171315,,
REPR.2.G3.F.CP,TGO,2015,24.57694053649902,,
40055,TGO,2015,115105,,
XSPENDP.2.FDPUB.FNCUR,TGO,2015,96.84629058837891,,
ILLPOPF.AG15T24.URB,TGO,2015,78.42845916748047,,
X.PPPCONST.FSGOV,TGO,2015,583.4044189453125,,
X.US.3.FSGOV,TGO,2015,18.66309928894043,,
40035,TGO,2015,769599,,
XSPENDP.1.FDPUB.FNTS,TGO,2015,85.19423675537109,,
XSPENDP.3.FDPUB.FNS,TGO,2015,76.45216369628906,,
MOR.5T8.40540,TGO,2015,3.221549987792969,,UIS_EST
ILLPOP.AG15T99.RUR.F,TGO,2015,760334,,
GTVP.4.GPV,TGO,2015,0,NA,
XSPENDP.2T3.FDPUB.FNNONS,TGO,2015,16.14032936096191,,
XSPENDP.FDPUB.FNTS,TGO,2015,78.04174041748047,,
20061,TGO,2015,58235,,
ILLPOP.AG15T99,TGO,2015,1542971,,
MOR.5T8.40510,TGO,2015,8.65110969543457,,
10405,TGO,2015,2014,,
42617,TGO,2015,2863,,
X.PPP.UK.FSGOV,TGO,2015,0,NIL,
13,TGO,2015,0,NA,
SLE.1,TGO,2015,7.816020011901855,,
41911,TGO,2015,9608,,
X.PPP.2T4.V.FSGOV,TGO,2015,31.29936981201172,,
21503,TGO,2015,16595,,
OFST.1.CP,TGO,2015,67702,,
OFST.1.M.CP,TGO,2015,19922,,
21515,TGO,2015,0,NIL,
GER.1.GPIA,TGO,2015,.9648500084877014,,
41938,TGO,2015,0,NA,
X.USCONST.2T3.FSGOV,TGO,2015,38.80049133300781,,
21505,TGO,2015,6116,,
41919,TGO,2015,0,NA,
NERT.1.GPIA,TGO,2015,.9495099782943726,,
20163,TGO,2015,5366,,
ILLPOP.AG15T99.URB.F,TGO,2015,292007,,
X.PPPCONST.3.FSGOV,TGO,2015,50.9782600402832,,
299902,TGO,2015,3,,
40033,TGO,2015,56870,,
XSPENDP.2T3.FDPUB.FNCUR,TGO,2015,95.531982421875,,
405,TGO,2015,2014,,
PRP.0,TGO,2015,31.64068031311035,,
41917,TGO,2015,14819,,
SLE.1.M,TGO,2015,7.950560092926025,,
41918,TGO,2015,12113,,
SLE.1.GPIA,TGO,2015,.9658100008964539,,
XSPENDP.02.FDPUB.FNTS,TGO,2015,85.13101959228516,,
XGDP.2.FSGOV,TGO,2015,.2829599976539612,,
21513,TGO,2015,0,NA,
XGDP.1.FSGOV,TGO,2015,2.423719882965088,,
REPR.1.G7.M.CP,TGO,2015,0,NA,
X.PPPCONST.4.FSGOV,TGO,2015,2.03715991973877,,
SAP.2.M,TGO,2015,340501,,
SAP.1.G1.M,TGO,2015,106260,,
NERT.1.M.CP,TGO,2015,96.62123107910156,,
X.US.UK.FSGOV,TGO,2015,0,NIL,
SAP.5T8,TGO,2015,679809,,
X.PPP.5T8.FSGOV,TGO,2015,90.57502746582031,,
SAP.1.F,TGO,2015,578638,,
XSPENDP.4.FDPUB.FNS,TGO,2015,24.75173950195313,,
SAP.0.F,TGO,2015,333794,,
20063,TGO,2015,728713,,
21500,TGO,2015,6297,,
SAP.3.F,TGO,2015,223378,,
XSPENDP.5T8.FDPUB.FNS,TGO,2015,83.68070983886719,,
SLE.5T8.GPIA,TGO,2015,.4208199977874756,,
REPR.2.G5.M.CP,TGO,2015,0,NA,
26468,TGO,2015,0,NA,
41914,TGO,2015,68061,,
400,TGO,2015,10,,
SLE.02.M,TGO,2015,.504800021648407,,
XSPENDP.4.FDPUB.FNNTS,TGO,2015,2.657210111618042,,
GER.1.F,TGO,2015,125.9358978271484,,
PRP.02,TGO,2015,31.64068031311035,,
999974,TGO,2015,3,,
10,TGO,2015,0,NA,
ILLPOP.AG15T24,TGO,2015,225728,,
41925,TGO,2015,7233,,
X.US.2T4.V.FSGOV,TGO,2015,12.78802013397217,,
THDUR.2T3,TGO,2015,7,,
X.PPP.4.FSGOV,TGO,2015,1.825389981269836,,
25003,TGO,2015,4245,,
XSPENDP.5T8.FDPUB.FNCAP,TGO,2015,9.016300201416016,,
X.US.1.FSGOV,TGO,2015,137.7029571533203,,
ILLPOP.AG15T24.URB.M,TGO,2015,11738,,
REPR.2.G4.F.CP,TGO,2015,32.78614044189453,,
PRP.01,TGO,2015,0,NA,
999987,TGO,2015,19,,
SAP.1.AGM1.M,TGO,2015,109780,,
REPR.1.F.CP,TGO,2015,7.885960102081299,,
GER.1.M,TGO,2015,130.5241241455078,,
SAP.CE.M,TGO,2015,930123,,
42116,TGO,2015,0,NA,
SAP.1.GLAST.M,TGO,2015,91367,,
20062,TGO,2015,1498312,,
25056,TGO,2015,173,,
42096,TGO,2015,0,NA,
MOR.5T8.40505,TGO,2015,0,NIL,
21517,TGO,2015,64153,,
X.PPPCONST.5T8.FSGOV,TGO,2015,101.082878112793,,
41908,TGO,2015,6480,,
999978,TGO,2015,3,,
SAP.1.AGM1.F,TGO,2015,108336,,
21508,TGO,2015,28202,,
OE.5T8.40535,TGO,2015,8,,
42619,TGO,2015,802,,
REPR.1.G7.F.CP,TGO,2015,0,NA,
42656,TGO,2015,3745,,
REPR.1.M.CP,TGO,2015,7.929059982299805,,
SAP.02.F,TGO,2015,333794,,
XSPENDP.02.FDPUB.FNS,TGO,2015,94.92333221435547,,
SAP.2T3.F,TGO,2015,557108,,
42099,TGO,2015,28525,,
20160,TGO,2015,3752,,
ILLPOP.AG15T24.RUR.F,TGO,2015,109125,,
X.PPP.2.FSGOV,TGO,2015,39.34732818603516,,
21502,TGO,2015,35258,,
XSPENDP.2T3.FDPUB.FNNTS,TGO,2015,9.108880043029785,,
REPR.2.G1.CP,TGO,2015,19.0124397277832,,
X.PPP.1.FSGOV,TGO,2015,337.0353088378906,,
XSPENDP.2T3.FDPUB.FNTS,TGO,2015,70.28276062011719,,
XSPENDP.2.FDPUB.FNS,TGO,2015,82.83441162109375,,
SLE.02.F,TGO,2015,.523389995098114,,
MOR.5T8.40530,TGO,2015,.0799499973654747,,
REPR.2.G2.F.CP,TGO,2015,15.42784976959229,,
41916,TGO,2015,10322,,
XSPENDP.2T3.FDPUB.FNS,TGO,2015,79.39164733886719,,
SAP.4,TGO,2015,282270,,
41933,TGO,2015,23500,,
REPR.2.G5.CP,TGO,2015,0,NA,
XSPENDP.3.FDPUB.FNCUR,TGO,2015,94.4097900390625,,
20162,TGO,2015,33891,,
X.US.2T3.FSGOV,TGO,2015,34.73928833007813,,
FTP.1,TGO,2015,15.83310985565186,,
MOR.5T8.40525,TGO,2015,.8401600122451782,,UIS_EST
42614,TGO,2015,4215,,
XSPENDP.1.FDPUB.FNCAP,TGO,2015,.7493799924850464,,
REPR.2.M.CP,TGO,2015,21.0014705657959,,
ILLPOP.AG15T99.RUR.M,TGO,2015,398764,,
OE.5T8.40530,TGO,2015,60,,
XGDP.5T8.FSGOV,TGO,2015,.6513500213623047,,
40051,TGO,2015,58235,,
SAP.CE.F,TGO,2015,912368,,
OFST.1.F.CP,TGO,2015,47780,,
41906,TGO,2015,3339,,
41921,TGO,2015,0,NIL,
20161,TGO,2015,3567,,
42110,TGO,2015,0,NA,
X.US.02.FSGOV,TGO,2015,3.389470100402832,,
XSPENDP.2.FDPUB.FNNTS,TGO,2015,9.140139579772949,,
REPR.2.G2.M.CP,TGO,2015,15.86991024017334,,
SAP.1.GLAST.F,TGO,2015,89470,,
REPR.2.CP,TGO,2015,21.3657398223877,,
SAP.CE,TGO,2015,1842491,,
X.PPPCONST.2T3.FSGOV,TGO,2015,94.89037322998047,,
REPR.2.G3.CP,TGO,2015,24.63508033752441,,
SLE.1.F,TGO,2015,7.678709983825684,,
XSPENDP.FDPUB.FNS,TGO,2015,90.50026702880859,,
MOR.5T8.40500,TGO,2015,4.432459831237793,,
XSPENDP.2.FDPUB.FNNONS,TGO,2015,14.01187992095947,,
XSPENDP.5T8.FDPUB.FNCUR,TGO,2015,90.98370361328125,,
41924,TGO,2015,10082,,
41922,TGO,2015,50672,,
404,TGO,2015,6,,
25053,TGO,2015,75045,,
41920,TGO,2015,0,NA,
25055,TGO,2015,3658,,
REPR.2.G1.F.CP,TGO,2015,18.84465980529785,,
X.US.4.FSGOV,TGO,2015,.7458000183105469,,
REPR.1.CP,TGO,2015,7.908100128173828,,
OE.5T8.40505,TGO,2015,0,NIL,
43617,TGO,2015,3990,,
X.PPP.02.FSGOV,TGO,2015,8.295909881591797,,
ILLPOPF.AG15T99,TGO,2015,68.20223999023438,,
42620,TGO,2015,52672,,
21510,TGO,2015,19212,,
25052,TGO,2015,975,,
XSPENDP.4.FDPUB.FNCAP,TGO,2015,.7434800267219543,,
40032,TGO,2015,0,NA,
403,TGO,2015,9,,
XSPENDP.3.FDPUB.FNNTS,TGO,2015,9.082189559936523,,
XSPENDP.5T8.FDPUB.FNNONS,TGO,2015,7.302989959716797,,
XSPENDP.02.FDPUB.FNNONS,TGO,2015,4.329390048980713,,
SAP.2.G1.M,TGO,2015,89055,,
ILLPOP.AG15T99.URB,TGO,2015,383874,,
SLE.5T8.M,TGO,2015,.8444799780845642,,
41913,TGO,2015,0,NIL,
SAP.02,TGO,2015,671767,,
XGDP.2T4.V.FSGOV,TGO,2015,.2250799983739853,,
MOR.5T8.40515,TGO,2015,.0226499997079372,,UIS_EST
ILLPOP.AG15T99.RUR,TGO,2015,1159098,,
OE.5T8.40515,TGO,2015,17,,UIS_EST
SAP.1.AGM1,TGO,2015,218116,,
41907,TGO,2015,18663,,
21516,TGO,2015,132214,,
401,TGO,2015,6,,
XSPENDP.3.FDPUB.FNCAP,TGO,2015,5.5902099609375,,
299905,TGO,2015,6,,
NERT.1.F.CP,TGO,2015,91.74268341064453,,
XGDP.2T3.FSGOV,TGO,2015,.6114500164985657,,
XSPENDP.FDPUB.FNCAP,TGO,2015,2.517460107803345,,
SAP.2.G1.F,TGO,2015,87222,,
XGDP.4.FSGOV,TGO,2015,.0131299998611212,,
XSPENDP.1.FDPUB.FNS,TGO,2015,94.98654174804688,,
XSPENDP.3.FDPUB.FNTS,TGO,2015,67.36997222900391,,
ILLPOP.AG15T24.URB.F,TGO,2015,42676,,
FTP.02,TGO,2015,95.06929779052734,,
SAP.1.G1,TGO,2015,210907,,
SLE.02,TGO,2015,.5140399932861328,,
ILLPOP.AG15T99.URB.M,TGO,2015,91866,,
REPR.2.G2.CP,TGO,2015,15.68206024169922,,
XSPENDP.4.FDPUB.FNTS,TGO,2015,22.09453010559082,,
SAP.3.M,TGO,2015,227756,,
20060,TGO,2015,115105,,
XSPENDP.FDPUB.FNNONS,TGO,2015,6.982269763946533,,
OE.5T8.40540,TGO,2015,2418,,UIS_EST
41931,TGO,2015,36665,,
40034,TGO,2015,56870,,
X.USCONST.4.FSGOV,TGO,2015,.8329899907112122,,
ILLPOP.AG15T99.F,TGO,2015,1052341,,
SAP.5T8.F,TGO,2015,336460,,
21509,TGO,2015,13853,,
10403,TGO,2015,10,,
41912,TGO,2015,0,NA,
XSPENDP.4.FDPUB.FNCUR,TGO,2015,99.25652313232422,,
XSPENDP.1.FDPUB.FNBOOKS,TGO,2015,.216729998588562,,
ILLPOP.AG15T24.URB,TGO,2015,54414,,
41915,TGO,2015,13418,,
SAP.2T3,TGO,2015,1125365,,
XGDP.02.FSGOV,TGO,2015,.0596599988639355,,
SAP.5T8.M,TGO,2015,343349,,
999988,TGO,2015,2,,
X.USCONST.02.FSGOV,TGO,2015,3.785720109939575,,
41939,TGO,2015,0,NIL,
42097,TGO,2015,185,,
REPR.2.G3.M.CP,TGO,2015,24.67506980895996,,
42615,TGO,2015,44792,,
X.USCONST.5T8.FSGOV,TGO,2015,41.33259963989258,,
XSPENDP.02.FDPUB.FNCAP,TGO,2015,.7472800016403198,,
25051,TGO,2015,7873,,
X.PPP.2T3.FSGOV,TGO,2015,85.02625274658203,,
41934,TGO,2015,17555,,
SAP.3,TGO,2015,451134,,
41909,TGO,2015,15622,,
OE.5T8.40500,TGO,2015,3326,,
SAP.2T3.M,TGO,2015,568257,,
21512,TGO,2015,0,NA,
42654,TGO,2015,62452,,
X.PPPCONST.2T4.V.FSGOV,TGO,2015,34.93048858642578,,
41927,TGO,2015,9785,,
SAP.2.G1,TGO,2015,176277,,
XGDP.3.FSGOV,TGO,2015,.3284899890422821,,
999975,TGO,2015,12,,
OE.5T8.40520,TGO,2015,33,,UIS_EST
GER.1,TGO,2015,128.2515869140625,,
X.PPPCONST.02.FSGOV,TGO,2015,9.258339881896973,,
SAP.02.M,TGO,2015,337973,,
FTP.5T8,TGO,2015,6.007070064544678,,
XSPENDP.2T3.FDPUB.FNCAP,TGO,2015,4.468019962310791,,
406,TGO,2015,2015,,
SAP.4.F,TGO,2015,139684,,
21501,TGO,2015,2958,,
299929,TGO,2015,3,,
ILLPOPF.AG15T99.RUR,TGO,2015,65.59705352783203,,
41936,TGO,2015,21898,,
XSPENDP.1.FDPUB.FNNONS,TGO,2015,4.264080047607422,,
SLE.5T8,TGO,2015,.6021900177001953,,
10404,TGO,2015,8,,
40050,TGO,2015,0,NA,
REPR.2.G4.M.CP,TGO,2015,25.90732955932617,,
REPR.2.G5.F.CP,TGO,2015,0,NA,
21506,TGO,2015,30649,,
XSPENDP.4.FDPUB.FNNONS,TGO,2015,74.50478363037109,,
SAP.1.GLAST,TGO,2015,180837,,
41926,TGO,2015,9565,,
XSPENDP.2.FDPUB.FNTS,TGO,2015,73.69426727294922,,
25057,TGO,2015,22373,,
42637,TGO,2015,882,,
X.PPP.FSGOV,TGO,2015,522.7578735351563,,
PRP.5T8,TGO,2015,20.88479995727539,,
21504,TGO,2015,12596,,
X.US.3.FSGOV,TGO,2016,19.03458976745605,,
X.PPP.2.FSGOV,TGO,2016,40.34701156616211,,
21512,TGO,2016,0,NA,
41912,TGO,2016,0,NA,
X.USCONST.5T8.FSGOV,TGO,2016,44.28268051147461,,
40050,TGO,2016,0,NA,
42656,TGO,2016,4219,,
REPR.2.G5.F.CP,TGO,2016,0,NA,
21514,TGO,2016,0,NIL,
REPR.2.G4.M.CP,TGO,2016,28.4824104309082,,
41927,TGO,2016,11484,,
SAP.1.AGM1.M,TGO,2016,112718,,
X.PPP.3.FSGOV,TGO,2016,46.31436920166016,,
REPR.2.G1.F.CP,TGO,2016,19.86359977722168,,
21505,TGO,2016,4641,,
X.USCONST.02.FSGOV,TGO,2016,3.903690099716187,,
20160,TGO,2016,4056,,
SAP.0.F,TGO,2016,338492,,
X.US.4.FSGOV,TGO,2016,.9012500047683716,,
21516,TGO,2016,118488,,
MOR.5T8.40530,TGO,2016,.0889300033450127,,
41906,TGO,2016,3131,,
21501,TGO,2016,2811,,
20062,TGO,2016,1498314.5,,
XSPENDP.1.FDPUB.FNNONS,TGO,2016,4.438590049743652,,
XSPENDP.2.FDPUB.FNCAP,TGO,2016,2.49183988571167,,
XSPENDP.5T8.FDPUB.FNTS,TGO,2016,53.19681167602539,,
OE.5T8.40540,TGO,2016,2495,,UIS_EST
41921,TGO,2016,0,NIL,
21515,TGO,2016,0,NIL,
999987,TGO,2016,19,,
42635,TGO,2016,21649,,
41908,TGO,2016,4904,,
SAP.0,TGO,2016,681373,,
X.US.5T8.FSGOV,TGO,2016,39.87458038330078,,
X.USCONST.2T3.FSGOV,TGO,2016,39.55408096313477,,
404,TGO,2016,7,,
PRP.1,TGO,2016,29.16604042053223,,
41919,TGO,2016,0,NA,
SLE.5T8,TGO,2016,.6709100008010864,,
X.PPPCONST.2T4.V.FSGOV,TGO,2016,36.08926010131836,,
41925,TGO,2016,7109,,
42637,TGO,2016,932,,
OE.5T8.40520,TGO,2016,39,,
400,TGO,2016,10,,
XSPENDP.2T3.FDPUB.FNCAP,TGO,2016,3.069629907608032,,
XSPENDP.5T8.FDPUB.FNCUR,TGO,2016,90.30361938476563,,
GER.1,TGO,2016,124.6898574829102,,
41938,TGO,2016,0,NA,
999973,TGO,2016,3,,
XSPENDP.FDPUB.FNNONS,TGO,2016,7.06673002243042,,
25007,TGO,2016,241,,
SAP.1.AGM1.F,TGO,2016,111221,,
999976,TGO,2016,4,,
SAP.5T8,TGO,2016,693441,,
X.PPP.FSGOV,TGO,2016,541.0286254882813,,
41914,TGO,2016,61022,,
41917,TGO,2016,15074,,
REPR.1.F.CP,TGO,2016,8.067899703979492,,
OE.5T8.40505,TGO,2016,0,NIL,
REPR.1.CP,TGO,2016,7.859499931335449,,
21507,TGO,2016,16325,,
REPR.2.F.CP,TGO,2016,23.27141952514648,,
SAP.1.GLAST,TGO,2016,184025,,
XSPENDP.02.FDPUB.FNNONS,TGO,2016,4.481800079345703,,
REPR.2.G2.F.CP,TGO,2016,15.64437007904053,,
X.PPPCONST.2.FSGOV,TGO,2016,45.03620910644531,,
25053,TGO,2016,85463,,
XSPENDP.1.FDPUB.FNCUR,TGO,2016,99.21453094482422,,
XSPENDP.4.FDPUB.FNNTS,TGO,2016,1.955399990081787,,
X.PPP.UK.FSGOV,TGO,2016,0,NIL,
XSPENDP.2T3.FDPUB.FNTS,TGO,2016,73.14980316162109,,
MOR.5T8.40525,TGO,2016,.7991799712181091,,
20162,TGO,2016,36194,,
XSPENDP.2T3.FDPUB.FNCUR,TGO,2016,96.93036651611328,,
GTVP.4.GPV,TGO,2016,0,NA,
41916,TGO,2016,9896,,
XSPENDP.1.FDPUB.FNTS,TGO,2016,85.46601867675781,,
SLE.1,TGO,2016,7.59991979598999,,
26468,TGO,2016,0,NA,
SAP.1.AGM1,TGO,2016,223939,,
MOR.5T8.40540,TGO,2016,2.919650077819824,,UIS_EST
SAP.1.G1,TGO,2016,217138,,
25057,TGO,2016,26228,,
21506,TGO,2016,33461,,
XSPENDP.3.FDPUB.FNS,TGO,2016,78.00679016113281,,
GER.1.M,TGO,2016,126.8998794555664,,
X.PPPCONST.2T3.FSGOV,TGO,2016,96.73332214355469,,
43617,TGO,2016,3515,,
42614,TGO,2016,3772,,
XSPENDP.5T8.FDPUB.FNNTS,TGO,2016,30.12671089172363,,
XSPENDP.2.FDPUB.FNTS,TGO,2016,76.7518310546875,,
SAP.1.F,TGO,2016,595171,,
THDUR.2T3,TGO,2016,7,,
X.PPPCONST.UK.FSGOV,TGO,2016,0,NIL,
SLE.5T8.F,TGO,2016,.4068999886512756,,
42619,TGO,2016,868,,
299902,TGO,2016,3,,
SAP.02.F,TGO,2016,338492,,
SAP.02.M,TGO,2016,342881,,
SLE.1.F,TGO,2016,7.466509819030762,,
SAP.2.G1.M,TGO,2016,91199,,
403,TGO,2016,10,,
SAP.1.GLAST.F,TGO,2016,91034,,
21511,TGO,2016,12495,,
SAP.2,TGO,2016,692644,,
21509,TGO,2016,5166,,
PRP.5T8,TGO,2016,20.35500907897949,,
REPR.1.G1.F.CP,TGO,2016,.7431100010871887,,
21508,TGO,2016,10401,,
XSPENDP.2T3.FDPUB.FNNONS,TGO,2016,15.86003971099854,,
25051,TGO,2016,7253,,
XSPENDP.1.FDPUB.FNS,TGO,2016,94.77593994140625,,
SAP.02,TGO,2016,681373,,
20063,TGO,2016,728714.9375,,
SAP.2T3.M,TGO,2016,584462,,
XSPENDP.02.FDPUB.FNNTS,TGO,2016,9.308950424194336,,
10404,TGO,2016,8,,
XSPENDP.2.FDPUB.FNNTS,TGO,2016,7.865349769592285,,
MOR.5T8.40515,TGO,2016,.032760001718998,,UIS_EST
XSPENDP.4.FDPUB.FNS,TGO,2016,18.84276008605957,,
NERT.1.GPIA,TGO,2016,.9496099948883057,,UIS_EST
21513,TGO,2016,0,NA,
X.US.2T3.FSGOV,TGO,2016,35.61668014526367,,
XSPENDP.02.FDPUB.FNCAP,TGO,2016,.7813699841499329,,
X.US.1.FSGOV,TGO,2016,142.4480133056641,,
XGDP.2.FSGOV,TGO,2016,.2749199867248535,,
21503,TGO,2016,16028,,
SAP.2.M,TGO,2016,349953,,
X.PPP.2T4.V.FSGOV,TGO,2016,32.33161926269531,,
OE.5T8.40515,TGO,2016,28,,UIS_EST
NERT.1.M.CP,TGO,2016,93.98886108398438,,UIS_EST
SAP.CE,TGO,2016,1894277,,
X.PPP.1.FSGOV,TGO,2016,346.5999755859375,,
MOR.5T8.40520,TGO,2016,.045499999076128,,
XGDP.2T3.FSGOV,TGO,2016,.5904999971389771,,
REPR.2.CP,TGO,2016,22.30352020263672,,
REPR.2.G5.M.CP,TGO,2016,0,NA,
XSPENDP.3.FDPUB.FNNTS,TGO,2016,7.968170166015625,,
41915,TGO,2016,15945,,
GER.1.GPIA,TGO,2016,.9648399949073792,,
XSPENDP.2.FDPUB.FNCUR,TGO,2016,97.50816345214844,,
SAP.1.G1.M,TGO,2016,109382,,
XSPENDP.5T8.FDPUB.FNCAP,TGO,2016,9.696379661560059,,
10406,TGO,2016,2016,,
42617,TGO,2016,3287,,
42099,TGO,2016,30340,,
OFST.1.F.CP,TGO,2016,63964,,UIS_EST
41930,TGO,2016,0,NIL,
41928,TGO,2016,0,NA,
REPR.1.G1.CP,TGO,2016,.7782700061798096,,
41911,TGO,2016,12427,,
X.PPPCONST.4.FSGOV,TGO,2016,2.447760105133057,,
FTP.5T8,TGO,2016,6.416399955749512,,
X.US.UK.FSGOV,TGO,2016,0,NIL,
SAP.2.G1.F,TGO,2016,89269,,
40055,TGO,2016,132725,,
XSPENDP.FDPUB.FNCUR,TGO,2016,97.57878112792969,,
XSPENDP.2.FDPUB.FNNONS,TGO,2016,12.8909797668457,,
999978,TGO,2016,3,,
999988,TGO,2016,2,,
X.US.02.FSGOV,TGO,2016,3.515100002288818,,
41933,TGO,2016,28462,,
X.PPP.5T8.FSGOV,TGO,2016,97.02156829833984,,
21517,TGO,2016,57466,,
X.US.2T4.V.FSGOV,TGO,2016,13.28787040710449,,
41907,TGO,2016,18189,,
21510,TGO,2016,24922,,
42620,TGO,2016,59235,,
REPR.2.G2.CP,TGO,2016,15.51062965393066,,
999977,TGO,2016,16,,
SAP.4.M,TGO,2016,145317,,
XSPENDP.1.FDPUB.FNBOOKS,TGO,2016,.2204000055789948,,
SLE.1.GPIA,TGO,2016,.9658300280570984,,
40054,TGO,2016,0,NA,
XSPENDP.4.FDPUB.FNCUR,TGO,2016,99.49054718017578,,
X.US.2.FSGOV,TGO,2016,16.58209037780762,,
X.USCONST.2.FSGOV,TGO,2016,18.41522026062012,,
406,TGO,2016,2016,,
401,TGO,2016,6,,
40032,TGO,2016,0,NA,
XSPENDP.2T3.FDPUB.FNBOOKS,TGO,2016,1.310340046882629,,
40035,TGO,2016,769599.5625,,
XGDP.02.FSGOV,TGO,2016,.0582799986004829,,
X.PPPCONST.3.FSGOV,TGO,2016,51.69710922241211,,
FTP.02,TGO,2016,93.81163787841797,,
41909,TGO,2016,17136,,
SLE.1.M,TGO,2016,7.730659961700439,,
25052,TGO,2016,1034,,
REPR.2.G4.F.CP,TGO,2016,35.87063980102539,,
PRP.01,TGO,2016,0,NA,
XSPENDP.3.FDPUB.FNTS,TGO,2016,70.03862762451172,,
20163,TGO,2016,5854,,
42116,TGO,2016,0,NA,
MOR.5T8.40505,TGO,2016,0,NIL,
XSPENDP.02.FDPUB.FNTS,TGO,2016,85.42788696289063,,
XSPENDP.2T3.FDPUB.FNS,TGO,2016,81.07032012939453,,
405,TGO,2016,2015,,
XSPENDP.2T3.FDPUB.FNNTS,TGO,2016,7.920519828796387,,
SAP.5T8.F,TGO,2016,343079,,
41940,TGO,2016,95557,,
X.USCONST.2T4.V.FSGOV,TGO,2016,14.7568302154541,,
OE.5T8.40500,TGO,2016,2701,,
REPR.2.M.CP,TGO,2016,21.57232093811035,,
XSPENDP.4.FDPUB.FNNONS,TGO,2016,80.64778900146484,,
OFST.1.CP,TGO,2016,100419,,UIS_EST
SAP.2T3,TGO,2016,1157007,,
999974,TGO,2016,3,,
X.PPP.4.FSGOV,TGO,2016,2.192899942398071,,
999975,TGO,2016,12,,
42110,TGO,2016,0,NA,
41924,TGO,2016,12517,,
SAP.1.G1.F,TGO,2016,107756,,
X.PPPCONST.02.FSGOV,TGO,2016,9.546859741210938,,
42615,TGO,2016,51308,,
X.PPPCONST.5T8.FSGOV,TGO,2016,108.2975997924805,,
25055,TGO,2016,3481,,
299905,TGO,2016,6,,
OE.5T8.40525,TGO,2016,683,,
XSPENDP.1.FDPUB.FNNTS,TGO,2016,9.309920310974121,,
10405,TGO,2016,2015,,
41920,TGO,2016,0,NA,
X.PPPCONST.FSGOV,TGO,2016,603.9080200195313,,
20161,TGO,2016,3805,,
SAP.1.GLAST.M,TGO,2016,92991,,
REPR.2.G2.M.CP,TGO,2016,15.41030979156494,,
MOR.5T8.40510,TGO,2016,7.052549839019775,,
XSPENDP.3.FDPUB.FNCUR,TGO,2016,96.43131256103516,,
XGDP.1.FSGOV,TGO,2016,2.361680030822754,,
13,TGO,2016,0,NA,
X.US.FSGOV,TGO,2016,222.3556365966797,,
OE.5T8.40530,TGO,2016,76,,
SAP.3.F,TGO,2016,229854,,
X.PPP.2T3.FSGOV,TGO,2016,86.66136932373047,,
SAP.4.F,TGO,2016,142277,,
10403,TGO,2016,10,,
XSPENDP.2.FDPUB.FNS,TGO,2016,84.6171875,,
XSPENDP.3.FDPUB.FNCAP,TGO,2016,3.568690061569214,,
XSPENDP.5T8.FDPUB.FNS,TGO,2016,83.32351684570313,,
42654,TGO,2016,72957,,
REPR.1.M.CP,TGO,2016,7.662169933319092,,
41936,TGO,2016,24690,,
41929,TGO,2016,0,NA,
OE.5T8.40510,TGO,2016,6027,,
41935,TGO,2016,25400,,
XSPENDP.4.FDPUB.FNTS,TGO,2016,16.88736915588379,,
SAP.3.M,TGO,2016,234509,,
REPR.2.G4.CP,TGO,2016,31.58686065673828,,
SAP.3,TGO,2016,464363,,
41939,TGO,2016,0,NIL,
41937,TGO,2016,0,NA,
SAP.5T8.M,TGO,2016,350362,,
REPR.2.G3.M.CP,TGO,2016,24.5257396697998,,
XSPENDP.FDPUB.FNCAP,TGO,2016,2.421220064163208,,
X.PPPCONST.1.FSGOV,TGO,2016,386.8824768066406,,
41913,TGO,2016,0,NIL,
SAP.0.M,TGO,2016,342881,,
SLE.5T8.M,TGO,2016,.9298999905586243,,
XGDP.3.FSGOV,TGO,2016,.3155800104141235,,
299929,TGO,2016,3,,
42097,TGO,2016,251,,
299932,TGO,2016,6,,
21504,TGO,2016,9545,,
41931,TGO,2016,41436,,
XSPENDP.02.FDPUB.FNS,TGO,2016,94.73683929443359,,
20060,TGO,2016,132725,,
XGDP.5T8.FSGOV,TGO,2016,.6610900163650513,,
41922,TGO,2016,54121,,
SAP.2T3.F,TGO,2016,572545,,
XSPENDP.4.FDPUB.FNCAP,TGO,2016,.5094500184059143,,
10,TGO,2016,0,NA,
XSPENDP.1.FDPUB.FNCAP,TGO,2016,.7854700088500977,,
X.USCONST.FSGOV,TGO,2016,246.9368591308594,,
XSPENDP.FDPUB.FNNTS,TGO,2016,11.96582984924316,,
SAP.2.F,TGO,2016,342691,,
25056,TGO,2016,166,,
SAP.1.M,TGO,2016,606462,,
41910,TGO,2016,5235,,
XGDP.2T4.V.FSGOV,TGO,2016,.2203000038862228,,
X.USCONST.1.FSGOV,TGO,2016,158.1955261230469,,
41926,TGO,2016,10326,,
REPR.2.G3.CP,TGO,2016,25.09137916564941,,
SAP.4,TGO,2016,287594,,
REPR.2.G3.F.CP,TGO,2016,25.89653015136719,,
SLE.5T8.GPIA,TGO,2016,.4375700056552887,,
XSPENDP.5T8.FDPUB.FNNONS,TGO,2016,6.980100154876709,,
REPR.2.G1.M.CP,TGO,2016,19.73516082763672,,
21502,TGO,2016,34217,,
SAP.CE.M,TGO,2016,956415,,
42096,TGO,2016,0,NA,
MOR.5T8.40535,TGO,2016,.0058499998413026,,
NERT.1.CP,TGO,2016,91.64308929443359,,UIS_EST
SAP.2.G1,TGO,2016,180468,,
XSPENDP.FDPUB.FNTS,TGO,2016,78.54622650146484,,
21500,TGO,2016,5942,,
SAP.1,TGO,2016,1201633,,
GER.1.F,TGO,2016,122.4379119873047,,
OFST.1.M.CP,TGO,2016,36455,,UIS_EST
X.PPP.02.FSGOV,TGO,2016,8.552829742431641,,
REPR.2.G5.CP,TGO,2016,0,NA,
25003,TGO,2016,3756,,
XGDP.4.FSGOV,TGO,2016,.0149400001391768,,
41934,TGO,2016,17005,,
SAP.CE.F,TGO,2016,937862,,
X.USCONST.4.FSGOV,TGO,2016,1.000880002975464,,
XSPENDP.3.FDPUB.FNNONS,TGO,2016,18.42452049255371,,
X.USCONST.UK.FSGOV,TGO,2016,0,NIL,
MOR.5T8.40500,TGO,2016,3.160680055618286,,
41918,TGO,2016,13206,,
XSPENDP.02.FDPUB.FNCUR,TGO,2016,99.2186279296875,,
XSPENDP.FDPUB.FNS,TGO,2016,90.51204681396484,,
OE.5T8.40535,TGO,2016,5,,
REPR.1.G1.M.CP,TGO,2016,.8114399909973145,,
REPR.2.G1.CP,TGO,2016,19.79302024841309,,
NERT.1.F.CP,TGO,2016,89.2528076171875,,UIS_EST
FTP.1,TGO,2016,16.1739501953125,,
X.USCONST.3.FSGOV,TGO,2016,21.13884925842285,,
OFST.1T3.CP,TGO,2017,528786,,
SLE.1T8.M,TGO,2017,13.62176036834717,,
REPR.2.G1.F.CP,TGO,2017,19.98311042785645,,
REPR.2.G5.CP,TGO,2017,0,NA,
FTP.02,TGO,2017,93.710693359375,,
40055,TGO,2017,143897,,
NART.2.URB.F,TGO,2017,86.88671112060547,,
X.US.5T8.FSGOV,TGO,2017,42.66838073730469,,
999978,TGO,2017,3,,
40035,TGO,2017,782033,,
THDUR.2T3,TGO,2017,7,,
NART.3.M.WPIA,TGO,2017,.7691799998283386,,
NART.3.Q3.M.LPIA,TGO,2017,1.118370056152344,,
25057,TGO,2017,27792,,
NART.2.Q1,TGO,2017,79.91618347167969,,
NART.1.RUR.Q2.M,TGO,2017,89.30726623535156,,
GTVP.3.GPV,TGO,2017,81.06807708740234,,
NART.3.RUR.Q4.M,TGO,2017,74.29985809326172,,
299902,TGO,2017,3,,
NART.2.RUR.Q4.GPIA,TGO,2017,.9120299816131592,,
SAP.2T3,TGO,2017,1188711,,
REPR.2.G2.M.CP,TGO,2017,16.41629981994629,,
GER.1T8.F,TGO,2017,69.33747100830078,,
GER.2.GPIA,TGO,2017,.795229971408844,,
NART.1.RUR.Q2.F,TGO,2017,89.50923919677734,,
GTVP.4.GPV,TGO,2017,0,NA,
NART.1.Q3.GPIA,TGO,2017,.9874899983406067,,
NART.1.RUR.Q3,TGO,2017,95.13847351074219,,
299905,TGO,2017,6,,
25055,TGO,2017,2992,,
NART.2.RUR.Q4,TGO,2017,94.06936645507813,,
MOR.5T8.40530,TGO,2017,.0948000028729439,,
41919,TGO,2017,0,NA,
41928,TGO,2017,0,NA,
OFST.3.M.CP,TGO,2017,116536,,
NART.1.Q5.F.LPIA,TGO,2017,1.044780015945435,,
MOR.5T8.40520,TGO,2017,.049660000950098,,
41918,TGO,2017,15495,,
OFST.1T3.F.CP,TGO,2017,317111,,
NART.1.Q5.LPIA,TGO,2017,1.03396999835968,,
OFST.3.CP,TGO,2017,273146,,
20070,TGO,2017,178619,,
NART.3.URB.Q5.M,TGO,2017,93.62526702880859,,
GER.1.F,TGO,2017,121.0785064697266,,
MYS.1T8.AG25T99.GPIA,TGO,2017,.5134099721908569,,
NART.2.URB.Q4,TGO,2017,92.91393280029297,,
NART.1.RUR.GPIA,TGO,2017,.9860799908638,,
NART.2.URB.GPIA,TGO,2017,.915149986743927,,
SLE.5T8.M,TGO,2017,.9339799880981445,,
NART.3.RUR.Q5.M,TGO,2017,79.24172973632813,,
21516,TGO,2017,117760,,
41939,TGO,2017,0,NIL,
SLE.1T2.M,TGO,2017,11.20921993255615,,
NART.3.Q3,TGO,2017,69.93154907226563,,
NART.1.RUR.M.WPIA,TGO,2017,.8459200263023376,,
NART.3.Q4.M.LPIA,TGO,2017,.9787200093269348,,
42096,TGO,2017,0,NA,
PRP.2,TGO,2017,25.81891059875488,,
NART.3.RUR.Q2.GPIA,TGO,2017,.83815997838974,,
NART.2.URB.Q2.GPIA,TGO,2017,0,NA,
21510,TGO,2017,28780,,
OFST.1T2.F.CP,TGO,2017,160501,,
X.US.FSGOV,TGO,2017,240.5037841796875,,UIS_EST
NART.3.RUR.Q2.M,TGO,2017,75.02509307861328,,
NART.2.Q5.LPIA,TGO,2017,1.079890012741089,,
NART.3.URB.Q4.F,TGO,2017,67.00496673583984,,
41912,TGO,2017,0,NA,
NART.1.Q1,TGO,2017,82.60369873046875,,
NART.2.URB.Q3.F,TGO,2017,84.94818115234375,,
NART.2.Q3.F,TGO,2017,89.21869659423828,,
SAP.02.F,TGO,2017,341785,,
OFST.1.F.CP,TGO,2017,64833,,
20161,TGO,2017,4619,,
NART.1.RUR.F,TGO,2017,88.28240966796875,,
NART.1.RUR.Q3.GPIA,TGO,2017,.9981499910354614,,
GER.1T3.M,TGO,2017,98.31098175048828,,
NART.1.URB.GPIA,TGO,2017,.9817000031471252,,
OE.5T8.40510,TGO,2017,6129,,
NART.1.URB.Q2.F,TGO,2017,0,NA,
21506,TGO,2017,35816,,
NART.3.Q4,TGO,2017,71.33985900878906,,
NART.2.Q5,TGO,2017,89.88780212402344,,
NART.2.M.WPIA,TGO,2017,.8540599942207336,,
NART.1.URB.Q4.GPIA,TGO,2017,.9954299926757813,,
NART.2.URB.Q2.F,TGO,2017,0,NA,
OE.5T8.40540,TGO,2017,2280,,UIS_EST
NART.2.URB.Q5,TGO,2017,88.76299285888672,,
NART.2.Q3.M,TGO,2017,92.04653167724609,,
NART.3.RUR.F.WPIA,TGO,2017,.7775700092315674,,
GER.1.GPIA,TGO,2017,.9670000076293945,,
NART.1.Q4.F.LPIA,TGO,2017,.9973000288009644,,
NART.2.URB.Q5.GPIA,TGO,2017,.9029200077056885,,
SAP.2.G1.F,TGO,2017,90831,,
REPR.1.G1.CP,TGO,2017,3.312469959259033,,
SAP.4,TGO,2017,293477,,
SAP.02,TGO,2017,688184,,
SLE.02.F,TGO,2017,.6421800255775452,,
OE.5T8.40525,TGO,2017,651,,UIS_EST
NART.2.LPIA,TGO,2017,.9534800052642822,,
NART.2.RUR,TGO,2017,86.21190643310547,,
NART.3.RUR.Q5.F,TGO,2017,65.53582000732422,,
NART.3.Q3.GPIA,TGO,2017,.6452500224113464,,
NART.1.RUR.Q1.M,TGO,2017,84.59162139892578,,
SAP.3.F,TGO,2017,237027,,
MOR.5T8.40505,TGO,2017,.0011299999896437,,
SLE.1T3.M,TGO,2017,12.68778038024902,,
NART.2.URB,TGO,2017,90.41799926757813,,
NART.1.URB.Q3.GPIA,TGO,2017,.9639599919319153,,
999976,TGO,2017,4,,
NART.2.URB.Q5.M,TGO,2017,94.37596893310547,,
NART.3.URB.Q2.F,TGO,2017,0,NA,
OFST.2.CP,TGO,2017,153302,,
41927,TGO,2017,14142,,
SAP.0,TGO,2017,688184,,
42116,TGO,2017,0,NA,
42617,TGO,2017,3152,,
NART.1.URB.Q2.GPIA,TGO,2017,0,NA,
SAP.1.M,TGO,2017,624572,,
401,TGO,2017,6,,
NART.1.Q3.M,TGO,2017,96.46482849121094,,
NART.3.Q5.F.LPIA,TGO,2017,1.074810028076172,,
NART.2.RUR.Q3,TGO,2017,91.82569885253906,,
OE.5T8.40500,TGO,2017,3038,,
NART.1.RUR.Q2,TGO,2017,89.40071105957031,,
GTVP.2T3.V,TGO,2017,5.798759937286377,,
40032,TGO,2017,0,NA,
NART.1.WPIA,TGO,2017,.8512600064277649,,
NART.3.URB.Q4.GPIA,TGO,2017,.8826199769973755,,
SLE.2T3.M,TGO,2017,5.049200057983398,,
21502,TGO,2017,35200,,
40034,TGO,2017,70735,,
NART.1.RUR.Q4,TGO,2017,98.03473663330078,,
SAP.4.F,TGO,2017,145155,,
999987,TGO,2017,19,,
SAP.5T8.M,TGO,2017,357586,,
41930,TGO,2017,0,NIL,
NERT.3.M.CP,TGO,2017,51.85398101806641,,
NART.2.Q4.F,TGO,2017,89.52548217773438,,
MOR.5T8.40500,TGO,2017,3.428440093994141,,
NART.3.Q3.M,TGO,2017,83.28527069091797,,
NART.2.Q2.F.LPIA,TGO,2017,0,NA,
GER.2T3.M,TGO,2017,70.34174346923828,,
NART.2.RUR.M.WPIA,TGO,2017,.8302199840545654,,
OFST.2T3.F.CP,TGO,2017,252278,,
NART.3.RUR.Q2.F,TGO,2017,62.88291168212891,,
42620,TGO,2017,60813,,
GER.1T2.GPIA,TGO,2017,.9186699986457825,,
13,TGO,2017,0,NA,
NART.1.Q5,TGO,2017,97.03668212890625,,
999977,TGO,2017,16,,
403,TGO,2017,10,,
21505,TGO,2017,3710,,
NART.2.Q5.M,TGO,2017,94.94983673095703,,
25056,TGO,2017,205,,
SAP.2T3.F,TGO,2017,588015,,
NART.3.Q2.M,TGO,2017,73.79615020751953,,
SAP.1.AGM1,TGO,2017,226159,,
25052,TGO,2017,1210,,
25003,TGO,2017,4851,,
SAP.02.M,TGO,2017,346399,,
21511,TGO,2017,14390,,
SAP.2.F,TGO,2017,350988,,
41911,TGO,2017,14390,,
GER.2.F,TGO,2017,68.49607086181641,,
OFST.1.CP,TGO,2017,102338,,
41906,TGO,2017,1293,,
NART.1.Q1.M,TGO,2017,84.59162139892578,,
SLE.1T8.GPIA,TGO,2017,.8436999917030334,,
NART.3.Q4.F,TGO,2017,66.95390319824219,,
NART.2.RUR.Q4.M,TGO,2017,97.38636779785156,,
NART.1.URB.Q3.F,TGO,2017,95.63616180419922,,
40044,TGO,2017,422540,,
NART.1.M.WPIA,TGO,2017,.8627200126647949,,
NART.3.Q5.LPIA,TGO,2017,.9265699982643127,,
NART.2.Q2,TGO,2017,85.82502746582031,,
NART.2.Q1.F,TGO,2017,78.52252197265625,,
SLE.1,TGO,2017,7.517509937286377,,
OFST.2T3.M.CP,TGO,2017,174170,,
GER.1T8.GPIA,TGO,2017,.867330014705658,,
SLE.1T3,TGO,2017,11.88724040985107,,
999973,TGO,2017,3,,
REPR.2.G1.M.CP,TGO,2017,19.67587089538574,,
999974,TGO,2017,3,,
41925,TGO,2017,7797,,
PRP.01,TGO,2017,0,NA,
NART.3.WPIA,TGO,2017,.8218299746513367,,
SLE.1T2,TGO,2017,10.70880031585693,,
21509,TGO,2017,4067,,
NART.2.Q5.F.LPIA,TGO,2017,1.106490015983582,,
SLE.02,TGO,2017,.6272900104522705,,
X.PPP.FSGOV,TGO,2017,582.551025390625,,UIS_EST
NART.3.Q5.M,TGO,2017,92.08450317382813,,
NART.3.RUR.Q4.F,TGO,2017,66.77117919921875,,
NART.3.RUR.Q3.GPIA,TGO,2017,.6042699813842773,,
GER.3.F,TGO,2017,27.42135047912598,,
SLE.1.F,TGO,2017,7.394000053405762,,
SLE.2T3.F,TGO,2017,3.675600051879883,,
NART.3.Q2.F,TGO,2017,63.72470092773438,,
NART.3.RUR.M,TGO,2017,76.86721038818359,,
NART.2,TGO,2017,87.85816192626953,,
NART.2.Q4,TGO,2017,93.17440795898438,,
OFST.1T2.CP,TGO,2017,255640,,
SLE.1T2.GPIA,TGO,2017,.9097700119018555,,
SLE.1T8,TGO,2017,12.56834983825684,,
OE.5T8.40515,TGO,2017,16,,UIS_EST
NART.3.RUR.Q3.M,TGO,2017,87.01753234863281,,
NART.3.Q2.LPIA,TGO,2017,0,NA,
SAP.5T8.F,TGO,2017,349935,,
NART.2.M.LPIA,TGO,2017,.9215700030326843,,
NART.2.M,TGO,2017,90.03135681152344,,
MYS.1T8.AG25T99.F,TGO,2017,3.386889934539795,,
MOR.5T8.40510,TGO,2017,6.917240142822266,,
NART.2.F,TGO,2017,85.6505126953125,,
21513,TGO,2017,0,NA,
20062,TGO,2017,1524191,,
NART.1.Q1.F,TGO,2017,80.35401153564453,,
NART.3.URB.F,TGO,2017,62.59103012084961,,
SAP.1.GLAST.F,TGO,2017,93645,,
SLE.2T3,TGO,2017,4.369719982147217,,
NART.1.RUR.Q5.GPIA,TGO,2017,1,,
NART.1.Q5.M,TGO,2017,98.05181121826172,,
GER.1.M,TGO,2017,125.2110214233398,,
20063,TGO,2017,742158,,
42614,TGO,2017,3124,,
NART.2.Q3.LPIA,TGO,2017,1.03577995300293,,
21507,TGO,2017,17908,,
20083,TGO,2017,305409,,
20060,TGO,2017,143897,,
SAP.4.M,TGO,2017,148322,,
299932,TGO,2017,6,,
NART.3.Q2.GPIA,TGO,2017,.8635200262069702,,
41922,TGO,2017,57745,,
NART.3.URB.Q5.GPIA,TGO,2017,.6476200222969055,,
REPR.2.G4.M.CP,TGO,2017,24.43000984191895,,
OFST.2.F.CP,TGO,2017,95668,,
GER.1T8.M,TGO,2017,79.94332122802734,,
MYS.1T8.AG25T99.M,TGO,2017,6.596859931945801,,
GER.2.M,TGO,2017,86.13352203369141,,
GER.3.M,TGO,2017,46.94253921508789,,
NART.1.Q5.F,TGO,2017,96.13179779052734,,
NART.2.RUR.Q2.GPIA,TGO,2017,.960099995136261,,
NART.2.GPIA,TGO,2017,.9513400197029114,,
41920,TGO,2017,0,NA,
NART.3.F,TGO,2017,59.82125091552734,,
NART.3.Q5.GPIA,TGO,2017,.6661400198936462,,
NART.3.RUR.Q3,TGO,2017,70.83957672119141,,
NART.3.RUR.Q4,TGO,2017,70.95915222167969,,
NART.1.URB.Q5,TGO,2017,96.60250854492188,,
PRP.2T3,TGO,2017,27.01110076904297,,
NERT.1.GPIA,TGO,2017,.9513599872589111,,
OFST.2T3.CP,TGO,2017,426448,,
REPR.1.CP,TGO,2017,7.682700157165527,,
OE.5T8.40530,TGO,2017,84,,
REPR.1.M.CP,TGO,2017,7.762589931488037,,
NART.2.URB.Q2,TGO,2017,0,NA,
NART.3.URB.Q4.M,TGO,2017,75.91571807861328,,
MOR.5T8.40535,TGO,2017,.0169300008565187,,
NART.3.M,TGO,2017,79.72988891601563,,
SAP.1.AGM1.F,TGO,2017,112310,,
NART.1.Q2.F,TGO,2017,89.56665802001953,,
NART.3.Q4.M,TGO,2017,75.49638366699219,,
REPR.2.G4.CP,TGO,2017,26.58395957946777,,
NART.3.GPIA,TGO,2017,.7502999901771545,,
FTP.1,TGO,2017,16.39595031738281,,
GER.3.GPIA,TGO,2017,.5841500163078308,,
NART.1.Q2.M.LPIA,TGO,2017,0,NA,
SAP.2T3.M,TGO,2017,600696,,
OFST.1.M.CP,TGO,2017,37505,,
NART.1.URB.Q4.F,TGO,2017,97.314697265625,,
SAP.5T8,TGO,2017,707521,,
NART.2.RUR.F,TGO,2017,84.66676330566406,,
SLE.02.M,TGO,2017,.6126000285148621,,
21508,TGO,2017,8134,,
NART.1.Q4,TGO,2017,97.63819122314453,,
21501,TGO,2017,1117,,
NERT.3.GPIA,TGO,2017,.6542900204658508,,
21504,TGO,2017,7420,,
43617,TGO,2017,4532,,
X.USCONST.FSGOV,TGO,2017,262.8482055664063,,UIS_EST
NART.2.RUR.Q1.F,TGO,2017,78.52252197265625,,
GER.1T3.GPIA,TGO,2017,.8872500061988831,,
NART.2.URB.Q4.GPIA,TGO,2017,.9279000163078308,,
NART.3.Q1.M,TGO,2017,70.82961273193359,,
NART.1.RUR,TGO,2017,88.93173980712891,,
NART.1.RUR.F.WPIA,TGO,2017,.8035399913787842,,
NART.3.RUR.Q5,TGO,2017,71.05300903320313,,
NART.1.Q2.GPIA,TGO,2017,1.001099944114685,,
SLE.1T3.F,TGO,2017,11.06960964202881,,
NART.2.WPIA,TGO,2017,.8890699744224548,,
NART.3.URB.Q3.M,TGO,2017,76.71746063232422,,
NART.1.M.LPIA,TGO,2017,.9131399989128113,,
GER.1T3.F,TGO,2017,87.22666931152344,,
NART.2.RUR.Q5,TGO,2017,96.47023773193359,,
NART.2.RUR.Q3.F,TGO,2017,91.65052032470703,,
40051,TGO,2017,73162,,
NART.2.Q2.M,TGO,2017,87.4256591796875,,
XGDP.5T8.FSGOV,TGO,2017,.667169988155365,,
NART.3.LPIA,TGO,2017,.931689977645874,,
41938,TGO,2017,0,NA,
NART.2.Q4.GPIA,TGO,2017,.9243800044059753,,
NART.1.Q2.LPIA,TGO,2017,0,NA,
21515,TGO,2017,0,NIL,
NART.1.Q5.GPIA,TGO,2017,.9804199934005737,,
NART.3.RUR.Q3.F,TGO,2017,52.5819206237793,,
PRP.5T8,TGO,2017,18.6535701751709,,
NART.2.Q3.M.LPIA,TGO,2017,.9975399971008301,,
NART.1.Q3,TGO,2017,95.82057189941406,,
OFST.1T2.M.CP,TGO,2017,95139,,
SAP.1.F,TGO,2017,612956,,
NART.3.Q1.F,TGO,2017,50.95840072631836,,
NART.1.URB.Q5.F,TGO,2017,95.52243804931641,,
GER.1T3,TGO,2017,92.82433319091797,,
NART.2.RUR.Q1,TGO,2017,79.91618347167969,,
OFST.1T3.M.CP,TGO,2017,211675,,
NART.2.URB.M,TGO,2017,94.94255828857422,,
20071,TGO,2017,64996,,
42110,TGO,2017,0,NA,
999988,TGO,2017,2,,
NART.2.Q2.F,TGO,2017,83.87574768066406,,
REPR.1.G1.F.CP,TGO,2017,3.25383996963501,,
41913,TGO,2017,0,NIL,
SLE.5T8.F,TGO,2017,.4230999946594238,,
NART.1.RUR.Q1,TGO,2017,82.60369873046875,,
NART.1.RUR.Q3.F,TGO,2017,95.05352783203125,,
GTVP.2.GPV,TGO,2017,98.47158813476563,,
41926,TGO,2017,11518,,
20061,TGO,2017,73162,,
MOR.5T8.40515,TGO,2017,.0180600006133318,,UIS_EST
NART.1.RUR.Q4.M,TGO,2017,98.82868194580078,,
10406,TGO,2017,2017,,
40041,TGO,2017,113623,,
NART.3.Q1.GPIA,TGO,2017,.7194499969482422,,
NART.1.RUR.Q1.F,TGO,2017,80.35401153564453,,
41909,TGO,2017,17908,,
NART.2.Q4.F.LPIA,TGO,2017,.9904599785804749,,
MOR.5T8.40525,TGO,2017,.7350000143051147,,UIS_EST
41914,TGO,2017,58968,,
NART.1.RUR.Q5,TGO,2017,100,,
41917,TGO,2017,15527,,
NART.3.RUR.Q1.M,TGO,2017,70.82961273193359,,
NART.3.RUR.WPIA,TGO,2017,.8787099719047546,,
NART.1.Q4.GPIA,TGO,2017,.9927800297737122,,
NART.2.RUR.Q3.M,TGO,2017,91.97373962402344,,
XSPENDP.5T8.FDPUB.FNCAP,TGO,2017,.4113200008869171,,
SLE.1T2.F,TGO,2017,10.19777011871338,,
SLE.1.GPIA,TGO,2017,.9679800271987915,,
NART.1.Q3.F.LPIA,TGO,2017,.993910014629364,,
41931,TGO,2017,47059,,
REPR.2.G5.F.CP,TGO,2017,0,NA,
21503,TGO,2017,17600,,
SAP.0.F,TGO,2017,341785,,
41935,TGO,2017,27045,,
41934,TGO,2017,18037,,
406,TGO,2017,2017,,
41908,TGO,2017,3710,,
GER.1T2.F,TGO,2017,101.932373046875,,
SLE.5T8.GPIA,TGO,2017,.4530099928379059,,
40038,TGO,2017,308917,,
NART.3.URB.M,TGO,2017,83.57167053222656,,
SAP.1.G1.F,TGO,2017,110629,,
NART.2.Q5.M.LPIA,TGO,2017,1.033789992332458,,
NART.1.URB.Q2.M,TGO,2017,0,NA,
NART.1.Q3.M.LPIA,TGO,2017,.9598600268363953,,
NART.1.Q4.LPIA,TGO,2017,1.004989981651306,,
10405,TGO,2017,2016,,
NART.3.RUR.Q1,TGO,2017,62.43487167358398,,
NART.2.RUR.Q1.GPIA,TGO,2017,.9682999849319458,,
26468,TGO,2017,0,NA,
NART.1.F,TGO,2017,91.21692657470703,,
405,TGO,2017,2016,,
NART.1.LPIA,TGO,2017,.9156399965286255,,
SAP.1,TGO,2017,1237528,,
21514,TGO,2017,0,NIL,
NART.1.RUR.Q5.M,TGO,2017,100,,
NART.1.F.WPIA,TGO,2017,.8358700275421143,,
NART.3.Q4.F.LPIA,TGO,2017,.9965100288391113,,
NART.1.RUR.M,TGO,2017,89.52895355224609,,
42619,TGO,2017,1005,,
OE.5T8.40520,TGO,2017,44,,
40033,TGO,2017,70735,,
NART.2.RUR.Q2,TGO,2017,85.72283935546875,,
42099,TGO,2017,31757,,
X.PPPCONST.UK.FSGOV,TGO,2017,0,NIL,
NART.1.Q4.F,TGO,2017,97.26792144775391,,
NART.3.URB.Q4,TGO,2017,71.45977020263672,,
40054,TGO,2017,0,NA,
GER.2,TGO,2017,77.41000366210938,,
25053,TGO,2017,88605,,
10403,TGO,2017,10,,
NART.2.URB.Q3,TGO,2017,88.54042816162109,,
400,TGO,2017,10,,
SAP.CE.F,TGO,2017,963944,,
NART.3.Q5,TGO,2017,75.97052001953125,,
NERT.3.F.CP,TGO,2017,33.92736053466797,,
NART.1.Q2,TGO,2017,89.51334381103516,,
NART.1.Q5.M.LPIA,TGO,2017,1.02209997177124,,
NART.1.M,TGO,2017,92.40132141113281,,
20082,TGO,2017,727949,,
40050,TGO,2017,0,NA,
NART.2.Q4.M.LPIA,TGO,2017,1.00764000415802,,
NART.2.RUR.Q4.F,TGO,2017,88.81880950927734,,
NART.2.RUR.F.WPIA,TGO,2017,.8233500123023987,,
X.USCONST.5T8.FSGOV,TGO,2017,46.63256072998047,,
NERT.1.F.CP,TGO,2017,89.42288970947266,,
SLE.02.GPIA,TGO,2017,1.046049952507019,,
NART.3.URB.GPIA,TGO,2017,.7489500045776367,,
NART.2.RUR.Q5.GPIA,TGO,2017,.97639000415802,,
REPR.2.G4.F.CP,TGO,2017,29.41290092468262,,
NART.1.Q3.LPIA,TGO,2017,.9788500070571899,,
REPR.2.M.CP,TGO,2017,20.75315093994141,,
SAP.1.G1.M,TGO,2017,112313,,
42654,TGO,2017,77078,,
NART.2.Q5.F,TGO,2017,86.50652313232422,,
NART.3.F.WPIA,TGO,2017,.8307399749755859,,
X.PPPCONST.FSGOV,TGO,2017,642.8207397460938,,UIS_EST
GER.1T2.M,TGO,2017,110.9567413330078,,
SAP.3,TGO,2017,479074,,
NART.2.Q3.GPIA,TGO,2017,.9692800045013428,,
NART.1.F.LPIA,TGO,2017,.9172000288963318,,
NART.1.RUR.Q5.F,TGO,2017,100,,
REPR.2.G3.F.CP,TGO,2017,24.21187973022461,,
NART.1.RUR.Q4.GPIA,TGO,2017,.9820200204849243,,
299929,TGO,2017,3,,
NART.3.RUR.GPIA,TGO,2017,.745169997215271,,
REPR.2.G3.CP,TGO,2017,24.96001052856445,,
999975,TGO,2017,12,,
REPR.2.G1.CP,TGO,2017,19.816650390625,,
GTVP.2T3.GPV,TGO,2017,94.20124053955078,,
NART.1.Q2.F.LPIA,TGO,2017,0,NA,
NART.1,TGO,2017,91.81973266601563,,
NART.3.RUR.M.WPIA,TGO,2017,.8938400149345398,,
NERT.2.CP,TGO,2017,78.39711761474609,,
42097,TGO,2017,310,,
SAP.0.M,TGO,2017,346399,,
XSPENDP.5T8.FDPUB.FNS,TGO,2017,79.19071960449219,,
NART.2.RUR.GPIA,TGO,2017,.9676600098609924,,
NART.1.URB.Q3,TGO,2017,97.19413757324219,,
NART.3.Q3.F,TGO,2017,53.73966979980469,,
20163,TGO,2017,6228,,
X.PPPCONST.5T8.FSGOV,TGO,2017,114.04443359375,,
OFST.2.M.CP,TGO,2017,57634,,
NART.1.URB.F,TGO,2017,96.25160980224609,,
NART.3.URB.Q3,TGO,2017,68.17601013183594,,
NART.1.RUR.Q2.GPIA,TGO,2017,1.002259969711304,,
25051,TGO,2017,6116,,
SAP.2.G1,TGO,2017,183651,,
SAP.2.M,TGO,2017,358649,,
GER.2T3.F,TGO,2017,51.93898010253906,,
NART.3.RUR,TGO,2017,68.19669342041016,,
NART.3.RUR.Q5.GPIA,TGO,2017,.8270400166511536,,
NERT.2.M.CP,TGO,2017,83.93025207519531,,
20162,TGO,2017,37985,,
NART.2.RUR.WPIA,TGO,2017,.8284000158309937,,
NART.1.Q3.F,TGO,2017,95.25791168212891,,
X.PPP.UK.FSGOV,TGO,2017,0,NIL,
GER.2T3,TGO,2017,61.23852157592773,,
PRP.02,TGO,2017,32.84363174438477,,
NART.2.Q3,TGO,2017,90.70638275146484,,
REPR.2.G5.M.CP,TGO,2017,0,NA,
NART.1.URB.Q2,TGO,2017,0,NA,
XSPENDP.5T8.FDPUB.FNCUR,TGO,2017,99.58867645263672,,
NART.3.RUR.F,TGO,2017,57.27899932861328,,
PRP.1,TGO,2017,30.17082977294922,,
NART.3.F.LPIA,TGO,2017,.9151300191879272,,
NART.2.URB.Q4.F,TGO,2017,89.67430114746094,,
NART.3.Q4.GPIA,TGO,2017,.8868499994277954,,
NART.2.URB.Q4.M,TGO,2017,96.642578125,,
GER.1,TGO,2017,123.1641616821289,,
NART.1.RUR.Q3.M,TGO,2017,95.23000335693359,,
NART.3.Q3.F.LPIA,TGO,2017,.9346500039100647,,
NART.3.Q2.F.LPIA,TGO,2017,0,NA,
SAP.CE,TGO,2017,1947165,,
NART.3.URB.Q3.F,TGO,2017,56.25848007202148,,
SAP.2,TGO,2017,709637,,
NART.2.Q4.LPIA,TGO,2017,1.012279987335205,,
NART.1.URB.M,TGO,2017,98.04562377929688,,
20160,TGO,2017,4929,,
REPR.2.G3.M.CP,TGO,2017,25.51173973083496,,
X.US.UK.FSGOV,TGO,2017,0,NIL,
NART.1.URB.Q3.M,TGO,2017,99.21209716796875,,
FTP.5T8,TGO,2017,6.575960159301758,,
SAP.3.M,TGO,2017,242047,,
NART.2.RUR.Q3.GPIA,TGO,2017,.9964900016784668,,
X.USCONST.UK.FSGOV,TGO,2017,0,NIL,
NART.2.Q1.M,TGO,2017,81.09317779541016,,
SAP.1.GLAST,TGO,2017,189343,,
NART.3.URB.Q5.F,TGO,2017,60.63327026367188,,
NART.3.URB,TGO,2017,73.19670104980469,,
NART.2.Q1.GPIA,TGO,2017,.9682999849319458,,
SLE.1.M,TGO,2017,7.638579845428467,,
GER.3,TGO,2017,37.28422164916992,,
OE.5T8.40505,TGO,2017,1,,
NART.2.Q2.LPIA,TGO,2017,0,NA,
10,TGO,2017,0,NA,
41937,TGO,2017,0,NA,
21500,TGO,2017,2410,,
NART.2.Q2.M.LPIA,TGO,2017,0,NA,
NART.1.URB.Q5.GPIA,TGO,2017,.9768099784851074,,
41924,TGO,2017,13602,,
NART.2.URB.Q5.F,TGO,2017,85.21395111083984,,
41921,TGO,2017,0,NIL,
NERT.3.CP,TGO,2017,42.98458862304688,,
NART.1.Q4.M.LPIA,TGO,2017,1.010800004005432,,
NART.1.RUR.Q4.F,TGO,2017,97.05155181884766,,
GTVP.2.V,TGO,2017,1.528409957885742,,
X.PPP.5T8.FSGOV,TGO,2017,103.3518371582031,,
SLE.2T3.GPIA,TGO,2017,.7279599905014038,,
42615,TGO,2017,53532,,
42656,TGO,2017,4201,,
NART.1.URB.Q5.M,TGO,2017,97.78997039794922,,
21517,TGO,2017,58792,,
NART.1.RUR.WPIA,TGO,2017,.8260400295257568,,
NERT.1.M.CP,TGO,2017,93.99508666992188,,
NART.3.URB.Q2,TGO,2017,0,NA,
NART.2.RUR.Q5.M,TGO,2017,97.67620086669922,,
GER.1T2,TGO,2017,106.4892272949219,,
NERT.2.GPIA,TGO,2017,.8667100071907043,,
NART.3.Q3.LPIA,TGO,2017,1.037600040435791,,
NART.1.Q1.GPIA,TGO,2017,.9499099850654602,,
NART.3.RUR.Q2,TGO,2017,70.05773162841797,,
NART.3.URB.Q5,TGO,2017,76.68350982666016,,
25007,TGO,2017,319,,
REPR.2.CP,TGO,2017,20.86133003234863,,
41907,TGO,2017,17600,,
20065,TGO,2017,240413,,
10404,TGO,2017,8,,
NART.3.Q4.LPIA,TGO,2017,.9929900169372559,,
NART.3.Q5.F,TGO,2017,61.3409309387207,,
MYS.1T8.AG25T99,TGO,2017,4.858580112457275,,
REPR.2.F.CP,TGO,2017,20.99728012084961,,
SAP.1.G1,TGO,2017,222942,,
NART.2.RUR.Q1.M,TGO,2017,81.09317779541016,,
NART.2.Q5.GPIA,TGO,2017,.911080002784729,,
NART.2.Q3.F.LPIA,TGO,2017,1.073130011558533,,
NART.3.Q1,TGO,2017,62.43487167358398,,
42635,TGO,2017,23546,,
41915,TGO,2017,16483,,
NART.2.RUR.Q2.M,TGO,2017,87.29878234863281,,
NART.2.RUR.Q2.F,TGO,2017,83.81572723388672,,
XSPENDP.5T8.FDPUB.FNNONS,TGO,2017,20.3979606628418,,
GER.2T3.GPIA,TGO,2017,.7383800148963928,,
NART.1.URB,TGO,2017,97.12528991699219,,
NART.2.F.WPIA,TGO,2017,.9077100157737732,,
REPR.2.G2.F.CP,TGO,2017,15.38545036315918,,
PRP.3,TGO,2017,30.67758941650391,,
REPR.1.G1.M.CP,TGO,2017,3.368439912796021,,
41929,TGO,2017,0,NA,
NART.1.URB.Q4,TGO,2017,97.54546356201172,,
NART.2.URB.Q3.GPIA,TGO,2017,.9213399887084961,,
NART.1.GPIA,TGO,2017,.9871799945831299,,
SLE.1T3.GPIA,TGO,2017,.8724600076675415,,
NART.3.RUR.Q4.GPIA,TGO,2017,.8986700177192688,,
NART.2.URB.Q3.M,TGO,2017,92.20066833496094,,
PRP.0,TGO,2017,32.84363174438477,,
REPR.1.F.CP,TGO,2017,7.598519802093506,,
42637,TGO,2017,1049,,
SAP.2.G1.M,TGO,2017,92820,,
NART.2.Q2.GPIA,TGO,2017,.9593999981880188,,
SLE.5T8,TGO,2017,.681119978427887,,
REPR.2.G2.CP,TGO,2017,15.96224021911621,,
NART.1.URB.Q4.M,TGO,2017,97.76126861572266,,
NART.1.Q2.M,TGO,2017,89.46787261962891,,
20064,TGO,2017,549330,,
404,TGO,2017,7,,
41936,TGO,2017,29637,,
OE.5T8.40535,TGO,2017,15,,
SLE.1T8.F,TGO,2017,11.49271011352539,,
NART.2.RUR.M,TGO,2017,87.49614715576172,,
41910,TGO,2017,4067,,
SAP.CE.M,TGO,2017,983221,,
NERT.1.CP,TGO,2017,91.73045349121094,,
NART.1.RUR.Q1.GPIA,TGO,2017,.9499099850654602,,
NART.3.Q5.M.LPIA,TGO,2017,.8463699817657471,,
OFST.3.F.CP,TGO,2017,156610,,
41933,TGO,2017,30085,,
SAP.1.AGM1.M,TGO,2017,113849,,
NERT.2.F.CP,TGO,2017,72.74323272705078,,
NART.2.URB.Q2.M,TGO,2017,0,NA,
GTVP.3.V,TGO,2017,18.93191909790039,,
NART.3.RUR.Q1.GPIA,TGO,2017,.7194499969482422,,
NART.1.Q4.M,TGO,2017,97.97499847412109,,
SAP.1.GLAST.M,TGO,2017,95698,,
GER.1T8,TGO,2017,74.6944580078125,,
41916,TGO,2017,10240,,
NART.3.Q2,TGO,2017,69.60368347167969,,
41940,TGO,2017,104804,,
NART.2.RUR.Q5.F,TGO,2017,95.36968994140625,,
21512,TGO,2017,0,NA,
NART.3.URB.Q3.GPIA,TGO,2017,.7333199977874756,,
MOR.5T8.40540,TGO,2017,2.573220014572144,,UIS_EST
NART.3,TGO,2017,70.45184326171875,,
NART.3.RUR.Q1.F,TGO,2017,50.95840072631836,,
NART.2.F.LPIA,TGO,2017,.9744499921798706,,
NART.3.M.LPIA,TGO,2017,.9197800159454346,,
NART.2.Q4.M,TGO,2017,96.84882354736328,,
OE.5T8.40535,TGO,2018,62,,
40034,TGO,2018,76957,,
21505,TGO,2018,2919,,
GER.1,TGO,2018,121.9148712158203,,
25051,TGO,2018,5537,,
41913,TGO,2018,0,NIL,
42620,TGO,2018,63588,,
GER.1.F,TGO,2018,120.4951705932617,,
PRP.01,TGO,2018,0,NA,
25003,TGO,2018,5220,,
SAP.2.G1.F,TGO,2018,93447,,
41930,TGO,2018,0,NIL,
X.USCONST.FSGOV,TGO,2018,300.6897277832031,,UIS_EST
SAP.0.M,TGO,2018,350515,,
NERT.1.M.CP,TGO,2018,95.10527038574219,,
REPR.2.G5.CP,TGO,2018,0,NA,
299902,TGO,2018,3,,
SLE.02.GPIA,TGO,2018,1.036669969558716,,
41933,TGO,2018,33807,,
OE.5T8.40525,TGO,2018,727,,UIS_EST
SAP.1.M,TGO,2018,641138,,
SAP.5T8,TGO,2018,723912,,
SLE.1,TGO,2018,7.448279857635498,,
OFST.1.CP,TGO,2018,85416,,
SAP.02.F,TGO,2018,345648,,
SAP.CE.M,TGO,2018,1008701,,
SAP.1.AGM1,TGO,2018,227809,,
SAP.2.G1,TGO,2018,188976,,
MOR.5T8.40520,TGO,2018,.0527300015091896,,
SAP.3.M,TGO,2018,249588,,
SAP.0.F,TGO,2018,345648,,
REPR.2.G1.CP,TGO,2018,19.35271072387695,,
SAP.1.GLAST.F,TGO,2018,96599,,
REPR.2.G2.M.CP,TGO,2018,16.26816940307617,,
SAP.1,TGO,2018,1270457,,
41937,TGO,2018,0,NA,
999975,TGO,2018,12,,
SLE.02.M,TGO,2018,.6651399731636047,,
GTVP.4.GPV,TGO,2018,0,NA,
SAP.1.AGM1.M,TGO,2018,114723,,
21508,TGO,2018,7115,,
21507,TGO,2018,15663,,
42110,TGO,2018,0,NA,
404,TGO,2018,8,,
20063,TGO,2018,758299,,
42619,TGO,2018,1245,,
41931,TGO,2018,50329,,
GER.1.M,TGO,2018,123.3084030151367,,
21513,TGO,2018,0,NA,
OE.5T8.40530,TGO,2018,82,,
26468,TGO,2018,0,NA,
PRP.1,TGO,2018,30.85876083374023,,
SAP.1.F,TGO,2018,629319,,
40055,TGO,2018,155739,,
41911,TGO,2018,14400,,
REPR.1.G1.M.CP,TGO,2018,1.363860011100769,,
MOR.5T8.40515,TGO,2018,.0126599995419383,,UIS_EST
SAP.CE.F,TGO,2018,988876,,
40050,TGO,2018,0,NA,
SAP.02,TGO,2018,696163,,
REPR.2.G1.M.CP,TGO,2018,19.92399978637695,,
X.PPPCONST.FSGOV,TGO,2018,735.3659057617188,,UIS_EST
REPR.1.G1.F.CP,TGO,2018,1.299160003662109,,
OE.5T8.40540,TGO,2018,2525,,UIS_EST
42096,TGO,2018,0,NA,
REPR.2.G3.CP,TGO,2018,23.86060905456543,,
SAP.3.F,TGO,2018,244182,,
PRP.02,TGO,2018,31.14698028564453,,
41910,TGO,2018,3641,,
42614,TGO,2018,2575,,
999987,TGO,2018,19,,
SAP.4.F,TGO,2018,149067,,
OE.5T8.40505,TGO,2018,1,,
FTP.5T8,TGO,2018,6.494249820709229,,
SAP.5T8.F,TGO,2018,357959,,
FTP.02,TGO,2018,92.98886108398438,,
25052,TGO,2018,1567,,
21503,TGO,2018,14908,,
REPR.2.G2.CP,TGO,2018,15.55980014801025,,
41936,TGO,2018,28691,,
SLE.1.F,TGO,2018,7.366990089416504,,
SAP.1.G1.M,TGO,2018,113459,,
REPR.2.G3.M.CP,TGO,2018,24.24748992919922,,
25055,TGO,2018,2962,,
42615,TGO,2018,56906,,
41917,TGO,2018,17810,,
41922,TGO,2018,62517,,
41940,TGO,2018,112846,,
21511,TGO,2018,14435,,
10404,TGO,2018,8,,
OE.5T8.40520,TGO,2018,50,,
21504,TGO,2018,6127,,
21501,TGO,2018,4994,,
299932,TGO,2018,6,,
SLE.1.GPIA,TGO,2018,.9786099791526794,,
SLE.5T8,TGO,2018,.7067800164222717,,
40032,TGO,2018,0,NA,
21506,TGO,2018,32298,,
21510,TGO,2018,28835,,
41919,TGO,2018,0,NA,
41921,TGO,2018,0,NIL,
25057,TGO,2018,31231,,
25056,TGO,2018,322,,
43617,TGO,2018,4881,,
OFST.1.M.CP,TGO,2018,31382,,
405,TGO,2018,2017,,
REPR.2.G3.F.CP,TGO,2018,23.35667037963867,,
21509,TGO,2018,3474,,
21512,TGO,2018,0,NA,
OFST.1.F.CP,TGO,2018,54034,,
41916,TGO,2018,11551,,
20163,TGO,2018,6389,,
41939,TGO,2018,0,NIL,
OFST.AGM1.M.CP,TGO,2018,6482,,
41918,TGO,2018,14969,,
21514,TGO,2018,0,NIL,
42099,TGO,2018,32193,,
21502,TGO,2018,32316,,
40054,TGO,2018,0,NA,
41912,TGO,2018,0,NA,
REPR.2.G5.M.CP,TGO,2018,0,NA,
THDUR.2T3,TGO,2018,7,,
X.US.FSGOV,TGO,2018,287.6128234863281,,UIS_EST
GER.1.GPIA,TGO,2018,.9771900177001953,,
REPR.2.F.CP,TGO,2018,21.98714065551758,,
400,TGO,2018,10,,
SAP.2.M,TGO,2018,367563,,
REPR.2.G2.F.CP,TGO,2018,14.69182968139648,,
10406,TGO,2018,2018,,
SAP.2.F,TGO,2018,359557,,
OFST.AGM1.F.CP,TGO,2018,5244,,
SLE.02,TGO,2018,.6777099967002869,,
SAP.2T3.M,TGO,2018,617151,,
42097,TGO,2018,384,,
X.PPP.FSGOV,TGO,2018,682.4404296875,,UIS_EST
42116,TGO,2018,0,NA,
41914,TGO,2018,60706,,
OE.5T8.40515,TGO,2018,12,,UIS_EST
REPR.1.G1.CP,TGO,2018,1.332039952278137,,
SAP.0,TGO,2018,696163,,
299905,TGO,2018,6,,
999973,TGO,2018,3,,
MOR.5T8.40510,TGO,2018,7.231669902801514,,
40035,TGO,2018,790577,,
41938,TGO,2018,0,NA,
SAP.CE,TGO,2018,1997577,,
20062,TGO,2018,1548876,,
41915,TGO,2018,18187,,
SLE.5T8.GPIA,TGO,2018,.486409991979599,,
SAP.2,TGO,2018,727120,,
SAP.2.G1.M,TGO,2018,95529,,
MOR.5T8.40540,TGO,2018,2.662620067596436,,UIS_EST
41926,TGO,2018,12465,,
SLE.1.M,TGO,2018,7.527989864349365,,
SAP.1.GLAST,TGO,2018,195300,,
OE.5T8.40510,TGO,2018,6857,,
41929,TGO,2018,0,NA,
21515,TGO,2018,0,NIL,
41920,TGO,2018,0,NA,
42637,TGO,2018,1027,,
20060,TGO,2018,155739,,
SAP.1.G1,TGO,2018,225209,,
REPR.2.CP,TGO,2018,22.02522087097168,,
21500,TGO,2018,10408,,
10405,TGO,2018,2017,,
999977,TGO,2018,16,,
NERT.1.GPIA,TGO,2018,.9611899852752686,,
SAP.4,TGO,2018,301448,,
SAP.1.AGM1.F,TGO,2018,113086,,
20162,TGO,2018,38582,,
40033,TGO,2018,76957,,
SAP.1.G1.F,TGO,2018,111750,,
42617,TGO,2018,2862,,
41927,TGO,2018,13722,,
41906,TGO,2018,5414,,
21516,TGO,2018,117099,,
MOR.5T8.40505,TGO,2018,.0010499999625608,,
41909,TGO,2018,16635,,
REPR.2.G4.CP,TGO,2018,32.13714981079102,,
SAP.4.M,TGO,2018,152381,,
41928,TGO,2018,0,NA,
41908,TGO,2018,3208,,
42654,TGO,2018,83826,,
PRP.0,TGO,2018,31.14698028564453,,
REPR.2.G4.M.CP,TGO,2018,29.79467010498047,,
OE.5T8.40500,TGO,2018,3399,,
20161,TGO,2018,5093,,
403,TGO,2018,10,,
NERT.1.CP,TGO,2018,93.27674865722656,,
999974,TGO,2018,3,,
SAP.2T3.F,TGO,2018,603739,,
SLE.5T8.F,TGO,2018,.4609099924564362,,
999978,TGO,2018,3,,
MOR.5T8.40535,TGO,2018,.0653899982571602,,
PRP.5T8,TGO,2018,17.56294059753418,,
SAP.3,TGO,2018,493770,,
20160,TGO,2018,5477,,
401,TGO,2018,6,,
REPR.2.M.CP,TGO,2018,22.05611991882324,,
406,TGO,2018,2018,,
299929,TGO,2018,3,,
10403,TGO,2018,10,,
NERT.1.F.CP,TGO,2018,91.41388702392578,,
REPR.2.G1.F.CP,TGO,2018,18.68659973144531,,
SLE.5T8.M,TGO,2018,.9475899934768677,,
41935,TGO,2018,30275,,
MOR.5T8.40530,TGO,2018,.0864799991250038,,
10,TGO,2018,0,NA,
25053,TGO,2018,94819,,
41907,TGO,2018,17408,,
40051,TGO,2018,78782,,
42635,TGO,2018,26920,,
20061,TGO,2018,78782,,
REPR.2.G5.F.CP,TGO,2018,0,NA,
SAP.2T3,TGO,2018,1220890,,
FTP.1,TGO,2018,16.55953979492188,,
999988,TGO,2018,2,,
999976,TGO,2018,4,,
41924,TGO,2018,15620,,
MOR.5T8.40525,TGO,2018,.7662000060081482,,UIS_EST
25007,TGO,2018,339,,
SLE.02.F,TGO,2018,.6904600262641907,,
REPR.2.G4.F.CP,TGO,2018,35.1126594543457,,
SAP.1.GLAST.M,TGO,2018,98701,,
SAP.02.M,TGO,2018,350515,,
OFST.AGM1.CP,TGO,2018,11726,,
MOR.5T8.40500,TGO,2018,3.584549903869629,,
SAP.5T8.M,TGO,2018,365953,,
13,TGO,2018,0,NA,
41925,TGO,2018,8522,,
42656,TGO,2018,3889,,
21517,TGO,2018,56393,,
41934,TGO,2018,20073,,
299902,TGO,2019,3,,
41926,TGO,2019,13076,,
42099,TGO,2019,33705,,
42096,TGO,2019,0,NA,
SAP.2.G1.M,TGO,2019,98524,,
41933,TGO,2019,34341,,
OFST.AGM1.F.CP,TGO,2019,9204,,
42097,TGO,2019,546,,
21517,TGO,2019,58957,,
41924,TGO,2019,15309,,
OE.5T8.40535,TGO,2019,100,,
41937,TGO,2019,0,NA,
999987,TGO,2019,19,,
299929,TGO,2019,3,,
MOR.5T8.40510,TGO,2019,6.808060169219971,,UIS_EST
41919,TGO,2019,0,NA,
25053,TGO,2019,98910,,
25052,TGO,2019,1725,,
GER.1.GPIA,TGO,2019,.9787600040435791,,
REPR.2.G1.CP,TGO,2019,18.19930076599121,,
SLE.1,TGO,2019,7.448480129241943,,
41908,TGO,2019,3652,,
21507,TGO,2019,16961,,
41909,TGO,2019,18463,,
25003,TGO,2019,5290,,
ILLPOP.AG15T99.URB.M,TGO,2019,64239,,
OE.5T8.40505,TGO,2019,0,NIL,
REPR.1.G1.M.CP,TGO,2019,.6736699938774109,,
ILLPOP.AG15T24.RUR.M,TGO,2019,51938,,
10404,TGO,2019,8,,
ILLPOP.AG15T99,TGO,2019,1564203,,
25007,TGO,2019,345,,
SAP.1.AGM1,TGO,2019,230851,,
SAP.0.F,TGO,2019,350465,,
REPR.1.G1.F.CP,TGO,2019,.6843900084495544,,
OE.5T8.40530,TGO,2019,97,,
41925,TGO,2019,9132,,
41915,TGO,2019,19032,,
SAP.1.F,TGO,2019,643460,,
SAP.0,TGO,2019,706020,,
ILLPOP.AG15T24.RUR.F,TGO,2019,99477,,
999977,TGO,2019,16,,
ILLPOP.AG15T99.RUR.F,TGO,2019,816080,,
21515,TGO,2019,0,NIL,
299905,TGO,2019,6,,
SLE.5T8,TGO,2019,.6661700010299683,,
FTP.02,TGO,2019,91.35529327392578,,
PRP.0,TGO,2019,30.93568992614746,,
REPR.2.G3.CP,TGO,2019,23.76046943664551,,
ILLPOP.AG15T24.RUR,TGO,2019,151415,,
GER.1.M,TGO,2019,123.2678909301758,,
41920,TGO,2019,0,NA,
SAP.2,TGO,2019,745746,,
SLE.1.F,TGO,2019,7.368269920349121,,
13,TGO,2019,0,NA,
41918,TGO,2019,18661,,
SAP.02.M,TGO,2019,355555,,
21511,TGO,2019,15296,,
OFST.1.M.CP,TGO,2019,30848,,
41928,TGO,2019,0,NA,
SLE.02.GPIA,TGO,2019,1.037870049476624,,
20063,TGO,2019,776334,,
OFST.1.CP,TGO,2019,64600,,
PRP.01,TGO,2019,0,NA,
42110,TGO,2019,0,NA,
41929,TGO,2019,0,NA,
SAP.4.M,TGO,2019,157537,,
SAP.2T3.F,TGO,2019,619815,,
21504,TGO,2019,6992,,
41934,TGO,2019,21522,,
SLE.1.M,TGO,2019,7.527130126953125,,
SAP.3.F,TGO,2019,251083,,
21500,TGO,2019,4285,,
FTP.5T8,TGO,2019,6.521739959716797,,
41927,TGO,2019,17313,,
41914,TGO,2019,63513,,
41940,TGO,2019,122595,,
SAP.3,TGO,2019,507941,,
41913,TGO,2019,0,NIL,
REPR.2.CP,TGO,2019,20.53573989868164,,
21510,TGO,2019,30710,,
41936,TGO,2019,35974,,
43617,TGO,2019,4945,,
SAP.1,TGO,2019,1298977,,
OE.5T8.40510,TGO,2019,6734,,UIS_EST
SLE.1.GPIA,TGO,2019,.9789000153541565,,
40054,TGO,2019,0,NA,
PRP.1,TGO,2019,32.26298904418945,,
SAP.1.M,TGO,2019,655517,,
21501,TGO,2019,2055,,
MOR.5T8.40535,TGO,2019,.1010999977588654,,
41911,TGO,2019,15414,,
REPR.2.F.CP,TGO,2019,20.69771957397461,,
SAP.2.G1.F,TGO,2019,96396,,
REPR.2.G5.M.CP,TGO,2019,0,NA,
SAP.2.M,TGO,2019,377014,,
10406,TGO,2019,2019,,
NERT.1.CP,TGO,2019,95.02686309814453,,
ILLPOPF.AG15T99.URB,TGO,2019,80.49137878417969,,
SAP.1.AGM1.F,TGO,2019,114577,,
999988,TGO,2019,2,,
MOR.5T8.40520,TGO,2019,.0505499988794327,,
42637,TGO,2019,1730,,
21512,TGO,2019,0,NA,
REPR.2.G2.M.CP,TGO,2019,16.34023094177246,,
REPR.2.G3.M.CP,TGO,2019,24.00305938720703,,
ILLPOP.AG15T99.M,TGO,2019,483076,,
SAP.1.G1,TGO,2019,226853,,
20161,TGO,2019,5770,,
ILLPOP.AG15T24.URB.M,TGO,2019,10772,,
SAP.1.AGM1.M,TGO,2019,116274,,
REPR.1.G1.CP,TGO,2019,.6788899898529053,,
MOR.5T8.40500,TGO,2019,3.563110113143921,,UIS_EST
REPR.2.G2.CP,TGO,2019,15.7167501449585,,
20162,TGO,2019,40626,,
REPR.2.G3.F.CP,TGO,2019,23.45878028869629,,
41907,TGO,2019,19500,,
MOR.5T8.40530,TGO,2019,.098070003092289,,
SLE.02,TGO,2019,.7391999959945679,,
25057,TGO,2019,33827,,
REPR.2.G4.M.CP,TGO,2019,23.29574012756348,,
OFST.AGM1.CP,TGO,2019,15736,,
SAP.5T8.F,TGO,2019,367009,,
21505,TGO,2019,3340,,
ILLPOPF.AG15T99,TGO,2019,69.11679077148438,,
42654,TGO,2019,88795,,
ILLPOPF.AG15T24.RUR,TGO,2019,65.69805145263672,,
400,TGO,2019,10,,
10403,TGO,2019,10,,
SLE.02.F,TGO,2019,.753570020198822,,
SAP.CE,TGO,2019,2044723,,
SAP.0.M,TGO,2019,355555,,
ILLPOP.AG15T99.URB,TGO,2019,329286,,
42656,TGO,2019,5730,,
26468,TGO,2019,0,NA,
SLE.5T8.M,TGO,2019,.866919994354248,,
OFST.1.F.CP,TGO,2019,33752,,
SAP.4.F,TGO,2019,154030,,
41930,TGO,2019,0,NIL,
41935,TGO,2019,30758,,
NERT.1.GPIA,TGO,2019,.9943400025367737,,
999975,TGO,2019,12,,
SAP.4,TGO,2019,311567,,
NERT.1.M.CP,TGO,2019,95.29409790039063,,
41912,TGO,2019,0,NA,
ILLPOP.AG15T24.F,TGO,2019,123863,,
21502,TGO,2019,36893,,
41906,TGO,2019,2230,,
21508,TGO,2019,8166,,
42620,TGO,2019,65083,,
OE.5T8.40540,TGO,2019,2375,,UIS_EST
ILLPOP.AG15T99.F,TGO,2019,1081127,,
40032,TGO,2019,0,NA,
401,TGO,2019,6,,
OFST.AGM1.M.CP,TGO,2019,6532,,
ILLPOP.AG15T99.RUR,TGO,2019,1234917,,
42614,TGO,2019,1119,,
20061,TGO,2019,87158,,
999976,TGO,2019,4,,
25056,TGO,2019,381,,
41921,TGO,2019,0,NIL,
ILLPOP.AG15T24.URB.F,TGO,2019,24386,,
ILLPOP.AG15T99.RUR.M,TGO,2019,418837,,
REPR.2.G4.F.CP,TGO,2019,28.78628921508789,,
40035,TGO,2019,808042,,
21503,TGO,2019,17393,,
25051,TGO,2019,2660,,
SAP.5T8,TGO,2019,742377,,
21514,TGO,2019,0,NIL,
42619,TGO,2019,1344,,
SAP.2.F,TGO,2019,368732,,
405,TGO,2019,2018,,
SAP.1.GLAST.F,TGO,2019,100406,,
REPR.2.M.CP,TGO,2019,20.40000915527344,,
ILLPOP.AG15T24.URB,TGO,2019,35158,,
999973,TGO,2019,3,,
OE.5T8.40520,TGO,2019,50,,
999974,TGO,2019,3,,
ILLPOP.AG15T24.M,TGO,2019,62710,,
ILLPOP.AG15T99.URB.F,TGO,2019,265047,,
SLE.5T8.F,TGO,2019,.4608500003814697,,
SAP.1.G1.M,TGO,2019,114327,,
41939,TGO,2019,0,NIL,
GER.1.F,TGO,2019,120.6499176025391,,
SAP.2.G1,TGO,2019,194920,,
SAP.1.GLAST,TGO,2019,202978,,
41931,TGO,2019,54830,,
25055,TGO,2019,1541,,
20062,TGO,2019,1584376,,
PRP.5T8,TGO,2019,17.84855079650879,,
406,TGO,2019,2019,,
NERT.1.F.CP,TGO,2019,94.75460815429688,,
MOR.5T8.40525,TGO,2019,.5795699954032898,,UIS_EST
ILLPOPF.AG15T99.RUR,TGO,2019,66.08380126953125,,
REPR.2.G1.F.CP,TGO,2019,17.57025909423828,,
SAP.1.GLAST.M,TGO,2019,102572,,
10405,TGO,2019,2018,,
21509,TGO,2019,3912,,
42116,TGO,2019,0,NA,
SAP.1.G1.F,TGO,2019,112526,,
21506,TGO,2019,35424,,
40051,TGO,2019,87158,,
ILLPOPF.AG15T24.URB,TGO,2019,69.36161804199219,,
41917,TGO,2019,17682,,
40034,TGO,2019,85067,,
REPR.2.G5.CP,TGO,2019,0,NA,
SAP.02,TGO,2019,706020,,
FTP.1,TGO,2019,17.03589057922363,,
20163,TGO,2019,6921,,
404,TGO,2019,8,,
ILLPOPF.AG15T24,TGO,2019,66.38841247558594,,
SAP.5T8.M,TGO,2019,375368,,
MOR.5T8.40540,TGO,2019,2.401510000228882,,UIS_EST
41916,TGO,2019,12390,,
40055,TGO,2019,172225,,
REPR.2.G4.CP,TGO,2019,25.78614044189453,,
REPR.2.G1.M.CP,TGO,2019,18.74892997741699,,
SAP.CE.F,TGO,2019,1012192,,
42617,TGO,2019,4000,,
999978,TGO,2019,3,,
PRP.02,TGO,2019,30.93568992614746,,
SAP.CE.M,TGO,2019,1032531,,
SLE.5T8.GPIA,TGO,2019,.5315899848937988,,
299932,TGO,2019,6,,
ILLPOP.AG15T24,TGO,2019,186573,,
SLE.02.M,TGO,2019,.7250300049781799,,
20060,TGO,2019,172225,,
41922,TGO,2019,67765,,
42635,TGO,2019,30175,,
42615,TGO,2019,58620,,
20160,TGO,2019,6316,,
GTVP.4.GPV,TGO,2019,0,NA,
40050,TGO,2019,0,NA,
41938,TGO,2019,0,NA,
OE.5T8.40500,TGO,2019,3524,,UIS_EST
SAP.2T3.M,TGO,2019,633872,,
THDUR.2T3,TGO,2019,7,,
SAP.02.F,TGO,2019,350465,,
MOR.5T8.40505,TGO,2019,0,NIL,
403,TGO,2019,10,,
SAP.3.M,TGO,2019,256858,,
REPR.2.G5.F.CP,TGO,2019,0,NA,
GER.1,TGO,2019,121.971061706543,,
41910,TGO,2019,4254,,
21513,TGO,2019,0,NA,
40033,TGO,2019,85067,,
21516,TGO,2019,122470,,
REPR.2.G2.F.CP,TGO,2019,14.96977043151855,,
SAP.2T3,TGO,2019,1253687,,
OE.5T8.40525,TGO,2019,573,,UIS_EST
10,TGO,2019,0,NA,
42615,TGO,2020,67092,,
OFST.AGM1.M.CP,TGO,2020,2467,,
SAP.1.GLAST,TGO,2020,207925,,
SR.1.G4.M.CP,TGO,2020,76.62975311279297,,
MOR.5T8.40530,TGO,2020,.0861200019717216,,
10,TGO,2020,0,NA,
21503,TGO,2020,14958,,
42654,TGO,2020,104119,,
41919,TGO,2020,0,NA,
SAP.4.F,TGO,2020,80690,,
21513,TGO,2020,0,NA,
41918,TGO,2020,16010,,
SLE.02,TGO,2020,.8778600096702576,,
SAP.2.G1.F,TGO,2020,100209,,
REPR.1.CP,TGO,2020,4.237599849700928,,
SAP.2.F,TGO,2020,379699,,
21516,TGO,2020,110717,,
41930,TGO,2020,0,NIL,
21502,TGO,2020,31981,,
42620,TGO,2020,73821,,
REPR.2.G5.F.CP,TGO,2020,0,NA,
MOR.5T8.40525,TGO,2020,.5349900126457214,,UIS_EST
SAP.5T8,TGO,2020,763019,,
SLE.5T8.GPIA,TGO,2020,.570169985294342,,
SLE.4.GPIA,TGO,2020,.1487399935722351,,
OFST.AGM1.F.CP,TGO,2020,0,NIL,
404,TGO,2020,11,,
GER.1,TGO,2020,123.5351867675781,,
40033,TGO,2020,102228,,
299902,TGO,2020,3,,
25055,TGO,2020,1543,,
SAP.0.M,TGO,2020,361378,,
21509,TGO,2020,3038,,
SLE.4,TGO,2020,.0006799999973737,,
REPR.1.G2.M.CP,TGO,2020,7.15871000289917,,
999977,TGO,2020,16,,
GER.3.M,TGO,2020,48.58160018920898,,
MOR.5T8.40540,TGO,2020,2.055569887161255,,UIS_EST
41920,TGO,2020,0,NA,
42116,TGO,2020,0,NA,
GER.4.GPIA,TGO,2020,.1529799997806549,,
REPR.1.G5.M.CP,TGO,2020,1.462870001792908,,
SLE.5T8,TGO,2020,.7533000111579895,,
PRP.5T8,TGO,2020,19.41090965270996,,
41939,TGO,2020,0,NIL,
21505,TGO,2020,2542,,
26468,TGO,2020,0,NA,
SAP.2T3.M,TGO,2020,652133,,
10406,TGO,2020,2020,,
20071,TGO,2020,89247,,
40032,TGO,2020,0,NA,
REPR.1.G3.F.CP,TGO,2020,1.199249982833862,,
REPR.1.G7.CP,TGO,2020,0,NA,
OE.5T8.40510,TGO,2020,7297,,UIS_EST
10404,TGO,2020,8,,
SR.1.GLAST.F.CP,TGO,2020,58.3372917175293,,
41934,TGO,2020,22510,,
SAP.1.GLAST.M,TGO,2020,105047,,
20062,TGO,2020,1634441,,
40051,TGO,2020,105275,,
SAP.5T8.M,TGO,2020,385890,,
41914,TGO,2020,57008,,
REPR.2.M.CP,TGO,2020,13.19565963745117,,
OFST.AGM1.CP,TGO,2020,2467,,
403,TGO,2020,9,,
20160,TGO,2020,7598,,
41911,TGO,2020,15109,,
GER.4.F,TGO,2020,.0161099992692471,,
299905,TGO,2020,6,,
PRP.3,TGO,2020,33.97819137573242,,
21501,TGO,2020,1080,,
REPR.1.G2.CP,TGO,2020,7.300640106201172,,
PRP.4,TGO,2020,0,NIL,
25003,TGO,2020,5361,,
401,TGO,2020,6,,
SAP.4,TGO,2020,163302,,
41940,TGO,2020,119379,,
REPR.1.G4.M.CP,TGO,2020,7.493949890136719,,
21517,TGO,2020,53709,,
999987,TGO,2020,19,,
REPR.1.G5.F.CP,TGO,2020,1.541030049324036,,
REPR.1.G3.CP,TGO,2020,1.208940029144287,,
42097,TGO,2020,605,,
40054,TGO,2020,0,NA,
SAP.3.F,TGO,2020,257856,,
SR.1.G5.F.CP,TGO,2020,74.07771301269531,,
REPR.2.CP,TGO,2020,13.49022960662842,,
999973,TGO,2020,3,,
43617,TGO,2020,5010,,
13,TGO,2020,0,NA,
999978,TGO,2020,3,,
NERT.1.GPIA,TGO,2020,.9877600073814392,,
25057,TGO,2020,41135,,
REPR.2.G4.CP,TGO,2020,22.87796020507813,,
REPR.2.G3.F.CP,TGO,2020,15.97294998168945,,
GER.4,TGO,2020,.0612399987876415,,
40047,TGO,2020,87,,
SR.1.G4.GPIA,TGO,2020,1.003489971160889,,
SAP.2.G1.M,TGO,2020,102395,,
21507,TGO,2020,16578,,
21504,TGO,2020,5249,,
SLE.1.M,TGO,2020,7.523849964141846,,
25051,TGO,2020,2580,,
SLE.02.GPIA,TGO,2020,1.043140053749084,,
SR.1.G5.CP,TGO,2020,74.52339172363281,,
21512,TGO,2020,0,NA,
REPR.1.G6.F.CP,TGO,2020,9.080089569091797,,
41931,TGO,2020,54856,,
REPR.2.G1.M.CP,TGO,2020,11.63724040985107,,
40034,TGO,2020,102228,,
OE.5T8.40530,TGO,2020,99,,
41906,TGO,2020,1119,,
42104,TGO,2020,28452,,
REPR.1.G4.F.CP,TGO,2020,7.375589847564697,,
41908,TGO,2020,2707,,
MOR.5T8.40500,TGO,2020,3.531069993972778,,
SAP.1.G1,TGO,2020,229946,,
REPR.1.G2.F.CP,TGO,2020,7.448440074920654,,
FTP.02,TGO,2020,92.03737640380859,,
41912,TGO,2020,0,NA,
20161,TGO,2020,6993,,
SLE.02.F,TGO,2020,.8973600268363953,,
GER.3.GPIA,TGO,2020,.7124300003051758,,
10403,TGO,2020,11,,
REPR.2.G3.CP,TGO,2020,15.84020042419434,,
SLE.4.M,TGO,2020,.0011800000211224,,
25052,TGO,2020,1548,,
42617,TGO,2020,4492,,
41913,TGO,2020,0,NIL,
REPR.1.G1.CP,TGO,2020,.5926899909973145,,
MOR.5T8.40505,TGO,2020,.0008699999889359,,
25056,TGO,2020,348,,
SAP.1.AGM1.M,TGO,2020,117982,,
REPR.2.G5.M.CP,TGO,2020,0,NA,
REPR.2.G2.F.CP,TGO,2020,5.585999965667725,,
20076,TGO,2020,100,,
OE.5T8.40505,TGO,2020,1,,
40041,TGO,2020,128219,,
NERT.1.F.CP,TGO,2020,98.25807952880859,,
REPR.1.G5.CP,TGO,2020,1.501219987869263,,
999974,TGO,2020,3,,
41936,TGO,2020,32432,,
SAP.1.F,TGO,2020,655426,,
FTP.1,TGO,2020,17.44992065429688,,
41909,TGO,2020,17946,,
20162,TGO,2020,41685,,
SAP.CE,TGO,2020,2090964,,
GTVP.4.V,TGO,2020,100,,
REPR.2.G5.CP,TGO,2020,0,NA,
SR.1.G5.M.CP,TGO,2020,74.95632934570313,,
41928,TGO,2020,0,NA,
21515,TGO,2020,0,NIL,
SLE.1.GPIA,TGO,2020,.9823499917984009,,
SR.1.GLAST.GPIA,TGO,2020,.9593799710273743,,
REPR.2.G3.M.CP,TGO,2020,15.73099040985107,,
REPR.2.G1.F.CP,TGO,2020,10.83788013458252,,
GTVP.3.V,TGO,2020,15.79281044006348,,
41938,TGO,2020,0,NA,
REPR.2.G1.CP,TGO,2020,11.26356029510498,,
PRP.1,TGO,2020,33.14759826660156,,
OE.5T8.40525,TGO,2020,615,,UIS_EST
SAP.2.G1,TGO,2020,202604,,
REPR.1.G1.M.CP,TGO,2020,.6326000094413757,,
299929,TGO,2020,3,,
GER.4.M,TGO,2020,.1053100004792213,,
OE.5T8.40540,TGO,2020,2363,,UIS_EST
41917,TGO,2020,18172,,
SLE.02.M,TGO,2020,.8586500287055969,,
SAP.CE.M,TGO,2020,1055839,,
SAP.0.F,TGO,2020,356061,,
20182,TGO,2020,30494,,
MOR.5T8.40510,TGO,2020,6.347799777984619,,UIS_EST
21506,TGO,2020,34524,,
40050,TGO,2020,0,NA,
42635,TGO,2020,37027,,
41925,TGO,2020,9754,,
405,TGO,2020,2019,,
42656,TGO,2020,6709,,
GER.1.M,TGO,2020,124.565071105957,,
REPR.1.G3.M.CP,TGO,2020,1.218379974365234,,
REPR.1.G4.CP,TGO,2020,7.435550212860107,,
42614,TGO,2020,1037,,
REPR.1.M.CP,TGO,2020,4.183090209960938,,
SR.1.G4.CP,TGO,2020,76.76148986816406,,
GER.1.F,TGO,2020,122.4861373901367,,
20070,TGO,2020,217466,,
SLE.5T8.M,TGO,2020,.9564999938011169,,
GER.1.GPIA,TGO,2020,.9833099842071533,,
REPR.1.G7.F.CP,TGO,2020,0,NA,
SAP.5T8.F,TGO,2020,377129,,
PRP.01,TGO,2020,0,NA,
REPR.1.G6.M.CP,TGO,2020,8.414679527282715,,
42110,TGO,2020,0,NA,
SR.1.G4.F.CP,TGO,2020,76.89685821533203,,
REPR.1.G1.F.CP,TGO,2020,.5511299967765808,,
SLE.1,TGO,2020,7.458099842071533,,
41937,TGO,2020,0,NA,
999988,TGO,2020,1,,
20061,TGO,2020,105275,,
SAP.CE.F,TGO,2020,1035125,,
41907,TGO,2020,17023,,
SAP.1.AGM1.F,TGO,2020,116219,,
OFST.1.F.CP,TGO,2020,11417,,
PRP.02,TGO,2020,33.20241165161133,,
SAP.3,TGO,2020,521781,,
41929,TGO,2020,0,NA,
NERT.1.CP,TGO,2020,98.87254333496094,,
20063,TGO,2020,802806,,
SAP.1.AGM1,TGO,2020,234201,,
SAP.0,TGO,2020,717439,,
SAP.02,TGO,2020,717439,,
SLE.5T8.F,TGO,2020,.5453699827194214,,
41916,TGO,2020,12756,,
OFST.1.CP,TGO,2020,14917,,
REPR.2.G2.CP,TGO,2020,5.82125997543335,,
MOR.5T8.40520,TGO,2020,.0408900007605553,,
10405,TGO,2020,2019,,
41924,TGO,2020,14399,,
SAP.1,TGO,2020,1323057,,
41927,TGO,2020,16422,,
REPR.1.G7.M.CP,TGO,2020,0,NA,
OE.5T8.40535,TGO,2020,85,,
SAP.1.G1.M,TGO,2020,115894,,
20060,TGO,2020,207503,,
40035,TGO,2020,831635,,
REPR.2.F.CP,TGO,2020,13.83598041534424,,
GER.3,TGO,2020,41.67763900756836,,
21500,TGO,2020,2199,,
41915,TGO,2020,17585,,
400,TGO,2020,10,,
42637,TGO,2020,2217,,
FTP.2T3,TGO,2020,6.696400165557861,,
MOR.5T8.40535,TGO,2020,.0739400014281273,,
GTVP.3.GPV,TGO,2020,84.20719146728516,,
REPR.1.G6.CP,TGO,2020,8.740779876708984,,
OE.5T8.40520,TGO,2020,47,,
SAP.2.M,TGO,2020,388208,,
NERT.1.M.CP,TGO,2020,99.47576141357422,,
21511,TGO,2020,15513,,
GTVP.4.GPV,TGO,2020,0,NA,
SAP.1.M,TGO,2020,667631,,
999975,TGO,2020,12,,
41926,TGO,2020,14281,,
42099,TGO,2020,34411,,
25053,TGO,2020,114956,,
SR.1.GLAST.M.CP,TGO,2020,60.80883026123047,,
41910,TGO,2020,3104,,
SLE.4.F,TGO,2020,.0001800000027288,,
SAP.4.M,TGO,2020,82612,,
21510,TGO,2020,30622,,
SAP.1.G1.F,TGO,2020,114052,,
SAP.2T3,TGO,2020,1289688,,
SR.1.G5.GPIA,TGO,2020,.9883000254631042,,
SLE.1.F,TGO,2020,7.391019821166992,,
41935,TGO,2020,32453,,
OFST.1.M.CP,TGO,2020,3500,,
SR.1.GLAST.CP,TGO,2020,59.58972930908203,,
FTP.5T8,TGO,2020,6.547289848327637,,
PRP.0,TGO,2020,33.20241165161133,,
999976,TGO,2020,4,,
20163,TGO,2020,7274,,
42096,TGO,2020,0,NA,
41933,TGO,2020,31984,,
41921,TGO,2020,0,NIL,
SAP.2,TGO,2020,767907,,
SAP.02.M,TGO,2020,361378,,
299932,TGO,2020,6,,
THDUR.2T3,TGO,2020,7,,
40055,TGO,2020,207503,,
20183,TGO,2020,2042,,
406,TGO,2020,2020,,
GER.3.F,TGO,2020,34.61117935180664,,
SAP.02.F,TGO,2020,356061,,
REPR.2.G4.M.CP,TGO,2020,20.83333015441895,,
REPR.2.G2.M.CP,TGO,2020,6.020170211791992,,
SAP.1.GLAST.F,TGO,2020,102878,,
REPR.2.G4.F.CP,TGO,2020,25.26276969909668,,
SAP.2T3.F,TGO,2020,637555,,
SAP.3.M,TGO,2020,263925,,
25007,TGO,2020,351,,
20077,TGO,2020,13,,
OE.5T8.40500,TGO,2020,4059,,
41922,TGO,2020,64523,,
21508,TGO,2020,6142,,
REPR.1.F.CP,TGO,2020,4.294060230255127,,
21514,TGO,2020,0,NIL,
42619,TGO,2020,1200,,
405,TGO,2021,2020,,
OE.5T8.40535,TGO,2021,66,,
26559,TGO,2021,0,NIL,
26512,TGO,2021,0,NIL,
26537,TGO,2021,0,NIL,
42096,TGO,2021,0,NA,
GER.2T3.M,TGO,2021,70.35926818847656,,
400,TGO,2021,10,,
41920,TGO,2021,0,NA,
OFST.1T3.M.CP,TGO,2021,193779,,
26456,TGO,2021,0,NIL,
26601,TGO,2021,0,NIL,
42619,TGO,2021,1142,,
SLE.2T3.GPIA,TGO,2021,.8104000091552734,,
26442,TGO,2021,92,,
E.5T8.FOREIGN.ORG40530,TGO,2021,0,NIL,
26593,TGO,2021,0,NIL,
PRP.0,TGO,2021,31.38122940063477,,
21502,TGO,2021,21713,,
41928,TGO,2021,0,NA,
20164,TGO,2021,21794,,
26541,TGO,2021,0,NIL,
SR.1.GLAST.CP,TGO,2021,65.20571136474609,,
26573,TGO,2021,0,NIL,
26489,TGO,2021,0,NIL,
20160,TGO,2021,7975,,
26599,TGO,2021,0,NIL,
26619,TGO,2021,0,NIL,
26535,TGO,2021,0,NIL,
THDUR.2T3,TGO,2021,7,,
26480,TGO,2021,0,NIL,
26578,TGO,2021,0,NIL,
25003,TGO,2021,4872,,
OFST.2.F.CP,TGO,2021,81384,,
20064,TGO,2021,630367,,
REPR.1.CP,TGO,2021,4.351210117340088,,
41930,TGO,2021,0,NIL,
26492,TGO,2021,0,NIL,
41918,TGO,2021,14380,,
OFST.2T3.F.CP,TGO,2021,239139,,
999977,TGO,2021,16,,
20062,TGO,2021,1629064,,
20076,TGO,2021,121,,
26494,TGO,2021,0,NIL,
42104,TGO,2021,30575,,
26570,TGO,2021,0,NIL,
26540,TGO,2021,0,NIL,
SLE.02.GPIA,TGO,2021,1.049110054969788,,
26622,TGO,2021,0,NIL,
26586,TGO,2021,0,NIL,
SAP.5T8.F,TGO,2021,388269,,
26643,TGO,2021,0,NIL,
41921,TGO,2021,0,NIL,
41915,TGO,2021,11197,,
21503,TGO,2021,10852,,
REPR.2.G3.F.CP,TGO,2021,13.18453025817871,,
SAP.1.GLAST,TGO,2021,214136,,
20063,TGO,2021,797554,,
26576,TGO,2021,0,NIL,
26631,TGO,2021,0,NIL,
E.5T8.FOREIGN.ORG40505,TGO,2021,0,NIL,
REPR.2.G5.F.CP,TGO,2021,0,NA,
26526,TGO,2021,0,NIL,
NERT.3.F.CP,TGO,2021,40.20967102050781,,
REPR.1.G1.M.CP,TGO,2021,.4452199935913086,,
GER.2T3,TGO,2021,64.29090118408203,,
26605,TGO,2021,0,NIL,
E.5T8.FOREIGN.ORG40535,TGO,2021,0,NIL,
REPR.1.G7.CP,TGO,2021,0,NA,
26467,TGO,2021,1,,
OE.5T8.40540,TGO,2021,2347,,UIS_EST
20163,TGO,2021,7714,,
26429,TGO,2021,163,,
26493,TGO,2021,0,NIL,
GER.1T2.GPIA,TGO,2021,.9410200119018555,,
GER.2.M,TGO,2021,85.86833190917969,,
20176,TGO,2021,15,,
20183,TGO,2021,2336,,
42100,TGO,2021,20223,,
SAP.2T3,TGO,2021,1325788,,
41922,TGO,2021,42964,,
GER.1T2,TGO,2021,105.7140197753906,,
REPR.2.G2.CP,TGO,2021,10.06583976745605,,
FTP.3,TGO,2021,6.881350040435791,,
26588,TGO,2021,0,NIL,
SLE.1T2.GPIA,TGO,2021,.9321699738502502,,
REPR.1.G5.F.CP,TGO,2021,1.39766001701355,,
26507,TGO,2021,0,NIL,
26579,TGO,2021,0,NIL,
41939,TGO,2021,0,NIL,
SAP.4.M,TGO,2021,85113,,
20083,TGO,2021,380683,,
26587,TGO,2021,0,NIL,
GER.1T2.F,TGO,2021,102.4708709716797,,
SAP.2.G1.M,TGO,2021,104869,,
26425,TGO,2021,135,,
REPR.1.M.CP,TGO,2021,4.436629772186279,,
REPR.2.G4.M.CP,TGO,2021,21.42635917663574,,
40044,TGO,2021,471678,,
26555,TGO,2021,0,NIL,
26445,TGO,2021,2,,
26517,TGO,2021,0,NIL,
26562,TGO,2021,0,NIL,
PRP.4,TGO,2021,0,NIL,
REPR.2.G1.M.CP,TGO,2021,15.63111019134521,,
NERT.1.CP,TGO,2021,98.98783874511719,,
21516,TGO,2021,69261,,
REPR.2.G2.M.CP,TGO,2021,10.65460014343262,,
41924,TGO,2021,9154,,
21501,TGO,2021,900,,
26534,TGO,2021,0,NIL,
SR.1.G4.GPIA,TGO,2021,1.030050039291382,,
26498,TGO,2021,0,NIL,
GER.3.F,TGO,2021,35.62821960449219,,
REPR.1.G4.F.CP,TGO,2021,7.632949829101563,,
E.5T8.FOREIGN.ORG40525,TGO,2021,5,,
26629,TGO,2021,0,NIL,
OE.5T8.40530,TGO,2021,114,,
SLE.4,TGO,2021,.0007999999797903,,
SAP.4.F,TGO,2021,83076,,
26536,TGO,2021,0,NIL,
21515,TGO,2021,0,NIL,
26478,TGO,2021,0,NIL,
SAP.3,TGO,2021,533982,,
26567,TGO,2021,0,NIL,
26510,TGO,2021,0,NIL,
26607,TGO,2021,0,NIL,
FTP.2T3,TGO,2021,7.097929954528809,,
41931,TGO,2021,38381,,
26642,TGO,2021,0,NIL,
26544,TGO,2021,0,NIL,
21507,TGO,2021,9761,,
26477,TGO,2021,0,NIL,
10406,TGO,2021,2021,,
26440,TGO,2021,183,,
41936,TGO,2021,29330,,
SLE.1.GPIA,TGO,2021,.9772499799728394,,
26483,TGO,2021,0,NIL,
26525,TGO,2021,0,NIL,
42615,TGO,2021,64838,,
41934,TGO,2021,8671,,
41919,TGO,2021,0,NA,
26463,TGO,2021,7,,
NERT.3.GPIA,TGO,2021,.7687299847602844,,
26561,TGO,2021,0,NIL,
26464,TGO,2021,0,NIL,
SR.1.GLAST.GPIA,TGO,2021,1.004009962081909,,
26575,TGO,2021,0,NIL,
26596,TGO,2021,0,NIL,
41908,TGO,2021,1747,,
26589,TGO,2021,0,NIL,
26527,TGO,2021,0,NIL,
26580,TGO,2021,0,NIL,
26506,TGO,2021,0,NIL,
26557,TGO,2021,0,NIL,
26448,TGO,2021,0,NIL,
SAP.2.M,TGO,2021,400250,,
26612,TGO,2021,0,NIL,
26611,TGO,2021,0,NIL,
40038,TGO,2021,343688,,
21514,TGO,2021,0,NIL,
26520,TGO,2021,0,NIL,
SAP.0.M,TGO,2021,367247,,
26598,TGO,2021,0,NIL,
26443,TGO,2021,35,,
26584,TGO,2021,4,,
REPR.1.G5.M.CP,TGO,2021,1.409950017929077,,
26602,TGO,2021,0,NIL,
REPR.1.G6.CP,TGO,2021,8.862000465393066,,
GER.2.GPIA,TGO,2021,.852649986743927,,
REPR.2.G1.F.CP,TGO,2021,13.91199970245361,,
OFST.2T3.M.CP,TGO,2021,193779,,
26421,TGO,2021,0,NIL,
SLE.1T3.GPIA,TGO,2021,.9097300171852112,,
SR.1.G4.F.CP,TGO,2021,81.89842987060547,,
26529,TGO,2021,0,NIL,
13,TGO,2021,0,NA,
26511,TGO,2021,0,NIL,
26604,TGO,2021,0,NIL,
41927,TGO,2021,14950,,
26486,TGO,2021,0,NIL,
OFST.3.F.CP,TGO,2021,157755,,
SLE.1T3.F,TGO,2021,11.29135990142822,,
40050,TGO,2021,0,NA,
299929,TGO,2021,3,,
41907,TGO,2021,10861,,
NERT.3.CP,TGO,2021,46.32928085327148,,
SAP.1.GLAST.M,TGO,2021,108152,,
42116,TGO,2021,0,NA,
OFST.AGM1.CP,TGO,2021,1458,,
REPR.1.G2.F.CP,TGO,2021,6.927519798278809,,
21517,TGO,2021,34473,,
43617,TGO,2021,4575,,
40035,TGO,2021,831510,,
SLE.02.F,TGO,2021,.8788300156593323,,
26582,TGO,2021,0,NIL,
40051,TGO,2021,104834,,
26444,TGO,2021,0,NIL,
26613,TGO,2021,0,NIL,
SAP.1.GLAST.F,TGO,2021,105984,,
26606,TGO,2021,0,NIL,
PRP.01,TGO,2021,0,NA,
26564,TGO,2021,0,NIL,
26590,TGO,2021,0,NIL,
REPR.2.G4.F.CP,TGO,2021,26.75156021118164,,
SLE.4.M,TGO,2021,.0014400000218302,,
26597,TGO,2021,0,NIL,
26508,TGO,2021,0,NIL,
OFST.2.CP,TGO,2021,146326,,
PRP.1,TGO,2021,33.001220703125,,
26500,TGO,2021,0,NIL,
26646,TGO,2021,0,NIL,
26447,TGO,2021,5,,
FTP.2,TGO,2021,7.208409786224365,,
GER.1T3,TGO,2021,92.89248657226563,,
26608,TGO,2021,0,NIL,
PRP.3,TGO,2021,34.0058708190918,,
40033,TGO,2021,101200,,
26458,TGO,2021,123,,
26640,TGO,2021,0,NIL,
SAP.CE.M,TGO,2021,1079216,,
26574,TGO,2021,0,NIL,
40047,TGO,2021,109,,
GER.3,TGO,2021,41.57331085205078,,
OFST.1T3.F.CP,TGO,2021,252758,,
41913,TGO,2021,0,NIL,
26455,TGO,2021,0,NIL,
SAP.1.G1.F,TGO,2021,115691,,
26522,TGO,2021,0,NIL,
SAP.0,TGO,2021,728928,,
SLE.02.M,TGO,2021,.835669994354248,,
41911,TGO,2021,9120,,
OFST.1T2.M.CP,TGO,2021,64942,,
REPR.1.G3.CP,TGO,2021,.8639299869537354,,
NERT.3.M.CP,TGO,2021,52.30643844604492,,
41912,TGO,2021,0,NA,
26479,TGO,2021,0,NIL,
26630,TGO,2021,0,NIL,
42635,TGO,2021,35158,,
PRP.02,TGO,2021,31.38122940063477,,
REPR.1.G5.CP,TGO,2021,1.403929948806763,,
26503,TGO,2021,0,NIL,
26548,TGO,2021,0,NIL,
20161,TGO,2021,7339,,
26625,TGO,2021,0,NIL,
21500,TGO,2021,1976,,
21504,TGO,2021,3421,,
SAP.0.F,TGO,2021,361681,,
26550,TGO,2021,0,NIL,
26487,TGO,2021,0,NIL,
26524,TGO,2021,0,NIL,
26553,TGO,2021,0,NIL,
FTP.5T8,TGO,2021,6.096059799194336,,
42099,TGO,2021,34536,,
SAP.CE.F,TGO,2021,1058089,,
41917,TGO,2021,12528,,
26516,TGO,2021,0,NIL,
401,TGO,2021,6,,
43188,TGO,2021,4312,,
26509,TGO,2021,0,NIL,
PRP.2,TGO,2021,29.74362945556641,,
901203,TGO,2021,0,NIL,
20065,TGO,2021,286679,,
20171,TGO,2021,765,,
GER.3.M,TGO,2021,47.38000869750977,,
20165,TGO,2021,1571,,
26470,TGO,2021,0,NIL,
26566,TGO,2021,0,NIL,
NERT.2.CP,TGO,2021,81.51997375488281,,
21506,TGO,2021,19944,,
SAP.02,TGO,2021,728928,,
999973,TGO,2021,3,,
999987,TGO,2021,19,,
26432,TGO,2021,280,,
GER.4.M,TGO,2021,.1280699968338013,,
SAP.2T3.M,TGO,2021,670385,,
41906,TGO,2021,1076,,
OE.5T8.40520,TGO,2021,44,,UIS_EST
SAP.1.AGM1,TGO,2021,237774,,
26546,TGO,2021,0,NIL,
GTVP.2T3.GPV,TGO,2021,93.80779266357422,,
26514,TGO,2021,0,NIL,
SLE.1T3,TGO,2021,11.85789012908936,,
26427,TGO,2021,147,,
E.5T8.FOREIGN.ORG40515,TGO,2021,0,NIL,
GER.2T3.F,TGO,2021,58.08380126953125,,
26434,TGO,2021,0,NIL,
SLE.1,TGO,2021,7.305840015411377,,
26610,TGO,2021,0,NIL,
GER.1.F,TGO,2021,119.6570892333984,,
42105,TGO,2021,15,,
41910,TGO,2021,1801,,
26485,TGO,2021,0,NIL,
26577,TGO,2021,0,NIL,
26585,TGO,2021,0,NIL,
26627,TGO,2021,0,NIL,
SAP.1.G1.M,TGO,2021,117603,,
999975,TGO,2021,12,,
26436,TGO,2021,0,NIL,
26554,TGO,2021,0,NIL,
SAP.02.F,TGO,2021,361681,,
SLE.2T3,TGO,2021,4.552050113677979,,
SLE.1T2,TGO,2021,10.578049659729,,
GER.4,TGO,2021,.0719399973750114,,
26449,TGO,2021,3,,
SAP.1.AGM1.F,TGO,2021,117967,,
10403,TGO,2021,12,,
41926,TGO,2021,10465,,
26462,TGO,2021,0,NIL,
26459,TGO,2021,2,,
26560,TGO,2021,0,NIL,
GER.4.GPIA,TGO,2021,.1127900034189224,,
SAP.2.G1,TGO,2021,207548,,
E.5T8.FOREIGN.ORG40500,TGO,2021,4,,
SR.1.G5.GPIA,TGO,2021,1.020969986915588,,
26594,TGO,2021,0,NIL,
26624,TGO,2021,0,NIL,
26603,TGO,2021,0,NIL,
SLE.1T2.F,TGO,2021,10.20275974273682,,
26519,TGO,2021,0,NIL,
26645,TGO,2021,0,NIL,
GER.1T3.F,TGO,2021,89.12966156005859,,
26543,TGO,2021,0,NIL,
26437,TGO,2021,28,,
26563,TGO,2021,0,NIL,
OE.5T8.40500,TGO,2021,4398,,
26482,TGO,2021,0,NIL,
REPR.1.G6.F.CP,TGO,2021,9.603190422058105,,
20061,TGO,2021,104834,,
SAP.5T8.M,TGO,2021,397500,,
26620,TGO,2021,0,NIL,
21509,TGO,2021,1828,,
SR.1.G5.CP,TGO,2021,80.22096252441406,,
26533,TGO,2021,0,NIL,
10405,TGO,2021,2020,,
20071,TGO,2021,94004,,
40055,TGO,2021,206034,,
REPR.2.G5.M.CP,TGO,2021,0,NA,
26457,TGO,2021,1419,,
SAP.02.M,TGO,2021,367247,,
REPR.1.G7.F.CP,TGO,2021,0,NA,
26438,TGO,2021,0,NIL,
406,TGO,2021,2021,,
26468,TGO,2021,0,NA,
26569,TGO,2021,0,NIL,
GER.1T3.GPIA,TGO,2021,.9228699803352356,,
26472,TGO,2021,1,,
SAP.2,TGO,2021,791806,,
SAP.2.G1.F,TGO,2021,102679,,
SLE.1T3.M,TGO,2021,12.41172981262207,,
26497,TGO,2021,0,NIL,
26515,TGO,2021,0,NIL,
26648,TGO,2021,0,NIL,
26614,TGO,2021,0,NIL,
REPR.2.G3.CP,TGO,2021,13.89093971252441,,
26450,TGO,2021,1,,
26530,TGO,2021,0,NIL,
SAP.CE,TGO,2021,2137305,,
OFST.AGM1.M.CP,TGO,2021,0,NIL,
GTVP.2.GPV,TGO,2021,97.15435791015625,,
21512,TGO,2021,0,NA,
OFST.1T3.CP,TGO,2021,446537,,
NERT.2.M.CP,TGO,2021,83.77464294433594,,
SR.1.G5.F.CP,TGO,2021,81.10562133789063,,
SAP.3.M,TGO,2021,270135,,
20162,TGO,2021,42250,,
GTVP.2T3.V,TGO,2021,6.19221019744873,,
40054,TGO,2021,0,NA,
26647,TGO,2021,0,NIL,
SLE.1.M,TGO,2021,7.389110088348389,,
OFST.3.M.CP,TGO,2021,128837,,
26556,TGO,2021,0,NIL,
26616,TGO,2021,0,NIL,
42617,TGO,2021,3080,,
20082,TGO,2021,852361,,
21513,TGO,2021,0,NA,
42637,TGO,2021,1241,,
GTVP.3.V,TGO,2021,15.69501972198486,,
26513,TGO,2021,0,NIL,
REPR.1.G3.M.CP,TGO,2021,.8740800023078918,,
26545,TGO,2021,0,NIL,
FTP.02,TGO,2021,92.02507781982422,,
404,TGO,2021,7,,
REPR.2.F.CP,TGO,2021,15.54092025756836,,
SR.1.GLAST.F.CP,TGO,2021,65.34736633300781,,
41940,TGO,2021,81345,,
26528,TGO,2021,0,NIL,
SAP.1.G1,TGO,2021,233294,,
26565,TGO,2021,0,NIL,
26474,TGO,2021,37160,,
26549,TGO,2021,0,NIL,
26484,TGO,2021,0,NIL,
26446,TGO,2021,0,NIL,
901204,TGO,2021,1,,
REPR.1.G7.M.CP,TGO,2021,0,NA,
299905,TGO,2021,6,,
SR.1.GLAST.M.CP,TGO,2021,65.06646728515625,,
OFST.1.CP,TGO,2021,13619,,
26469,TGO,2021,0,NIL,
26433,TGO,2021,183,,
26490,TGO,2021,0,NIL,
42110,TGO,2021,0,NA,
GER.1T2.M,TGO,2021,108.8936767578125,,
REPR.2.G3.M.CP,TGO,2021,14.48217964172363,,
SLE.1T2.M,TGO,2021,10.94513034820557,,
E.5T8.FOREIGN.ORG99000000,TGO,2021,37160,,
26591,TGO,2021,0,NIL,
26532,TGO,2021,0,NIL,
26473,TGO,2021,1,,
999974,TGO,2021,3,,
OFST.1T2.F.CP,TGO,2021,95003,,
SAP.4,TGO,2021,168189,,
26491,TGO,2021,0,NIL,
26523,TGO,2021,0,NIL,
42656,TGO,2021,4321,,
OFST.2T3.CP,TGO,2021,432918,,
26426,TGO,2021,1,,
42101,TGO,2021,10352,,
25052,TGO,2021,1427,,
REPR.1.G4.M.CP,TGO,2021,8.434229850769043,,
GTVP.2.V,TGO,2021,2.845639944076538,,
GER.2,TGO,2021,79.61128997802734,,
REPR.1.F.CP,TGO,2021,4.262159824371338,,
26638,TGO,2021,36513,,
E.5T8.FOREIGN.ORG40540,TGO,2021,3656,,
REPR.1.G4.CP,TGO,2021,8.03855037689209,,
REPR.2.G2.F.CP,TGO,2021,9.378720283508301,,
GER.1,TGO,2021,121.075080871582,,
OFST.AGM1.F.CP,TGO,2021,1458,,
20182,TGO,2021,32911,,
42654,TGO,2021,99996,,
999978,TGO,2021,3,,
26552,TGO,2021,0,NIL,
26628,TGO,2021,0,NIL,
26465,TGO,2021,3,,
20177,TGO,2021,0,NIL,
GER.2.F,TGO,2021,73.21533203125,,
E.5T8.FOREIGN.ORG40520,TGO,2021,0,NIL,
FTP.4,TGO,2021,0,NIL,
REPR.2.G4.CP,TGO,2021,23.87635040283203,,
GER.3.GPIA,TGO,2021,.7519699931144714,,
26621,TGO,2021,0,NIL,
REPR.2.CP,TGO,2021,15.50971984863281,,
21505,TGO,2021,1674,,
GER.1.GPIA,TGO,2021,.9770500063896179,,
PRP.2T3,TGO,2021,30.85371017456055,,
42097,TGO,2021,636,,
25007,TGO,2021,297,,
OFST.1T2.CP,TGO,2021,159945,,
SAP.1.AGM1.M,TGO,2021,119807,,
26461,TGO,2021,6,,
41929,TGO,2021,0,NA,
SLE.2T3.F,TGO,2021,4.070320129394531,,
20070,TGO,2021,221994,,
REPR.1.G2.CP,TGO,2021,7.498899936676025,,
SLE.1.F,TGO,2021,7.221030235290527,,
GER.4.F,TGO,2021,.0144400000572205,,
26641,TGO,2021,0,NIL,
OE.5T8.40505,TGO,2021,1,,UIS_EST
41925,TGO,2021,3812,,
10,TGO,2021,0,NA,
OE.5T8.40525,TGO,2021,695,,UIS_EST
SR.1.G5.M.CP,TGO,2021,79.38126373291016,,
26453,TGO,2021,0,NIL,
26531,TGO,2021,0,NIL,
26538,TGO,2021,0,NIL,
26551,TGO,2021,0,NIL,
REPR.2.G5.CP,TGO,2021,0,NA,
999976,TGO,2021,4,,
REPR.1.G1.CP,TGO,2021,.4148400127887726,,
26499,TGO,2021,0,NIL,
GER.1T3.M,TGO,2021,96.57887268066406,,
26441,TGO,2021,4,,
SAP.1,TGO,2021,1345499,,
GER.2T3.GPIA,TGO,2021,.8255299925804138,,
20170,TGO,2021,11117,,
26424,TGO,2021,1,,
41916,TGO,2021,4859,,
26572,TGO,2021,0,NIL,
SLE.4.F,TGO,2021,.0001500000071246,,
26502,TGO,2021,0,NIL,
FTP.1,TGO,2021,18.25798988342285,,
26637,TGO,2021,40825,,
26623,TGO,2021,0,NIL,
26431,TGO,2021,1,,
26583,TGO,2021,0,NIL,
26420,TGO,2021,40821,,
SLE.02,TGO,2021,.8570899963378906,,
41933,TGO,2021,20351,,
GTVP.4.GPV,TGO,2021,0,NA,
403,TGO,2021,9,,
SR.1.G4.M.CP,TGO,2021,79.41414642333984,,
OFST.3.CP,TGO,2021,286592,,
299932,TGO,2021,6,,
SAP.1.F,TGO,2021,666533,,
26595,TGO,2021,0,NIL,
21511,TGO,2021,9458,,
26547,TGO,2021,0,NIL,
999988,TGO,2021,1,,
MENF.5T8,TGO,2021,33132,,UIS_EST
26422,TGO,2021,0,NIL,
299902,TGO,2021,3,,
41937,TGO,2021,0,NA,
26558,TGO,2021,0,NIL,
40041,TGO,2021,127990,,
26644,TGO,2021,0,NIL,
26496,TGO,2021,0,NIL,
26600,TGO,2021,0,NIL,
SR.1.G4.CP,TGO,2021,80.62489318847656,,
26592,TGO,2021,0,NIL,
26435,TGO,2021,1,,
SLE.2T3.M,TGO,2021,5.02262020111084,,
26454,TGO,2021,3,,
26430,TGO,2021,542,,
SAP.3.F,TGO,2021,263847,,
26452,TGO,2021,0,NIL,
26423,TGO,2021,219,,
26488,TGO,2021,0,NIL,
GER.1.M,TGO,2021,122.4671020507813,,
26617,TGO,2021,0,NIL,
OE.5T8.40510,TGO,2021,7693,,UIS_EST
26618,TGO,2021,0,NIL,
26571,TGO,2021,4,,
41909,TGO,2021,10183,,
25056,TGO,2021,285,,
REPR.2.M.CP,TGO,2021,15.48270034790039,,
26476,TGO,2021,0,NIL,
21510,TGO,2021,18578,,
26542,TGO,2021,0,NIL,
26581,TGO,2021,0,NIL,
41914,TGO,2021,34788,,
OFST.2.M.CP,TGO,2021,64942,,
20077,TGO,2021,12,,
26521,TGO,2021,0,NIL,
26652,TGO,2021,0,NIL,
21508,TGO,2021,3629,,
26481,TGO,2021,0,NIL,
26501,TGO,2021,0,NIL,
41935,TGO,2021,22993,,
41938,TGO,2021,0,NA,
GTVP.3.GPV,TGO,2021,84.30497741699219,,
10404,TGO,2021,8,,
26504,TGO,2021,0,NIL,
26626,TGO,2021,0,NIL,
REPR.1.G1.F.CP,TGO,2021,.3829199969768524,,
26615,TGO,2021,0,NIL,
26471,TGO,2021,0,NIL,
SAP.2.F,TGO,2021,391556,,
SLE.4.GPIA,TGO,2021,.1044100001454353,,
SAP.2T3.F,TGO,2021,655403,,
SAP.1.M,TGO,2021,678966,,
20060,TGO,2021,206034,,
REPR.2.G1.CP,TGO,2021,14.81221961975098,,
NERT.2.F.CP,TGO,2021,79.21523284912109,,
26609,TGO,2021,0,NIL,
26439,TGO,2021,0,NIL,
SAP.5T8,TGO,2021,785769,,
REPR.1.G6.M.CP,TGO,2021,8.162850379943848,,
REPR.1.G3.F.CP,TGO,2021,.8533700108528137,,
26568,TGO,2021,0,NIL,
26428,TGO,2021,0,NIL,
26539,TGO,2021,0,NIL,
40034,TGO,2021,101200,,
GTVP.4.V,TGO,2021,100,,
NERT.2.GPIA,TGO,2021,.945580005645752,,
26460,TGO,2021,0,NIL,
26451,TGO,2021,68,,
40032,TGO,2021,0,NA,
REPR.1.G2.M.CP,TGO,2021,8.047340393066406,,
999988,TGO,2022,1,,
40034,TGO,2022,111843,,
SAP.CE,TGO,2022,2182156,,
SAP.1.AGM1,TGO,2022,242342,,
SAP.0.F,TGO,2022,367133,,
SAP.4.F,TGO,2022,85437,,
SAP.02.M,TGO,2022,372907,,
20162,TGO,2022,41132,,
SAP.2.G1.M,TGO,2022,107975,,
20160,TGO,2022,7802,,
405,TGO,2022,2021,,
FTP.02,TGO,2022,91.82260894775391,,
21500,TGO,2022,1331,,
SAP.2.G1,TGO,2022,213771,,
42096,TGO,2022,0,NA,
SAP.1.G1.F,TGO,2022,117478,,
40055,TGO,2022,228223,,
SAP.5T8.F,TGO,2022,400304,,
999973,TGO,2022,3,,
20061,TGO,2022,116380,,
SAP.02,TGO,2022,740040,,
OFST.AGM1.M.CP,TGO,2022,2275,,
21514,TGO,2022,0,NIL,
NERT.1.CP,TGO,2022,99.05081176757813,,
SAP.3.F,TGO,2022,270159,,
21516,TGO,2022,70884,,
20060,TGO,2022,228223,,
41919,TGO,2022,0,NA,
41940,TGO,2022,94986,,
OFST.AGM1.F.CP,TGO,2022,0,NIL,
41922,TGO,2022,50817,,
41908,TGO,2022,1241,,
SAP.1.GLAST,TGO,2022,219970,,
PRP.1,TGO,2022,33.13418960571289,,
41931,TGO,2022,44169,,
299932,TGO,2022,6,,
21513,TGO,2022,0,NA,
41913,TGO,2022,0,NIL,
SAP.1.AGM1.M,TGO,2022,122121,,
20163,TGO,2022,7854,,
41907,TGO,2022,12594,,
PRP.0,TGO,2022,27.58311080932617,,
400,TGO,2022,10,,
GER.1,TGO,2022,122.4782562255859,,
SLE.02,TGO,2022,.9337199926376343,,
SAP.2.G1.F,TGO,2022,105796,,
41917,TGO,2022,11931,,
SAP.1.G1,TGO,2022,236917,,
403,TGO,2022,9,,
GER.1.M,TGO,2022,123.7185897827148,,
20063,TGO,2022,819971,,
41936,TGO,2022,32888,,
SAP.1,TGO,2022,1365528,,
FTP.1,TGO,2022,19.09461975097656,,
41918,TGO,2022,15935,,
SAP.5T8,TGO,2022,810293,,
PRP.01,TGO,2022,0,NA,
42099,TGO,2022,33278,,
SAP.4.M,TGO,2022,87553,,
REPR.2.G5.F.CP,TGO,2022,0,NA,
SAP.2T3,TGO,2022,1363408,,
GER.1.F,TGO,2022,121.2148208618164,,
41911,TGO,2022,8778,,
21515,TGO,2022,0,NIL,
41925,TGO,2022,6218,,
999978,TGO,2022,3,,
SAP.4,TGO,2022,172990,,
SAP.2T3.F,TGO,2022,674093,,
42097,TGO,2022,638,,
SLE.02.GPIA,TGO,2022,1.05374002456665,,
299902,TGO,2022,3,,
40032,TGO,2022,0,NA,
SAP.02.F,TGO,2022,367133,,
SAP.0,TGO,2022,740040,,
GER.1.GPIA,TGO,2022,.9797599911689758,,
SAP.2.M,TGO,2022,412694,,
SAP.2,TGO,2022,816628,,
41914,TGO,2022,36891,,
THDUR.2T3,TGO,2022,7,,
41939,TGO,2022,0,NIL,
SAP.1.GLAST.M,TGO,2022,111079,,
21503,TGO,2022,10406,,
41938,TGO,2022,0,NA,
999975,TGO,2022,12,,
SLE.1.F,TGO,2022,7.279399871826172,,
10404,TGO,2022,8,,
REPR.2.G5.M.CP,TGO,2022,0,NA,
GTVP.4.GPV,TGO,2022,0,NA,
SAP.2.F,TGO,2022,403934,,
10,TGO,2022,0,NA,
42110,TGO,2022,0,NA,
40050,TGO,2022,0,NA,
21508,TGO,2022,3435,,
SLE.02.M,TGO,2022,.9081400036811829,,
299905,TGO,2022,6,,
SAP.3,TGO,2022,546780,,
SAP.1.F,TGO,2022,676461,,
21507,TGO,2022,10406,,
41927,TGO,2022,16953,,
PRP.02,TGO,2022,27.58311080932617,,
OFST.AGM1.CP,TGO,2022,2275,,
999977,TGO,2022,16,,
SAP.2T3.M,TGO,2022,689315,,
299929,TGO,2022,3,,
41930,TGO,2022,0,NIL,
SAP.0.M,TGO,2022,372907,,
40035,TGO,2022,852504,,
21510,TGO,2022,18519,,
41934,TGO,2022,14462,,
20062,TGO,2022,1672475,,
21512,TGO,2022,0,NA,
SAP.1.G1.M,TGO,2022,119439,,
OFST.1.CP,TGO,2022,12961,,
999976,TGO,2022,4,,
10403,TGO,2022,11,,
40033,TGO,2022,111843,,
10405,TGO,2022,2021,,
20161,TGO,2022,7164,,
SLE.1.GPIA,TGO,2022,.9797000288963318,,
41924,TGO,2022,11907,,
40054,TGO,2022,0,NA,
13,TGO,2022,0,NA,
SAP.1.GLAST.F,TGO,2022,108891,,
41928,TGO,2022,0,NA,
999987,TGO,2022,19,,
SAP.CE.F,TGO,2022,1080395,,
21509,TGO,2022,1676,,
21506,TGO,2022,22193,,
41937,TGO,2022,0,NA,
41912,TGO,2022,0,NA,
40051,TGO,2022,116380,,
401,TGO,2022,6,,
41929,TGO,2022,0,NA,
SLE.02.F,TGO,2022,.9597100019454956,,
41915,TGO,2022,14707,,
41933,TGO,2022,26614,,
SAP.5T8.M,TGO,2022,409989,,
406,TGO,2022,2022,,
42116,TGO,2022,0,NA,
21511,TGO,2022,9741,,
41926,TGO,2022,9091,,
21517,TGO,2022,33993,,
999974,TGO,2022,3,,
21502,TGO,2022,23000,,
SAP.CE.M,TGO,2022,1101761,,
404,TGO,2022,7,,
41921,TGO,2022,0,NIL,
41909,TGO,2022,11787,,
SLE.1,TGO,2022,7.35552978515625,,
41906,TGO,2022,732,,
41935,TGO,2022,21022,,
SAP.1.M,TGO,2022,689067,,
21501,TGO,2022,599,,
REPR.2.G5.CP,TGO,2022,0,NA,
SLE.1.M,TGO,2022,7.430270195007324,,
41910,TGO,2022,1759,,
10406,TGO,2022,2022,,
41920,TGO,2022,0,NA,
21504,TGO,2022,2406,,
41916,TGO,2022,8244,,
21505,TGO,2022,1165,,
SAP.1.AGM1.F,TGO,2022,120221,,
SAP.3.M,TGO,2022,276621,,
299905,TGO,2023,6,,
999977,TGO,2023,16,,
SAP.4.F,TGO,2023,87488,,
SAP.4.M,TGO,2023,89684,,
SAP.0,TGO,2023,749733,,
SAP.3.F,TGO,2023,277291,,
SAP.3,TGO,2023,561208,,
SAP.2.M,TGO,2023,425047,,
SAP.2,TGO,2023,841252,,
41938,TGO,2023,0,NA,
999988,TGO,2023,1,,
SAP.CE.F,TGO,2023,1101853,,
SAP.1.G1.M,TGO,2023,121744,,
SAP.2.G1.M,TGO,2023,110898,,
SAP.1.G1,TGO,2023,241453,,
404,TGO,2023,6,,
SAP.0.F,TGO,2023,371862,,
SAP.2.F,TGO,2023,416205,,
400,TGO,2023,10,,
SAP.02.F,TGO,2023,371862,,
SAP.CE,TGO,2023,2225436,,
SAP.1.F,TGO,2023,685648,,
406,TGO,2023,2023,,
299902,TGO,2023,3,,
SAP.2T3,TGO,2023,1402460,,
999975,TGO,2023,12,,
SAP.1.AGM1,TGO,2023,245743,,
SAP.3.M,TGO,2023,283917,,
41928,TGO,2023,0,NA,
999976,TGO,2023,4,,
SAP.1.AGM1.F,TGO,2023,121877,,
10,TGO,2023,0,NA,
SAP.02,TGO,2023,749733,,
13,TGO,2023,0,NA,
41919,TGO,2023,0,NA,
SAP.02.M,TGO,2023,377871,,
SAP.5T8.F,TGO,2023,411823,,
SAP.2.G1,TGO,2023,219590,,
SAP.4,TGO,2023,177172,,
41937,TGO,2023,0,NA,
SAP.0.M,TGO,2023,377871,,
SAP.2T3.F,TGO,2023,693496,,
401,TGO,2023,6,,
SAP.CE.M,TGO,2023,1123583,,
SAP.1,TGO,2023,1384184,,
299932,TGO,2023,6,,
SAP.2.G1.F,TGO,2023,108692,,
999978,TGO,2023,3,,
SAP.1.GLAST.F,TGO,2023,110047,,
SAP.5T8,TGO,2023,833835,,
405,TGO,2023,2022,,
SAP.1.AGM1.M,TGO,2023,123866,,
999973,TGO,2023,3,,
SAP.1.GLAST,TGO,2023,222281,,
SAP.1.GLAST.M,TGO,2023,112234,,
299929,TGO,2023,3,,
SAP.2T3.M,TGO,2023,708964,,
41920,TGO,2023,0,NA,
REPR.2.G5.M.CP,TGO,2023,0,NA,
SAP.1.M,TGO,2023,698536,,
REPR.2.G5.F.CP,TGO,2023,0,NA,
41929,TGO,2023,0,NA,
SAP.5T8.M,TGO,2023,422012,,
SAP.1.G1.F,TGO,2023,119709,,
403,TGO,2023,9,,
THDUR.2T3,TGO,2023,7,,
REPR.2.G5.CP,TGO,2023,0,NA,
999987,TGO,2023,19,,
999974,TGO,2023,3,,
