{
"type": "FeatureCollection",
"name": "carte_prefectures",
"crs": { "type": "name", "properties": { "name": "urn:ogc:def:crs:OGC:1.3:CRS84" } },
"features": [
{ "type": "Feature", "properties": { "region": "Centrale", "prefecture": "Blitta", "superficie_km2": 3114.2, "ctr_lon": 0.93422054010575817, "ctr_lat": 8.1697157534041693 }, "geometry": { "type": "Polygon", "coordinates": [ [ [ 0.695332, 8.403401 ], [ 0.731399867510788, 8.425394373065187 ], [ 0.77635577404517, 8.391836113962251 ], [ 0.78788410217278, 8.378800215246327 ], [ 0.885223530060184, 8.346834015318198 ], [ 0.919253816946937, 8.389361597259498 ], [ 0.931152421038769, 8.385019647806121 ], [ 0.946398936840995, 8.385320009389691 ], [ 0.961355017747421, 8.392295371321923 ], [ 0.980682385253932, 8.364847441686237 ], [ 1.015069777420256, 8.385448018475492 ], [ 1.021212014948497, 8.400131934943904 ], [ 1.042374359239201, 8.406626232038585 ], [ 1.054443822405732, 8.406188096888815 ], [ 1.091969048790207, 8.375257502975956 ], [ 1.105192897110028, 8.390868323701058 ], [ 1.121171655432746, 8.401804136194327 ], [ 1.175625333132556, 8.387884322152036 ], [ 1.210616175213556, 8.404929719228035 ], [ 1.236382578633698, 8.395629869650799 ], [ 1.238170713027389, 8.348816460429203 ], [ 1.22835826103431, 8.337401871898274 ], [ 1.235588190505804, 8.309339879269665 ], [ 1.248391134145968, 8.297673561707684 ], [ 1.253858447971556, 8.276056586774049 ], [ 1.259590150937005, 8.266444247054551 ], [ 1.24824976559689, 8.231496154070014 ], [ 1.279072266725886, 8.208212406596278 ], [ 1.272621507268395, 8.182359373199279 ], [ 1.279398259075204, 8.165801407200956 ], [ 1.253960850337701, 8.143742368495207 ], [ 1.247694059800239, 8.124532108491893 ], [ 1.249190135750623, 8.120090001250857 ], [ 1.275566158388716, 8.101146132821633 ], [ 1.247367348674882, 8.063267365466301 ], [ 1.261566327292811, 8.046920794507262 ], [ 1.242907295058008, 8.021345425278314 ], [ 1.210326278478133, 8.032735592862192 ], [ 1.205623278266652, 8.015699083466812 ], [ 1.163657961738827, 7.992734408674354 ], [ 1.144729755325222, 7.986709582564162 ], [ 1.130238655047285, 7.966405992394796 ], [ 1.105620709380566, 7.981216184178026 ], [ 1.080841015175148, 7.980984799844022 ], [ 1.048427778778299, 7.95811658876278 ], [ 1.036586761744185, 7.958159616464988 ], [ 1.023147589231604, 7.967531851941258 ], [ 1.000485928171616, 7.942849572017488 ], [ 0.984508945700901, 7.993776948096128 ], [ 0.978286958006381, 7.995923490774431 ], [ 0.953615449931076, 7.987201768125985 ], [ 0.922538865164508, 7.985254014275884 ], [ 0.90790371912105, 7.995414400088529 ], [ 0.883077763847544, 7.972210701095543 ], [ 0.860450749289342, 7.96495170194836 ], [ 0.813474498554331, 7.967787667694136 ], [ 0.804173494853168, 7.969285366860149 ], [ 0.786925687604162, 8.005578777083139 ], [ 0.749106176625185, 8.010628249185689 ], [ 0.733172773875253, 8.001565446376615 ], [ 0.71789582242668, 7.930303476490254 ], [ 0.668979707891993, 7.92343094313931 ], [ 0.641139167274038, 7.896856220275875 ], [ 0.622299925613228, 7.894828549985576 ], [ 0.617649, 7.926202 ], [ 0.614885, 7.926953 ], [ 0.611119, 7.940933 ], [ 0.613883, 7.944469 ], [ 0.610741, 7.945358 ], [ 0.612047, 7.949834 ], [ 0.60544, 7.956748 ], [ 0.60658, 7.960864 ], [ 0.603213, 7.962529 ], [ 0.596606, 7.986999 ], [ 0.597366, 7.989948 ], [ 0.607967, 7.991395 ], [ 0.607963, 7.996732 ], [ 0.598488, 8.008425 ], [ 0.597375, 8.014245 ], [ 0.60242, 8.022012 ], [ 0.593906, 8.040404 ], [ 0.597421, 8.044294 ], [ 0.598775, 8.056697 ], [ 0.597356, 8.061313 ], [ 0.592638, 8.061338 ], [ 0.584628, 8.093466 ], [ 0.586133, 8.103343 ], [ 0.592527, 8.103335 ], [ 0.591574, 8.138067 ], [ 0.606178, 8.139246 ], [ 0.609806, 8.145133 ], [ 0.610294, 8.163705 ], [ 0.607041, 8.172637 ], [ 0.612199, 8.175314 ], [ 0.613936, 8.185035 ], [ 0.599536, 8.186136 ], [ 0.590025, 8.194794 ], [ 0.588614, 8.202469 ], [ 0.601632, 8.214063 ], [ 0.61929, 8.215801 ], [ 0.619574, 8.219902 ], [ 0.626223, 8.224847 ], [ 0.627392, 8.231403 ], [ 0.623842, 8.23392 ], [ 0.624549, 8.237336 ], [ 0.638253, 8.245847 ], [ 0.638437, 8.260299 ], [ 0.674354, 8.259463 ], [ 0.681854, 8.265335 ], [ 0.683703, 8.276893 ], [ 0.688029, 8.280756 ], [ 0.710756, 8.289061 ], [ 0.731133, 8.286651 ], [ 0.729105, 8.290912 ], [ 0.731475, 8.314612 ], [ 0.728709, 8.316283 ], [ 0.730016, 8.333292 ], [ 0.727271, 8.33765 ], [ 0.73004, 8.34088 ], [ 0.725574, 8.34409 ], [ 0.717931, 8.34328 ], [ 0.720542, 8.349405 ], [ 0.710492, 8.351587 ], [ 0.711766, 8.366562 ], [ 0.707891, 8.371712 ], [ 0.712553, 8.376809 ], [ 0.708229, 8.377343 ], [ 0.711614, 8.379267 ], [ 0.707733, 8.384099 ], [ 0.709869, 8.38496 ], [ 0.699067, 8.38868 ], [ 0.705548, 8.394808 ], [ 0.693472, 8.395281 ], [ 0.695332, 8.403401 ] ] ] } },
{ "type": "Feature", "properties": { "region": "Centrale", "prefecture": "Mô", "superficie_km2": 1909.9, "ctr_lon": 0.64713506784002617, "ctr_lat": 8.7249912904464715 }, "geometry": { "type": "Polygon", "coordinates": [ [ [ 0.533521910885526, 8.867295872484245 ], [ 0.584391258164222, 8.886835242818147 ], [ 0.586684982491882, 8.907146658740537 ], [ 0.580174531797771, 8.915572996920089 ], [ 0.607985817993781, 8.94318674094154 ], [ 0.632733796908896, 8.942154567705359 ], [ 0.640708532160673, 8.960135039463749 ], [ 0.639753278747053, 8.978711326667307 ], [ 0.645342507004255, 8.999550538247099 ], [ 0.849538230962874, 8.947220093357343 ], [ 0.809281657115809, 8.869464117409214 ], [ 0.804639542423983, 8.847495084689111 ], [ 0.833222640056071, 8.779763728981386 ], [ 0.83069853563854, 8.61477861757233 ], [ 0.814109510761336, 8.607866844017636 ], [ 0.746269924058918, 8.563170481745598 ], [ 0.738497318981808, 8.505933214165735 ], [ 0.740556735987578, 8.461785094743632 ], [ 0.731399867510788, 8.425394373065187 ], [ 0.696529855047163, 8.404235199091936 ], [ 0.688839, 8.405665 ], [ 0.686092, 8.411582 ], [ 0.679136, 8.410036 ], [ 0.671668, 8.417805 ], [ 0.651659, 8.42244 ], [ 0.654274, 8.428775 ], [ 0.651699, 8.43272 ], [ 0.653939, 8.445402 ], [ 0.651658, 8.44843 ], [ 0.655958, 8.456236 ], [ 0.651363, 8.459882 ], [ 0.649319, 8.471966 ], [ 0.644786, 8.475757 ], [ 0.647085, 8.491139 ], [ 0.63975, 8.497893 ], [ 0.628913, 8.496666 ], [ 0.626215, 8.503007 ], [ 0.629841, 8.508387 ], [ 0.601765, 8.518338 ], [ 0.5905, 8.516352 ], [ 0.583182, 8.526524 ], [ 0.580313, 8.523739 ], [ 0.573854, 8.527817 ], [ 0.57122, 8.524177 ], [ 0.571176, 8.533348 ], [ 0.564733, 8.538678 ], [ 0.563652, 8.54564 ], [ 0.551436, 8.548958 ], [ 0.553671, 8.553357 ], [ 0.54878, 8.552409 ], [ 0.5358238, 8.5577508 ], [ 0.5318418, 8.5695265 ], [ 0.528011, 8.569472 ], [ 0.523799, 8.56396 ], [ 0.512722, 8.563128 ], [ 0.509952, 8.57188 ], [ 0.505177, 8.569712 ], [ 0.499727, 8.573448 ], [ 0.501519, 8.578999 ], [ 0.494326, 8.585559 ], [ 0.495754, 8.592437 ], [ 0.492079, 8.597099 ], [ 0.479999, 8.597922 ], [ 0.480062, 8.593759 ], [ 0.469556, 8.595649 ], [ 0.471471, 8.599504 ], [ 0.3826689, 8.7395378 ], [ 0.385235, 8.745134 ], [ 0.373862, 8.754281 ], [ 0.395829, 8.75386 ], [ 0.40092, 8.756869 ], [ 0.399655, 8.761063 ], [ 0.389246, 8.761681 ], [ 0.378167, 8.771988 ], [ 0.382035, 8.77767 ], [ 0.380067, 8.792793 ], [ 0.390195, 8.790491 ], [ 0.392456, 8.796626 ], [ 0.397973, 8.78956 ], [ 0.399781, 8.793965 ], [ 0.417983, 8.79234 ], [ 0.424008, 8.789592 ], [ 0.423551, 8.781079 ], [ 0.42777, 8.779136 ], [ 0.441122, 8.78801 ], [ 0.437487, 8.794367 ], [ 0.430636, 8.790748 ], [ 0.430336, 8.797565 ], [ 0.44256, 8.801622 ], [ 0.448214, 8.811355 ], [ 0.459668, 8.80973 ], [ 0.459036, 8.802173 ], [ 0.463757, 8.80054 ], [ 0.469049, 8.79178 ], [ 0.472023, 8.799465 ], [ 0.491319, 8.800359 ], [ 0.500394, 8.814492 ], [ 0.495357, 8.820469 ], [ 0.496823, 8.827157 ], [ 0.501398, 8.828874 ], [ 0.496002, 8.839736 ], [ 0.507559, 8.847675 ], [ 0.508729, 8.855237 ], [ 0.519538, 8.852986 ], [ 0.521486, 8.858505 ], [ 0.516911, 8.863978 ], [ 0.521921, 8.874012 ], [ 0.533521910885526, 8.867295872484245 ] ] ] } },
{ "type": "Feature", "properties": { "region": "Centrale", "prefecture": "Sotouboua", "superficie_km2": 2541.9, "ctr_lon": 0.98885371298980107, "ctr_lat": 8.6118439875672603 }, "geometry": { "type": "Polygon", "coordinates": [ [ [ 0.919253816946937, 8.389361597259498 ], [ 0.885223530060184, 8.346834015318198 ], [ 0.78788410217278, 8.378800215246327 ], [ 0.77635577404517, 8.391836113962251 ], [ 0.731399867510788, 8.425394373065187 ], [ 0.740556735987578, 8.461785094743632 ], [ 0.738497318981808, 8.505933214165735 ], [ 0.746269924058918, 8.563170481745598 ], [ 0.814109510761336, 8.607866844017636 ], [ 0.83069853563854, 8.61477861757233 ], [ 0.833222640056071, 8.779763728981386 ], [ 0.804639542423983, 8.847495084689111 ], [ 0.809281657115809, 8.869464117409214 ], [ 0.849538230962874, 8.947220093357343 ], [ 0.645342507004255, 8.999550538247099 ], [ 0.641566474626998, 9.015391046490034 ], [ 0.651463103184058, 9.022581052377843 ], [ 0.868474892172178, 8.982941617522409 ], [ 0.865821367695373, 8.969705598225046 ], [ 0.920098929764889, 8.932822945037771 ], [ 0.942131137120942, 8.899355905024922 ], [ 0.973840144141885, 8.812697209940671 ], [ 1.007999328872659, 8.796366736298365 ], [ 1.012777876719666, 8.789681834604854 ], [ 1.018988446207021, 8.791059581540498 ], [ 1.032457932054533, 8.78573638846029 ], [ 1.051783945020609, 8.756551917940728 ], [ 1.072891543235845, 8.750838542988808 ], [ 1.08862764099849, 8.751145347023098 ], [ 1.097908592923016, 8.758760380739579 ], [ 1.133372162616934, 8.74038616528598 ], [ 1.145071408100597, 8.746222047847153 ], [ 1.173389701407768, 8.75150161662644 ], [ 1.200580721638352, 8.726629935893699 ], [ 1.200110150036367, 8.717057089561392 ], [ 1.208533680140754, 8.689138380862531 ], [ 1.227509878373334, 8.67155350831772 ], [ 1.342382286191786, 8.674885238891241 ], [ 1.341982349322665, 8.670080227514488 ], [ 1.305455292388445, 8.63121361195792 ], [ 1.299789326712753, 8.613194437674981 ], [ 1.274877077662893, 8.580554886252163 ], [ 1.269721713644101, 8.546938213720333 ], [ 1.252853644191403, 8.537208117087248 ], [ 1.249569728309416, 8.50295162642643 ], [ 1.229804382927641, 8.485642169087591 ], [ 1.228659378273095, 8.464786303700432 ], [ 1.22219496279914, 8.458724706642217 ], [ 1.247821119111318, 8.403618597582122 ], [ 1.236382578633698, 8.395629869650799 ], [ 1.210616175213556, 8.404929719228035 ], [ 1.175625333132556, 8.387884322152036 ], [ 1.121171655432746, 8.401804136194327 ], [ 1.105192897110028, 8.390868323701058 ], [ 1.091969048790207, 8.375257502975956 ], [ 1.054443822405732, 8.406188096888815 ], [ 1.042374359239201, 8.406626232038585 ], [ 1.021212014948497, 8.400131934943904 ], [ 1.015069777420256, 8.385448018475492 ], [ 0.980682385253932, 8.364847441686237 ], [ 0.961355017747421, 8.392295371321923 ], [ 0.946398936840995, 8.385320009389691 ], [ 0.931152421038769, 8.385019647806121 ], [ 0.919253816946937, 8.389361597259498 ] ] ] } },
{ "type": "Feature", "properties": { "region": "Centrale", "prefecture": "Tchamba", "superficie_km2": 3073.4, "ctr_lon": 1.4675735914327941, "ctr_lat": 8.7389258904749578 }, "geometry": { "type": "Polygon", "coordinates": [ [ [ 1.280525098380305, 8.360724680710748 ], [ 1.238170713027389, 8.348816460429203 ], [ 1.236382578633698, 8.395629869650799 ], [ 1.247821119111318, 8.403618597582122 ], [ 1.22219496279914, 8.458724706642217 ], [ 1.228659378273095, 8.464786303700432 ], [ 1.229804382927641, 8.485642169087591 ], [ 1.249569728309416, 8.50295162642643 ], [ 1.252853644191403, 8.537208117087248 ], [ 1.269721713644101, 8.546938213720333 ], [ 1.274877077662893, 8.580554886252163 ], [ 1.299789326712753, 8.613194437674981 ], [ 1.305455292388445, 8.63121361195792 ], [ 1.341982349322665, 8.670080227514488 ], [ 1.346692428528382, 8.685444418821637 ], [ 1.345942771817703, 8.702402828048792 ], [ 1.353867520141689, 8.744748082654787 ], [ 1.332102627673743, 8.788054633198801 ], [ 1.341022321772303, 8.824687297832405 ], [ 1.335626308437153, 8.869999516381196 ], [ 1.331440872728866, 8.875243350523371 ], [ 1.320006963328996, 8.911187308789792 ], [ 1.333919848630413, 8.925701826546836 ], [ 1.370940256384158, 8.929195420646876 ], [ 1.373971050333754, 8.932188430059051 ], [ 1.378128682671669, 8.985181445660285 ], [ 1.387060959446804, 8.994392612174906 ], [ 1.379506996669376, 9.018691754568634 ], [ 1.386097637535336, 9.038797053248219 ], [ 1.38338305872185, 9.045854549473573 ], [ 1.387342367486263, 9.064388548664812 ], [ 1.397152046919061, 9.075806211469608 ], [ 1.395760578763242, 9.114009702752009 ], [ 1.4059257406708, 9.119350800821133 ], [ 1.42371705510374, 9.141576866551778 ], [ 1.363678805668645, 9.161850143776697 ], [ 1.361250199518985, 9.169973070790311 ], [ 1.372217713065573, 9.188556603523541 ], [ 1.380395585680673, 9.218250994052179 ], [ 1.410646464557464, 9.251440537516796 ], [ 1.436407522694146, 9.263506504634369 ], [ 1.450353108228382, 9.283158960452239 ], [ 1.510556, 9.210833 ], [ 1.567222, 9.17 ], [ 1.578333, 9.140278 ], [ 1.606389, 9.099722 ], [ 1.609722, 9.069167 ], [ 1.618889, 9.044167 ], [ 1.62, 9.006389 ], [ 1.615556, 8.971389 ], [ 1.621111, 8.95 ], [ 1.619444, 8.910833 ], [ 1.627778, 8.881111 ], [ 1.624722, 8.548056 ], [ 1.660833, 8.496944 ], [ 1.659167, 8.486111 ], [ 1.643333, 8.460556 ], [ 1.631111, 8.451944 ], [ 1.624167, 8.425278 ], [ 1.623611, 8.399167 ], [ 1.613056, 8.374722 ], [ 1.613056, 8.369167 ], [ 1.634722, 8.357778 ], [ 1.634444, 8.336046059035127 ], [ 1.582026826347417, 8.353130638255234 ], [ 1.572425609604379, 8.366462324227747 ], [ 1.535338245487723, 8.37907422567233 ], [ 1.523329605839844, 8.388930434666211 ], [ 1.481792866800488, 8.388039529932779 ], [ 1.469075551815859, 8.337720979486026 ], [ 1.459159348123988, 8.338346674669598 ], [ 1.424478540293127, 8.361782842343796 ], [ 1.39601547126618, 8.339151941564257 ], [ 1.381345246024116, 8.357403659373546 ], [ 1.378525782459349, 8.369845942647817 ], [ 1.347659709703424, 8.371829194087923 ], [ 1.344134362863813, 8.360501427291368 ], [ 1.331532814647747, 8.35095569175737 ], [ 1.301303622074548, 8.377624730158804 ], [ 1.292292534709237, 8.377912588189535 ], [ 1.280525098380305, 8.360724680710748 ] ] ] } },
{ "type": "Feature", "properties": { "region": "Centrale", "prefecture": "Tchaoudjo", "superficie_km2": 2650.1, "ctr_lon": 1.1798765950142422, "ctr_lat": 8.9959239860576599 }, "geometry": { "type": "Polygon", "coordinates": [ [ [ 0.973840144141885, 8.812697209940671 ], [ 0.942131137120942, 8.899355905024922 ], [ 0.920098929764889, 8.932822945037771 ], [ 0.865821367695373, 8.969705598225046 ], [ 0.873558288023895, 9.005107235458855 ], [ 0.898132033854169, 9.020848801702012 ], [ 0.910304257022159, 9.044158541473218 ], [ 1.007382506414025, 9.140191903051704 ], [ 1.021954631383362, 9.164571249710852 ], [ 1.062943471289007, 9.205144219176161 ], [ 1.135995074471043, 9.229920102632805 ], [ 1.150652563708447, 9.245228486707081 ], [ 1.176656393422721, 9.232217030256573 ], [ 1.218812942983382, 9.229091428570957 ], [ 1.233935712919785, 9.25663131436268 ], [ 1.262085538470138, 9.265529009743306 ], [ 1.296063930189332, 9.305300792191423 ], [ 1.317296138831592, 9.300363347454438 ], [ 1.348776226357238, 9.306523250987954 ], [ 1.386761426775235, 9.327148965903893 ], [ 1.412407353446045, 9.330344032737445 ], [ 1.431667, 9.301389 ], [ 1.450353108228382, 9.283158960452239 ], [ 1.436407522694146, 9.263506504634369 ], [ 1.410646464557464, 9.251440537516796 ], [ 1.380395585680673, 9.218250994052179 ], [ 1.372217713065573, 9.188556603523541 ], [ 1.361250199518985, 9.169973070790311 ], [ 1.363678805668645, 9.161850143776697 ], [ 1.42371705510374, 9.141576866551778 ], [ 1.4059257406708, 9.119350800821133 ], [ 1.395760578763242, 9.114009702752009 ], [ 1.397152046919061, 9.075806211469608 ], [ 1.387342367486263, 9.064388548664812 ], [ 1.38338305872185, 9.045854549473573 ], [ 1.386097637535336, 9.038797053248219 ], [ 1.379506996669376, 9.018691754568634 ], [ 1.387060959446804, 8.994392612174906 ], [ 1.378128682671669, 8.985181445660285 ], [ 1.373971050333754, 8.932188430059051 ], [ 1.370940256384158, 8.929195420646876 ], [ 1.333919848630413, 8.925701826546836 ], [ 1.320006963328996, 8.911187308789792 ], [ 1.331440872728866, 8.875243350523371 ], [ 1.335626308437153, 8.869999516381196 ], [ 1.341022321772303, 8.824687297832405 ], [ 1.332102627673743, 8.788054633198801 ], [ 1.353867520141689, 8.744748082654787 ], [ 1.345942771817703, 8.702402828048792 ], [ 1.346692428528382, 8.685444418821637 ], [ 1.342382286191786, 8.674885238891241 ], [ 1.227509878373334, 8.67155350831772 ], [ 1.208533680140754, 8.689138380862531 ], [ 1.200110150036367, 8.717057089561392 ], [ 1.200580721638352, 8.726629935893699 ], [ 1.173389701407768, 8.75150161662644 ], [ 1.145071408100597, 8.746222047847153 ], [ 1.133372162616934, 8.74038616528598 ], [ 1.097908592923016, 8.758760380739579 ], [ 1.08862764099849, 8.751145347023098 ], [ 1.072891543235845, 8.750838542988808 ], [ 1.051783945020609, 8.756551917940728 ], [ 1.032457932054533, 8.78573638846029 ], [ 1.018988446207021, 8.791059581540498 ], [ 1.012777876719666, 8.789681834604854 ], [ 1.007999328872659, 8.796366736298365 ], [ 0.973840144141885, 8.812697209940671 ] ] ] } },
{ "type": "Feature", "properties": { "region": "Kara", "prefecture": "Assoli", "superficie_km2": 820.3, "ctr_lon": 1.1830182588742952, "ctr_lat": 9.3341264289254156 }, "geometry": { "type": "Polygon", "coordinates": [ [ [ 1.062943471289007, 9.205144219176161 ], [ 1.030351737012593, 9.253080603210137 ], [ 0.959003300647708, 9.257921153671775 ], [ 0.938709266871773, 9.350251996059233 ], [ 0.952694653697398, 9.364639241196649 ], [ 0.988527644469875, 9.381702216563834 ], [ 0.999119969796197, 9.380907320024848 ], [ 1.017631918367722, 9.368736885483017 ], [ 1.084249429867912, 9.352018938135263 ], [ 1.121918465613465, 9.363516235023134 ], [ 1.119302669550648, 9.383640004035072 ], [ 1.139864629969917, 9.403645450673176 ], [ 1.156511384116397, 9.398771596846146 ], [ 1.197839682174977, 9.407351027972908 ], [ 1.192043183338854, 9.421298663451271 ], [ 1.200069253459759, 9.434238839732744 ], [ 1.217484493574862, 9.44725671908901 ], [ 1.228742360287709, 9.435966822196725 ], [ 1.243278980864573, 9.432343646103629 ], [ 1.250329382447938, 9.438542647229674 ], [ 1.259800638729751, 9.439069869363598 ], [ 1.269009383060044, 9.445173189304739 ], [ 1.303794229576533, 9.43958311760005 ], [ 1.306788570721158, 9.445620585824861 ], [ 1.330232348853233, 9.466333239959205 ], [ 1.346460353242379, 9.458712987829921 ], [ 1.357702562826427, 9.467018259990272 ], [ 1.374188232071286, 9.45898072068368 ], [ 1.373919057475147, 9.437829111361513 ], [ 1.393423033566331, 9.429120187793567 ], [ 1.398087525308261, 9.429915089739673 ], [ 1.400278, 9.378611 ], [ 1.412407353446045, 9.330344032737445 ], [ 1.386761426775235, 9.327148965903893 ], [ 1.348776226357238, 9.306523250987954 ], [ 1.317296138831592, 9.300363347454438 ], [ 1.296063930189332, 9.305300792191423 ], [ 1.262085538470138, 9.265529009743306 ], [ 1.233935712919785, 9.25663131436268 ], [ 1.218812942983382, 9.229091428570957 ], [ 1.176656393422721, 9.232217030256573 ], [ 1.150652563708447, 9.245228486707081 ], [ 1.135995074471043, 9.229920102632805 ], [ 1.062943471289007, 9.205144219176161 ] ] ] } },
{ "type": "Feature", "properties": { "region": "Kara", "prefecture": "Bassar", "superficie_km2": 3320.5, "ctr_lon": 0.75527926138915857, "ctr_lat": 9.2686727999903589 }, "geometry": { "type": "Polygon", "coordinates": [ [ [ 0.57189897938386, 9.414157981132789 ], [ 0.577959476282974, 9.445359751261591 ], [ 0.591128868693361, 9.447989407362817 ], [ 0.601668687798131, 9.445332292035621 ], [ 0.622949916838303, 9.458132924979466 ], [ 0.653865163705385, 9.457109641565028 ], [ 0.656787319549829, 9.465547841834203 ], [ 0.664779003976506, 9.470386903325927 ], [ 0.672843374854614, 9.510709480569401 ], [ 0.680144173706861, 9.511817882927396 ], [ 0.686354862607777, 9.533008239413485 ], [ 0.686009861275754, 9.545042414630332 ], [ 0.67486975699323, 9.547432555887683 ], [ 0.653520858958381, 9.565856794939856 ], [ 0.657974245338047, 9.580979132890944 ], [ 0.69415893325227, 9.593149204140671 ], [ 0.727479488692712, 9.587812568344049 ], [ 0.745266887544658, 9.624484381628029 ], [ 0.752987256123937, 9.616306304193669 ], [ 0.762232879546449, 9.587544771894347 ], [ 0.776353851842268, 9.587720269048493 ], [ 0.798914075889746, 9.605583319541243 ], [ 0.817051280843419, 9.599937625913219 ], [ 0.819488097965158, 9.634040901805282 ], [ 0.842348332059098, 9.654249631486238 ], [ 0.848554958881131, 9.666468596675942 ], [ 0.874812694646736, 9.678592424200501 ], [ 0.898827654505249, 9.65763370340453 ], [ 0.919233973710085, 9.654622935150108 ], [ 0.926337142456409, 9.636252895477826 ], [ 0.929990797628123, 9.598926192412225 ], [ 0.939842775867073, 9.592794619836159 ], [ 0.965436122311124, 9.59193153144829 ], [ 0.981039105629995, 9.584339908896375 ], [ 0.998236517314777, 9.583936028399787 ], [ 1.036173370633956, 9.563903161518379 ], [ 1.017809820257046, 9.524422167144825 ], [ 0.968930449877872, 9.526629780129987 ], [ 0.968269906289832, 9.502355961876647 ], [ 0.986596433326168, 9.494947042959428 ], [ 0.988183553665043, 9.472509641558966 ], [ 0.963960523256496, 9.468802125501684 ], [ 0.959991261873597, 9.461470827391658 ], [ 0.962707054660927, 9.441940264466805 ], [ 0.977059484705999, 9.422848506180003 ], [ 0.988527644469875, 9.381702216563834 ], [ 0.952694653697398, 9.364639241196649 ], [ 0.938709266871773, 9.350251996059233 ], [ 0.959003300647708, 9.257921153671775 ], [ 1.030351737012593, 9.253080603210137 ], [ 1.062943471289007, 9.205144219176161 ], [ 1.021954631383362, 9.164571249710852 ], [ 1.007382506414025, 9.140191903051704 ], [ 0.910304257022159, 9.044158541473218 ], [ 0.898132033854169, 9.020848801702012 ], [ 0.873558288023895, 9.005107235458855 ], [ 0.868474892172178, 8.982941617522409 ], [ 0.651463103184058, 9.022581052377843 ], [ 0.641566474626998, 9.015391046490034 ], [ 0.645342507004255, 8.999550538247099 ], [ 0.639753278747053, 8.978711326667307 ], [ 0.640708532160673, 8.960135039463749 ], [ 0.632733796908896, 8.942154567705359 ], [ 0.607985817993781, 8.94318674094154 ], [ 0.580174531797771, 8.915572996920089 ], [ 0.586684982491882, 8.907146658740537 ], [ 0.584391258164222, 8.886835242818147 ], [ 0.533521910885526, 8.867295872484245 ], [ 0.523658697296995, 8.875134321047796 ], [ 0.527313, 8.879172 ], [ 0.522033, 8.883722 ], [ 0.522042, 8.889869 ], [ 0.515093, 8.901627 ], [ 0.512422, 8.901594 ], [ 0.512606, 8.914172 ], [ 0.509011, 8.918174 ], [ 0.516568, 8.938686 ], [ 0.509629, 8.941039 ], [ 0.503846, 8.952138 ], [ 0.494202, 8.954029 ], [ 0.468337, 9.004704 ], [ 0.470697, 9.019383 ], [ 0.465408, 9.022826 ], [ 0.463269, 9.03433 ], [ 0.456948, 9.035334 ], [ 0.456238, 9.043858 ], [ 0.457492, 9.055254 ], [ 0.462502, 9.05425 ], [ 0.462477, 9.076142 ], [ 0.473068, 9.096322 ], [ 0.482827, 9.099434 ], [ 0.4866973, 9.1086645 ], [ 0.482849, 9.116669 ], [ 0.48491, 9.122979 ], [ 0.480923, 9.139498 ], [ 0.476761, 9.144977 ], [ 0.495432, 9.155974 ], [ 0.503093, 9.154122 ], [ 0.504843, 9.160455 ], [ 0.51157, 9.163661 ], [ 0.522006, 9.193719 ], [ 0.533602, 9.209416 ], [ 0.505835, 9.256413 ], [ 0.518657, 9.277156 ], [ 0.528435, 9.285572 ], [ 0.538395, 9.305841 ], [ 0.553127, 9.30475 ], [ 0.555882, 9.314521 ], [ 0.545134, 9.340876 ], [ 0.552505, 9.352288 ], [ 0.5670034, 9.4059263 ], [ 0.563676228779663, 9.408378201272162 ], [ 0.57189897938386, 9.414157981132789 ] ] ] } },
{ "type": "Feature", "properties": { "region": "Kara", "prefecture": "Binah", "superficie_km2": 554.8, "ctr_lon": 1.308922650897717, "ctr_lat": 9.7492240417553884 }, "geometry": { "type": "Polygon", "coordinates": [ [ [ 1.265262652799172, 9.704996491060898 ], [ 1.239252055094417, 9.705263634844277 ], [ 1.226841138248127, 9.712400940055574 ], [ 1.220978574833291, 9.72036705719343 ], [ 1.216109882139555, 9.741633007006685 ], [ 1.199758813994368, 9.756869737513584 ], [ 1.204325654534251, 9.783464169535216 ], [ 1.218608520942825, 9.801493907025787 ], [ 1.223118126764881, 9.813330224169887 ], [ 1.234821204139783, 9.822358603119989 ], [ 1.23090892990126, 9.847214460128283 ], [ 1.251632916225097, 9.852244321721237 ], [ 1.256529885137425, 9.861300822546214 ], [ 1.29148010707267, 9.879442403072495 ], [ 1.29188674453289, 9.900791745615251 ], [ 1.310397629863473, 9.922126614823235 ], [ 1.300562486977367, 9.93917264357232 ], [ 1.307639770481765, 9.960622761028354 ], [ 1.306849810266869, 9.96968358833224 ], [ 1.332079381106945, 10.010034010175648 ], [ 1.355, 9.995278 ], [ 1.363333, 9.825833 ], [ 1.3725, 9.807778 ], [ 1.363056, 9.768056 ], [ 1.365833, 9.663333 ], [ 1.366389, 9.658611 ], [ 1.373333, 9.652778 ], [ 1.373889, 9.646667 ], [ 1.367222, 9.633056 ], [ 1.368333, 9.596667 ], [ 1.3375, 9.5425 ], [ 1.352222, 9.517222 ], [ 1.360806938423857, 9.486294569322299 ], [ 1.318270620835677, 9.494466214425509 ], [ 1.310049715645681, 9.514968563547878 ], [ 1.310443020857799, 9.524171959168951 ], [ 1.305177209650024, 9.532851587543838 ], [ 1.290891334475243, 9.55149443063466 ], [ 1.272878512170143, 9.557873000365435 ], [ 1.27103569487391, 9.566743593913237 ], [ 1.275169435450409, 9.599824899831537 ], [ 1.285501150188046, 9.619049887763566 ], [ 1.280892733441368, 9.639734353522663 ], [ 1.294764811048691, 9.6640804629816 ], [ 1.296238080318584, 9.681335491746244 ], [ 1.289846479535428, 9.6893486539719 ], [ 1.278733728358341, 9.694043997265712 ], [ 1.265262652799172, 9.704996491060898 ] ] ] } },
{ "type": "Feature", "properties": { "region": "Kara", "prefecture": "Dankpen", "superficie_km2": 2665.6, "ctr_lon": 0.54828634355927486, "ctr_lat": 9.700488644465489 }, "geometry": { "type": "Polygon", "coordinates": [ [ [ 0.41718206489085, 10.043565166350309 ], [ 0.4250254552134, 10.03155174382697 ], [ 0.424511328730025, 10.001153171107321 ], [ 0.445499497230515, 9.976146267736864 ], [ 0.445425491529211, 9.966796634717127 ], [ 0.479254684402221, 9.943299534039868 ], [ 0.492673821873033, 9.950352297931049 ], [ 0.528356138753624, 9.949416362418047 ], [ 0.515131771151449, 9.91200368828863 ], [ 0.529514182245661, 9.905394164894242 ], [ 0.552261956858531, 9.902998252339438 ], [ 0.557885209834417, 9.89494404138153 ], [ 0.593947186997305, 9.893298314363745 ], [ 0.600469296832347, 9.898088954948747 ], [ 0.62143848910887, 9.885243108493896 ], [ 0.648026894248922, 9.905102946781852 ], [ 0.669511565944315, 9.876356840174385 ], [ 0.71511200827406, 9.842938903347166 ], [ 0.739348622958064, 9.862950246486024 ], [ 0.750993179757074, 9.858803587558725 ], [ 0.769896013002399, 9.868940499796345 ], [ 0.779107257024678, 9.899386344492324 ], [ 0.789161392540473, 9.904214891430092 ], [ 0.810474445594863, 9.896081206760673 ], [ 0.816441957157502, 9.881024799070905 ], [ 0.842249043982748, 9.868665437690133 ], [ 0.829841973377567, 9.830886999935958 ], [ 0.832174126741212, 9.825878948354692 ], [ 0.868360838831166, 9.821293771512595 ], [ 0.863244965416824, 9.787984216064363 ], [ 0.848720491866606, 9.772120080107184 ], [ 0.875068350034925, 9.753847671252299 ], [ 0.879663878971305, 9.706774977130227 ], [ 0.874812694646736, 9.678592424200501 ], [ 0.848554958881131, 9.666468596675942 ], [ 0.842348332059098, 9.654249631486238 ], [ 0.819488097965158, 9.634040901805282 ], [ 0.817051280843419, 9.599937625913219 ], [ 0.798914075889746, 9.605583319541243 ], [ 0.776353851842268, 9.587720269048493 ], [ 0.762232879546449, 9.587544771894347 ], [ 0.752987256123937, 9.616306304193669 ], [ 0.745266887544658, 9.624484381628029 ], [ 0.727479488692712, 9.587812568344049 ], [ 0.69415893325227, 9.593149204140671 ], [ 0.657974245338047, 9.580979132890944 ], [ 0.653520858958381, 9.565856794939856 ], [ 0.67486975699323, 9.547432555887683 ], [ 0.686009861275754, 9.545042414630332 ], [ 0.686354862607777, 9.533008239413485 ], [ 0.680144173706861, 9.511817882927396 ], [ 0.672843374854614, 9.510709480569401 ], [ 0.664779003976506, 9.470386903325927 ], [ 0.656787319549829, 9.465547841834203 ], [ 0.653865163705385, 9.457109641565028 ], [ 0.622949916838303, 9.458132924979466 ], [ 0.601668687798131, 9.445332292035621 ], [ 0.591128868693361, 9.447989407362817 ], [ 0.577959476282974, 9.445359751261591 ], [ 0.572357565246845, 9.414742500945472 ], [ 0.563676228779663, 9.408378201272162 ], [ 0.557033, 9.411167 ], [ 0.55502, 9.423136 ], [ 0.548823, 9.42224 ], [ 0.538159, 9.425858 ], [ 0.536018, 9.429773 ], [ 0.532789, 9.428491 ], [ 0.531605, 9.431874 ], [ 0.524573, 9.43165 ], [ 0.519308, 9.440312 ], [ 0.510051, 9.436926 ], [ 0.503435, 9.440452 ], [ 0.499967, 9.437939 ], [ 0.500131, 9.443724 ], [ 0.495306, 9.44599 ], [ 0.494772, 9.452177 ], [ 0.503861, 9.458388 ], [ 0.505662, 9.467607 ], [ 0.500625, 9.472325 ], [ 0.502923, 9.474895 ], [ 0.488754, 9.4869 ], [ 0.482625, 9.48503 ], [ 0.474178, 9.490675 ], [ 0.463334, 9.490115 ], [ 0.457068, 9.497879 ], [ 0.448704, 9.499486 ], [ 0.439062, 9.495069 ], [ 0.428808, 9.499612 ], [ 0.414599, 9.500684 ], [ 0.414978, 9.496388 ], [ 0.41165, 9.498473 ], [ 0.407512, 9.493985 ], [ 0.401419, 9.495434 ], [ 0.389012, 9.491553 ], [ 0.385628, 9.494057 ], [ 0.38218, 9.494373 ], [ 0.382582, 9.491746 ], [ 0.37615, 9.493141 ], [ 0.370362, 9.498652 ], [ 0.36929, 9.495957 ], [ 0.359421, 9.499213 ], [ 0.355152, 9.494033 ], [ 0.35025, 9.493223 ], [ 0.350153, 9.490041 ], [ 0.343547, 9.488299 ], [ 0.35049, 9.475308 ], [ 0.347592, 9.470866 ], [ 0.344853, 9.472447 ], [ 0.337541, 9.451738 ], [ 0.333538, 9.452689 ], [ 0.331704, 9.448234 ], [ 0.326958, 9.447012 ], [ 0.321981, 9.449116 ], [ 0.320243, 9.446184 ], [ 0.31252, 9.446243 ], [ 0.299549, 9.435899 ], [ 0.289238, 9.434335 ], [ 0.285293, 9.429867 ], [ 0.276954, 9.430489 ], [ 0.275777, 9.427417 ], [ 0.26887, 9.428434 ], [ 0.27031, 9.431703 ], [ 0.26088, 9.428705 ], [ 0.259315, 9.434362 ], [ 0.2470335, 9.4380382 ], [ 0.247938, 9.4424684 ], [ 0.2292323, 9.4635077 ], [ 0.2270527, 9.4783821 ], [ 0.2290404, 9.4859498 ], [ 0.2371785, 9.4859744 ], [ 0.2544832, 9.47779 ], [ 0.2697037, 9.4788742 ], [ 0.2749678, 9.487396 ], [ 0.2867281, 9.4868473 ], [ 0.3100634, 9.5024185 ], [ 0.3111942, 9.5066307 ], [ 0.3091514, 9.5127037 ], [ 0.2970869, 9.5228496 ], [ 0.2804142, 9.5258031 ], [ 0.2555609, 9.5194122 ], [ 0.2432501, 9.5245324 ], [ 0.2375471, 9.5342995 ], [ 0.235455, 9.5482921 ], [ 0.240063, 9.574648 ], [ 0.2532379, 9.5744023 ], [ 0.2669094, 9.5665559 ], [ 0.2894165, 9.5766733 ], [ 0.3185078, 9.5754376 ], [ 0.334265, 9.5785942 ], [ 0.3513367, 9.5719628 ], [ 0.3721374, 9.5789689 ], [ 0.38369, 9.5914565 ], [ 0.3735083, 9.6066686 ], [ 0.3711641, 9.6185902 ], [ 0.35631, 9.6250745 ], [ 0.3032184, 9.596381 ], [ 0.2958524, 9.5956252 ], [ 0.2773622, 9.6204628 ], [ 0.2757578, 9.6315919 ], [ 0.2642978, 9.6536233 ], [ 0.2638394, 9.6636216 ], [ 0.2792531, 9.6862722 ], [ 0.294495, 9.6801155 ], [ 0.3054393, 9.6681971 ], [ 0.3090492, 9.6585378 ], [ 0.3229731, 9.6509118 ], [ 0.3407362, 9.6570126 ], [ 0.3508783, 9.6748059 ], [ 0.3515659, 9.6941233 ], [ 0.3448022, 9.7176855 ], [ 0.3388096, 9.7222244 ], [ 0.3243739, 9.7227317 ], [ 0.3189048, 9.7278978 ], [ 0.3299637, 9.7611041 ], [ 0.3250932, 9.7720593 ], [ 0.3338602, 9.7738098 ], [ 0.3360376, 9.778779 ], [ 0.3296772, 9.7928956 ], [ 0.3397048, 9.8041884 ], [ 0.338215, 9.8140129 ], [ 0.3503053, 9.8258132 ], [ 0.357399, 9.8466959 ], [ 0.3553477, 9.8738568 ], [ 0.3511648, 9.8814777 ], [ 0.3512794, 9.9041698 ], [ 0.3551758, 9.9218934 ], [ 0.3597598, 9.9295132 ], [ 0.3873218, 9.9373878 ], [ 0.3865763, 9.9510168 ], [ 0.3694435, 9.9640537 ], [ 0.3586711, 9.9888846 ], [ 0.3575824, 9.9971235 ], [ 0.3615997, 10.0011193 ], [ 0.3646734, 10.015588 ], [ 0.3610428, 10.0306108 ], [ 0.3653335, 10.0342219 ], [ 0.3737762, 10.0263817 ], [ 0.3935445, 10.0254281 ], [ 0.4014417, 10.0195712 ], [ 0.4094095, 10.0207209 ], [ 0.4146849, 10.0324436 ], [ 0.41330959724817, 10.044213163556003 ], [ 0.41718206489085, 10.043565166350309 ] ] ] } },
{ "type": "Feature", "properties": { "region": "Kara", "prefecture": "Doufelgou", "superficie_km2": 1173.4, "ctr_lon": 1.0789799817228238, "ctr_lat": 9.825444331978634 }, "geometry": { "type": "Polygon", "coordinates": [ [ [ 0.898827654505249, 9.65763370340453 ], [ 0.874812694646736, 9.678592424200501 ], [ 0.879663878971305, 9.706774977130227 ], [ 0.875068350034925, 9.753847671252299 ], [ 0.848720491866606, 9.772120080107184 ], [ 0.863244965416824, 9.787984216064363 ], [ 0.868360838831166, 9.821293771512595 ], [ 0.832174126741212, 9.825878948354692 ], [ 0.829841973377567, 9.830886999935958 ], [ 0.842249043982748, 9.868665437690133 ], [ 0.854736048946584, 9.877975037775609 ], [ 0.864427032867154, 9.892968912747559 ], [ 0.884407884343558, 9.889765014441817 ], [ 0.892654802126481, 9.867228980261705 ], [ 0.924081212392026, 9.868212022934724 ], [ 0.948281412808555, 9.859762906456549 ], [ 0.952740028819343, 9.861663562034867 ], [ 0.971853335386979, 9.858638516883481 ], [ 0.999549252533547, 9.892603424104296 ], [ 1.008415115159785, 9.877860734944518 ], [ 1.007289293776073, 9.860318783283178 ], [ 1.033047340220336, 9.844532148006124 ], [ 1.035465119429365, 9.832690238860764 ], [ 1.054278501403729, 9.870317002805871 ], [ 1.065741281487139, 9.868767522748158 ], [ 1.069487435783133, 9.874728179144338 ], [ 1.074170351010407, 9.903762579060551 ], [ 1.095636816479947, 9.906400340696759 ], [ 1.107734454458662, 9.914548702320483 ], [ 1.129519181916671, 9.947581929866811 ], [ 1.108996526170301, 9.954394871049887 ], [ 1.086049491525129, 10.001969367470535 ], [ 1.149833944639973, 9.993338755603439 ], [ 1.159898369726664, 9.986277085466925 ], [ 1.183328512595601, 10.010152126487164 ], [ 1.217147327924075, 10.013223836456612 ], [ 1.257556601758133, 10.009909100508255 ], [ 1.276626483793912, 10.027079702857854 ], [ 1.278151891142981, 10.043080006144171 ], [ 1.332079381106945, 10.010034010175648 ], [ 1.306849810266869, 9.96968358833224 ], [ 1.307639770481765, 9.960622761028354 ], [ 1.300562486977367, 9.93917264357232 ], [ 1.310397629863473, 9.922126614823235 ], [ 1.29188674453289, 9.900791745615251 ], [ 1.29148010707267, 9.879442403072495 ], [ 1.256529885137425, 9.861300822546214 ], [ 1.251632916225097, 9.852244321721237 ], [ 1.23090892990126, 9.847214460128283 ], [ 1.234821204139783, 9.822358603119989 ], [ 1.223118126764881, 9.813330224169887 ], [ 1.218608520942825, 9.801493907025787 ], [ 1.204325654534251, 9.783464169535216 ], [ 1.199758813994368, 9.756869737513584 ], [ 1.159083828905394, 9.753720759431388 ], [ 1.149579532155091, 9.737735395295388 ], [ 1.149352754746264, 9.705981878894166 ], [ 1.132349130725188, 9.689015404878598 ], [ 1.111970376208512, 9.68386319076574 ], [ 1.100386892117889, 9.686895506784191 ], [ 1.065515794395794, 9.681260519007779 ], [ 1.063773616813495, 9.671855828588505 ], [ 1.0366671325311, 9.650776517308076 ], [ 1.016081136610632, 9.646943457782067 ], [ 0.994973335260463, 9.653152799031561 ], [ 0.985622343872929, 9.659508059842286 ], [ 0.979608852793007, 9.650630153697513 ], [ 0.926337142456409, 9.636252895477826 ], [ 0.919233973710085, 9.654622935150108 ], [ 0.898827654505249, 9.65763370340453 ] ] ] } },
{ "type": "Feature", "properties": { "region": "Kara", "prefecture": "Kozah", "superficie_km2": 1191.2, "ctr_lon": 1.1399367284155129, "ctr_lat": 9.5440184685963452 }, "geometry": { "type": "Polygon", "coordinates": [ [ [ 0.977059484705999, 9.422848506180003 ], [ 0.962707054660927, 9.441940264466805 ], [ 0.959991261873597, 9.461470827391658 ], [ 0.963960523256496, 9.468802125501684 ], [ 0.988183553665043, 9.472509641558966 ], [ 0.986596433326168, 9.494947042959428 ], [ 0.968269906289832, 9.502355961876647 ], [ 0.968930449877872, 9.526629780129987 ], [ 1.017809820257046, 9.524422167144825 ], [ 1.036173370633956, 9.563903161518379 ], [ 0.998236517314777, 9.583936028399787 ], [ 0.981039105629995, 9.584339908896375 ], [ 0.965436122311124, 9.59193153144829 ], [ 0.939842775867073, 9.592794619836159 ], [ 0.929990797628123, 9.598926192412225 ], [ 0.926337142456409, 9.636252895477826 ], [ 0.979608852793007, 9.650630153697513 ], [ 0.985622343872929, 9.659508059842286 ], [ 0.994973335260463, 9.653152799031561 ], [ 1.016081136610632, 9.646943457782067 ], [ 1.0366671325311, 9.650776517308076 ], [ 1.063773616813495, 9.671855828588505 ], [ 1.065515794395794, 9.681260519007779 ], [ 1.100386892117889, 9.686895506784191 ], [ 1.111970376208512, 9.68386319076574 ], [ 1.132349130725188, 9.689015404878598 ], [ 1.149352754746264, 9.705981878894166 ], [ 1.149579532155091, 9.737735395295388 ], [ 1.159083828905394, 9.753720759431388 ], [ 1.199758813994368, 9.756869737513584 ], [ 1.216109882139555, 9.741633007006685 ], [ 1.220978574833291, 9.72036705719343 ], [ 1.226841138248127, 9.712400940055574 ], [ 1.239252055094417, 9.705263634844277 ], [ 1.256738703228911, 9.703434251007808 ], [ 1.262707722527598, 9.706325593389842 ], [ 1.289846479535428, 9.6893486539719 ], [ 1.296238080318584, 9.681335491746244 ], [ 1.294764811048691, 9.6640804629816 ], [ 1.280892733441368, 9.639734353522663 ], [ 1.285501150188046, 9.619049887763566 ], [ 1.275169435450409, 9.599824899831537 ], [ 1.27103569487391, 9.566743593913237 ], [ 1.272878512170143, 9.557873000365435 ], [ 1.290891334475243, 9.55149443063466 ], [ 1.305177209650024, 9.532851587543838 ], [ 1.310443020857799, 9.524171959168951 ], [ 1.310049715645681, 9.514968563547878 ], [ 1.318270620835677, 9.494466214425509 ], [ 1.344582356024725, 9.490651305813378 ], [ 1.370278, 9.481667 ], [ 1.385, 9.494444 ], [ 1.388611, 9.492222 ], [ 1.393056, 9.479167 ], [ 1.398087525308261, 9.429915089739673 ], [ 1.393423033566331, 9.429120187793567 ], [ 1.373919057475147, 9.437829111361513 ], [ 1.374188232071286, 9.45898072068368 ], [ 1.357702562826427, 9.467018259990272 ], [ 1.346460353242379, 9.458712987829921 ], [ 1.330232348853233, 9.466333239959205 ], [ 1.306788570721158, 9.445620585824861 ], [ 1.303794229576533, 9.43958311760005 ], [ 1.269009383060044, 9.445173189304739 ], [ 1.259800638729751, 9.439069869363598 ], [ 1.250329382447938, 9.438542647229674 ], [ 1.243278980864573, 9.432343646103629 ], [ 1.228742360287709, 9.435966822196725 ], [ 1.217484493574862, 9.44725671908901 ], [ 1.200069253459759, 9.434238839732744 ], [ 1.192043183338854, 9.421298663451271 ], [ 1.197839682174977, 9.407351027972908 ], [ 1.156511384116397, 9.398771596846146 ], [ 1.139864629969917, 9.403645450673176 ], [ 1.119302669550648, 9.383640004035072 ], [ 1.121918465613465, 9.363516235023134 ], [ 1.084249429867912, 9.352018938135263 ], [ 1.017631918367722, 9.368736885483017 ], [ 0.999119969796197, 9.380907320024848 ], [ 0.988527644469875, 9.381702216563834 ], [ 0.977059484705999, 9.422848506180003 ] ] ] } },
{ "type": "Feature", "properties": { "region": "Kara", "prefecture": "Kéran", "superficie_km2": 1767.7, "ctr_lon": 0.93066059666238299, "ctr_lat": 10.028923351487053 }, "geometry": { "type": "Polygon", "coordinates": [ [ [ 0.71511200827406, 9.842938903347166 ], [ 0.669511565944315, 9.876356840174385 ], [ 0.648026894248922, 9.905102946781852 ], [ 0.647758871572579, 9.915465686140889 ], [ 0.641004311768129, 9.922802026617562 ], [ 0.665770900780641, 9.943463031703581 ], [ 0.649472994228301, 9.958962439044601 ], [ 0.649879372589959, 9.973958495309953 ], [ 0.683245705612687, 9.981647090065334 ], [ 0.7103026649814, 9.995796888766078 ], [ 0.701512231041296, 10.025757900477398 ], [ 0.685937681768597, 10.030590721072384 ], [ 0.678702417614581, 10.041064434450867 ], [ 0.696265103205394, 10.064006520361168 ], [ 0.686988550188688, 10.091787028538317 ], [ 0.71990748426242, 10.10106626035072 ], [ 0.745175546240326, 10.156943228404826 ], [ 0.825478865558996, 10.125435930655511 ], [ 0.857978293502656, 10.139459263291318 ], [ 0.867993810862096, 10.139288510494824 ], [ 0.88461343437731, 10.168576476418881 ], [ 0.885633113325931, 10.227491181390937 ], [ 0.8883386792699, 10.233307103927249 ], [ 0.90320354944515, 10.24492268122304 ], [ 0.91372712536325, 10.280310053860214 ], [ 1.098219, 10.149886 ], [ 1.152778, 10.120833 ], [ 1.278151891142981, 10.043080006144171 ], [ 1.276626483793912, 10.027079702857854 ], [ 1.257556601758133, 10.009909100508255 ], [ 1.217147327924075, 10.013223836456612 ], [ 1.183328512595601, 10.010152126487164 ], [ 1.159898369726664, 9.986277085466925 ], [ 1.149833944639973, 9.993338755603439 ], [ 1.086049491525129, 10.001969367470535 ], [ 1.108996526170301, 9.954394871049887 ], [ 1.129519181916671, 9.947581929866811 ], [ 1.107734454458662, 9.914548702320483 ], [ 1.095636816479947, 9.906400340696759 ], [ 1.074170351010407, 9.903762579060551 ], [ 1.069487435783133, 9.874728179144338 ], [ 1.065741281487139, 9.868767522748158 ], [ 1.054278501403729, 9.870317002805871 ], [ 1.035465119429365, 9.832690238860764 ], [ 1.033047340220336, 9.844532148006124 ], [ 1.007289293776073, 9.860318783283178 ], [ 1.008415115159785, 9.877860734944518 ], [ 0.999549252533547, 9.892603424104296 ], [ 0.971853335386979, 9.858638516883481 ], [ 0.952740028819343, 9.861663562034867 ], [ 0.948281412808555, 9.859762906456549 ], [ 0.924081212392026, 9.868212022934724 ], [ 0.892654802126481, 9.867228980261705 ], [ 0.884407884343558, 9.889765014441817 ], [ 0.864427032867154, 9.892968912747559 ], [ 0.854736048946584, 9.877975037775609 ], [ 0.842249043982748, 9.868665437690133 ], [ 0.816441957157502, 9.881024799070905 ], [ 0.810474445594863, 9.896081206760673 ], [ 0.789161392540473, 9.904214891430092 ], [ 0.779107257024678, 9.899386344492324 ], [ 0.769896013002399, 9.868940499796345 ], [ 0.750993179757074, 9.858803587558725 ], [ 0.739348622958064, 9.862950246486024 ], [ 0.71511200827406, 9.842938903347166 ] ] ] } },
{ "type": "Feature", "properties": { "region": "Maritime", "prefecture": "Agoè-Nyivé", "superficie_km2": 199.7, "ctr_lon": 1.1891039169724547, "ctr_lat": 6.2710763827740061 }, "geometry": { "type": "Polygon", "coordinates": [ [ [ 1.126543180906541, 6.224054406563876 ], [ 1.107638584944201, 6.224759245893668 ], [ 1.087250782273389, 6.231473953495234 ], [ 1.090942966821752, 6.236030404106506 ], [ 1.098740502761441, 6.237281256079403 ], [ 1.096391201024435, 6.24695576504782 ], [ 1.088970153001692, 6.251190928290959 ], [ 1.096279348166456, 6.257435381696309 ], [ 1.096500207681239, 6.264972512224632 ], [ 1.091938578074601, 6.269702991148987 ], [ 1.093655525979761, 6.27478128667614 ], [ 1.109795505035933, 6.278226803798086 ], [ 1.123217296275607, 6.276773455531354 ], [ 1.124997151242317, 6.282481803694997 ], [ 1.130179714158987, 6.285689972191161 ], [ 1.140816532773426, 6.285860635808536 ], [ 1.144537050103851, 6.289129422676909 ], [ 1.152974228866315, 6.286488370587158 ], [ 1.159881256081319, 6.291140605938168 ], [ 1.174885861026747, 6.3176237375382 ], [ 1.180105777500146, 6.316356237871357 ], [ 1.192947274556488, 6.342753315974223 ], [ 1.19636251936426, 6.341649207871325 ], [ 1.204277655326891, 6.347336457906328 ], [ 1.206702988638761, 6.360785017672452 ], [ 1.210174150940838, 6.358136939744472 ], [ 1.219812932985729, 6.358707225708333 ], [ 1.227873158933704, 6.366479131386712 ], [ 1.233526682916553, 6.354569947640739 ], [ 1.249561631746713, 6.361258814533767 ], [ 1.258532825147965, 6.354367272462055 ], [ 1.250845684944339, 6.328470273339872 ], [ 1.254799472960517, 6.31955218013507 ], [ 1.262489420968921, 6.316816808380351 ], [ 1.255811756915771, 6.301361065605175 ], [ 1.258699966073816, 6.298000479033909 ], [ 1.256112404601218, 6.291264649708967 ], [ 1.247230188355814, 6.284425736838754 ], [ 1.241462933612259, 6.27453160425305 ], [ 1.246113882784261, 6.260094382791483 ], [ 1.246122015647598, 6.234360821783692 ], [ 1.239220931380645, 6.229342049422807 ], [ 1.238960777592122, 6.217990059022095 ], [ 1.234712386728354, 6.214457137255407 ], [ 1.236749422534437, 6.207668705755706 ], [ 1.232089436189374, 6.199040753289686 ], [ 1.215408096802912, 6.206206294342076 ], [ 1.204682594956133, 6.195718674174681 ], [ 1.190690423424044, 6.203975918922714 ], [ 1.179511222225993, 6.203411764669684 ], [ 1.17050986941135, 6.209505760597215 ], [ 1.164145850461054, 6.207957365318267 ], [ 1.159435989837711, 6.210928850269 ], [ 1.156863626781875, 6.208608849675706 ], [ 1.153302516851774, 6.215803772327351 ], [ 1.12995645915814, 6.216980151960374 ], [ 1.126543180906541, 6.224054406563876 ] ] ] } },
{ "type": "Feature", "properties": { "region": "Maritime", "prefecture": "Avé", "superficie_km2": 1000.1, "ctr_lon": 0.92505621119187897, "ctr_lat": 6.4708598343737354 }, "geometry": { "type": "MultiPolygon", "coordinates": [ [ [ [ 1.044511042125396, 6.311538555570153 ], [ 1.057029543554168, 6.304452228108771 ], [ 1.061305955529459, 6.307396410001422 ], [ 1.074106503094023, 6.30293258908679 ], [ 1.076747797275994, 6.294467653500619 ], [ 1.081437145771838, 6.295048703240526 ], [ 1.087789434424138, 6.288795757407479 ], [ 1.097005832034643, 6.285559398988763 ], [ 1.091938578074601, 6.269702991148987 ], [ 1.096500207681239, 6.264972512224632 ], [ 1.096279348166456, 6.257435381696309 ], [ 1.088970153001692, 6.251190928290959 ], [ 1.096391201024435, 6.24695576504782 ], [ 1.098740502761441, 6.237281256079403 ], [ 1.088199798746987, 6.234150582130161 ], [ 1.093161338526558, 6.223470134944401 ], [ 1.091759418783861, 6.219666074986354 ], [ 1.082525877190978, 6.217777129950166 ], [ 1.08841944005498, 6.207344088492224 ], [ 1.084502125474909, 6.200965709728795 ], [ 1.088610318042535, 6.195431663169564 ], [ 1.083637096142495, 6.189068988830353 ], [ 1.067704000000106, 6.209218 ], [ 1.065509, 6.219629000000111 ], [ 1.05546500000014, 6.232812 ], [ 1.038090000000125, 6.23763 ], [ 1.024198, 6.256126 ], [ 1.016007000000116, 6.286773 ], [ 1.007002, 6.297205 ], [ 1.005303, 6.310989 ], [ 1.028304113745981, 6.314139414859989 ], [ 1.031752455002262, 6.310857715522897 ], [ 1.044511042125396, 6.311538555570153 ] ] ], [ [ [ 0.760880070427302, 6.540136101647296 ], [ 0.77617323441293, 6.553526993663512 ], [ 0.796780464256819, 6.554614502444695 ], [ 0.804256560040713, 6.572647078083206 ], [ 0.802413829730034, 6.58622160835955 ], [ 0.812239898466862, 6.595193467971336 ], [ 0.83527636843758, 6.593858414186712 ], [ 0.845360930449061, 6.601272286262583 ], [ 0.84028548610623, 6.619437217053261 ], [ 0.846976987063548, 6.638909744073664 ], [ 0.880713770691917, 6.639665977883071 ], [ 0.879335625603835, 6.670107829199174 ], [ 0.888205733744509, 6.681319277141681 ], [ 0.889637842405304, 6.703252440989902 ], [ 0.908278485450248, 6.704842359307846 ], [ 0.92491610006693, 6.689529821244971 ], [ 0.943177034406601, 6.68810326887824 ], [ 0.943921565264497, 6.681807175784143 ], [ 0.956682541031125, 6.659459881361156 ], [ 0.973878585687096, 6.63655463769607 ], [ 0.979780615828582, 6.607086914038996 ], [ 0.9719329375312, 6.568699518412161 ], [ 0.976431698822276, 6.564012726960193 ], [ 0.981210370292552, 6.548636456004239 ], [ 0.988519849793845, 6.54427369535728 ], [ 1.000104792111195, 6.544781502509642 ], [ 1.012945262319059, 6.514583198608488 ], [ 1.027543169908511, 6.519452599818955 ], [ 1.034962605537544, 6.515380044450271 ], [ 1.044389120415113, 6.500188488322916 ], [ 1.040122973893596, 6.475158574538044 ], [ 1.056262382744174, 6.460538321282613 ], [ 1.081805085940578, 6.469402965278298 ], [ 1.089067257649619, 6.458762503267726 ], [ 1.08567412471646, 6.453384628388052 ], [ 1.062708314455499, 6.44126329065262 ], [ 1.062687292070298, 6.434751390416307 ], [ 1.095539782754057, 6.424535062769911 ], [ 1.106119932698069, 6.415046002469198 ], [ 1.08353554122216, 6.373214950832017 ], [ 1.07024750757137, 6.369006908664141 ], [ 1.060446119521764, 6.358098262992526 ], [ 1.040883423697097, 6.351694030771188 ], [ 1.016065909291242, 6.354636388991239 ], [ 1.016245035409819, 6.350887706210465 ], [ 1.034260654820382, 6.331912866859187 ], [ 1.028890703496467, 6.31676436583218 ], [ 1.014141899472574, 6.342897261104059 ], [ 1.006592069206135, 6.330309579878644 ], [ 1.003468, 6.335475 ], [ 0.893104, 6.333333 ], [ 0.885301, 6.352319000000136 ], [ 0.861879, 6.380469000000119 ], [ 0.835692, 6.396935 ], [ 0.789115, 6.408741 ], [ 0.782563, 6.433095 ], [ 0.749588, 6.444123 ], [ 0.744045, 6.483204 ], [ 0.727114, 6.490261 ], [ 0.718791659215884, 6.503564864918547 ], [ 0.730555575358179, 6.508745074309729 ], [ 0.741911826409244, 6.545232664896615 ], [ 0.760880070427302, 6.540136101647296 ] ] ] ] } },
{ "type": "Feature", "properties": { "region": "Maritime", "prefecture": "Bas-Mono", "superficie_km2": 409.7, "ctr_lon": 1.6522485587905367, "ctr_lat": 6.4704007160412376 }, "geometry": { "type": "Polygon", "coordinates": [ [ [ 1.577922110316707, 6.450359286381325 ], [ 1.578563985818807, 6.463793105142864 ], [ 1.571805874351805, 6.465543612177218 ], [ 1.569383290601518, 6.471741165876404 ], [ 1.577263304928177, 6.486190816939631 ], [ 1.573156574392815, 6.495300157163173 ], [ 1.56701987953932, 6.499302968720052 ], [ 1.560996285793554, 6.509726717485099 ], [ 1.54571193951727, 6.507873459522421 ], [ 1.547426663998198, 6.520321991978029 ], [ 1.534930685447045, 6.528791135946362 ], [ 1.542862899596406, 6.535868893713471 ], [ 1.547772308192444, 6.54804644951561 ], [ 1.544829805374825, 6.576356821626249 ], [ 1.563584599956498, 6.584416958583557 ], [ 1.574493937259273, 6.578731921291893 ], [ 1.593871258364221, 6.584640425280542 ], [ 1.612317573516419, 6.573208126809187 ], [ 1.635899222574542, 6.583864545664259 ], [ 1.640715949147957, 6.590029684265216 ], [ 1.646307, 6.581864800000062 ], [ 1.652554700000053, 6.580258299999969 ], [ 1.652822500000013, 6.575170800000024 ], [ 1.662104800000122, 6.581775600000128 ], [ 1.667192200000045, 6.57972280000007 ], [ 1.666046, 6.5732721 ], [ 1.6579147, 6.575 ], [ 1.658177700000067, 6.571957700000098 ], [ 1.667995500000075, 6.56629020000014 ], [ 1.6710301, 6.555579799999975 ], [ 1.680133900000044, 6.563880300000051 ], [ 1.6839718, 6.562184500000058 ], [ 1.687095699999986, 6.551027899999951 ], [ 1.697641299999987, 6.55523450000004 ], [ 1.693432600000108, 6.546654499999931 ], [ 1.701819300000011, 6.53787 ], [ 1.699276600000132, 6.534247600000128 ], [ 1.7027597, 6.531879100000083 ], [ 1.699833900000044, 6.52560950000003 ], [ 1.701923799999975, 6.514881600000081 ], [ 1.701645199999973, 6.512373700000012 ], [ 1.692031800000052, 6.519339899999977 ], [ 1.695514900000092, 6.5101446 ], [ 1.693843000000129, 6.504432300000019 ], [ 1.702341800000056, 6.505686200000014 ], [ 1.705128300000069, 6.498023400000022 ], [ 1.712295499999925, 6.504521500000124 ], [ 1.716985800000089, 6.500166200000024 ], [ 1.718605100000104, 6.4924049 ], [ 1.724300500000084, 6.492237399999965 ], [ 1.729751, 6.486842500000023 ], [ 1.737813100000096, 6.487770400000045 ], [ 1.738539000000117, 6.483973499999934 ], [ 1.731224300000065, 6.478501399999971 ], [ 1.7347979, 6.474537 ], [ 1.737422200000083, 6.479059800000016 ], [ 1.744960200000094, 6.473699400000044 ], [ 1.752609899999925, 6.4750954000001 ], [ 1.753112400000134, 6.469902500000103 ], [ 1.749483, 6.469232500000089 ], [ 1.746523700000125, 6.46353709999994 ], [ 1.758389100000102, 6.460298500000022 ], [ 1.753475400000127, 6.455049800000097 ], [ 1.7549272, 6.446283400000027 ], [ 1.764754500000095, 6.440197200000057 ], [ 1.767155499999944, 6.432212400000026 ], [ 1.778975900000091, 6.427037300000109 ], [ 1.777473100000122, 6.4231683000001 ], [ 1.771587400000044, 6.425532700000133 ], [ 1.7694699, 6.417409900000052 ], [ 1.7639484, 6.413054300000113 ], [ 1.765963500000112, 6.40674150000001 ], [ 1.776102600000058, 6.407756499999948 ], [ 1.76786020000003, 6.397087900000088 ], [ 1.77309710000003, 6.395006200000012 ], [ 1.773516306322758, 6.389759917827043 ], [ 1.754271611163799, 6.369257570014073 ], [ 1.73796129012167, 6.385179968411959 ], [ 1.719407313568891, 6.386345980956154 ], [ 1.710926174894835, 6.376804406862463 ], [ 1.682641722135812, 6.36402140909559 ], [ 1.664973192727966, 6.38016916577819 ], [ 1.65627745298487, 6.378805919087776 ], [ 1.650878694030971, 6.364973990283146 ], [ 1.652025644223907, 6.359511019720418 ], [ 1.642052137965155, 6.35536572871609 ], [ 1.631011170080681, 6.357043454318219 ], [ 1.624482739463773, 6.361909110218665 ], [ 1.612902049156249, 6.359921147192129 ], [ 1.599390099403815, 6.362680341325677 ], [ 1.601275777717279, 6.371424791357346 ], [ 1.613817632418568, 6.374309440957386 ], [ 1.615569848722585, 6.380296218761272 ], [ 1.605487351857585, 6.381923674487912 ], [ 1.598410019008027, 6.390032776880697 ], [ 1.601364132244774, 6.391768853984746 ], [ 1.597427788324426, 6.411178050606483 ], [ 1.586234738949394, 6.424591348290005 ], [ 1.581470060763442, 6.424445296614616 ], [ 1.582368296774842, 6.446309814304765 ], [ 1.577922110316707, 6.450359286381325 ] ] ] } },
{ "type": "Feature", "properties": { "region": "Maritime", "prefecture": "Golfe", "superficie_km2": 221.9, "ctr_lon": 1.2326834966579703, "ctr_lat": 6.1838976401390502 }, "geometry": { "type": "Polygon", "coordinates": [ [ [ 1.083637096142495, 6.189068988830353 ], [ 1.088610318042535, 6.195431663169564 ], [ 1.084502125474909, 6.200965709728795 ], [ 1.08841944005498, 6.207344088492224 ], [ 1.082525877190978, 6.217777129950166 ], [ 1.091759418783861, 6.219666074986354 ], [ 1.093753017462358, 6.225324335465626 ], [ 1.091426785164855, 6.228583437493453 ], [ 1.125229516815685, 6.224499490509809 ], [ 1.12995645915814, 6.216980151960374 ], [ 1.153302516851774, 6.215803772327351 ], [ 1.156863626781875, 6.208608849675706 ], [ 1.159435989837711, 6.210928850269 ], [ 1.164145850461054, 6.207957365318267 ], [ 1.17050986941135, 6.209505760597215 ], [ 1.179511222225993, 6.203411764669684 ], [ 1.190690423424044, 6.203975918922714 ], [ 1.204682594956133, 6.195718674174681 ], [ 1.215408096802912, 6.206206294342076 ], [ 1.232089436189374, 6.199040753289686 ], [ 1.236749422534437, 6.207668705755706 ], [ 1.234712386728354, 6.214457137255407 ], [ 1.238960777592122, 6.217990059022095 ], [ 1.239220931380645, 6.229342049422807 ], [ 1.246122015647598, 6.234360821783692 ], [ 1.246039547938052, 6.258736633496078 ], [ 1.258858683976806, 6.257997009123732 ], [ 1.268002969380476, 6.249307840193725 ], [ 1.281101857611845, 6.243197870445606 ], [ 1.277039941045249, 6.221903993950093 ], [ 1.29897682124712, 6.206724510694678 ], [ 1.315952895952615, 6.204142716856105 ], [ 1.335948193527808, 6.209567670708955 ], [ 1.343803561006427, 6.206905298973568 ], [ 1.36378905837702, 6.207360303614978 ], [ 1.372097992673707, 6.204780585687834 ], [ 1.383621631297514, 6.195087760230908 ], [ 1.372250249148825, 6.201536564638545 ], [ 1.382435157422336, 6.186974270192477 ], [ 1.379676590864099, 6.182034331937769 ], [ 1.383069569378256, 6.177456514069696 ], [ 1.29504570000006, 6.14908400000013 ], [ 1.2845615, 6.143491200000085 ], [ 1.285297599999922, 6.140891 ], [ 1.281177200000059, 6.1418175 ], [ 1.283047200000112, 6.1392866 ], [ 1.280083400000024, 6.140635 ], [ 1.285183600000096, 6.135221800000124 ], [ 1.262440500000025, 6.133989199999917 ], [ 1.199624200000017, 6.112430099999926 ], [ 1.199438100000066, 6.169120600000042 ], [ 1.083632599999987, 6.1692488 ], [ 1.083637096142495, 6.189068988830353 ] ] ] } },
{ "type": "Feature", "properties": { "region": "Maritime", "prefecture": "Lacs", "superficie_km2": 375.5, "ctr_lon": 1.6365444590415774, "ctr_lat": 6.2897919208342321 }, "geometry": { "type": "Polygon", "coordinates": [ [ [ 1.381531236607067, 6.18509559447297 ], [ 1.372250249148825, 6.201536564638545 ], [ 1.383621631297514, 6.195087760230908 ], [ 1.383159415508597, 6.197084901866901 ], [ 1.372097992673707, 6.204780585687834 ], [ 1.388520085005089, 6.20918324592343 ], [ 1.394207354811384, 6.23076878115652 ], [ 1.409265244112937, 6.242870879680404 ], [ 1.421170547413002, 6.242887534758586 ], [ 1.455805334030213, 6.232197558838844 ], [ 1.464183825042707, 6.222017404422332 ], [ 1.479210649917712, 6.223744479031558 ], [ 1.486528932212767, 6.229093843544447 ], [ 1.491613846002991, 6.228058194834007 ], [ 1.504366493592554, 6.233698094578962 ], [ 1.519893886444662, 6.229329188525699 ], [ 1.526775855070093, 6.234083811328428 ], [ 1.543792315725925, 6.230788751904542 ], [ 1.576236546476216, 6.237176327845789 ], [ 1.583274820483692, 6.244112800691343 ], [ 1.567941745465, 6.263782025668692 ], [ 1.561149031154519, 6.28474927076937 ], [ 1.572330761712821, 6.297235134781276 ], [ 1.588626881818457, 6.300129265786337 ], [ 1.587916977902103, 6.309589530569333 ], [ 1.597132075266749, 6.321887470973325 ], [ 1.593540048205205, 6.344171822421513 ], [ 1.6129872682991, 6.355916660773565 ], [ 1.613550016737449, 6.361155872177561 ], [ 1.624482739463773, 6.361909110218665 ], [ 1.631011170080681, 6.357043454318219 ], [ 1.642052137965155, 6.35536572871609 ], [ 1.651317909435499, 6.358706856962561 ], [ 1.65627745298487, 6.378805919087776 ], [ 1.664973192727966, 6.38016916577819 ], [ 1.682641722135812, 6.36402140909559 ], [ 1.710926174894835, 6.376804406862463 ], [ 1.719407313568891, 6.386345980956154 ], [ 1.73796129012167, 6.385179968411959 ], [ 1.754271611163799, 6.369257570014073 ], [ 1.773516306322758, 6.389759917827043 ], [ 1.77469090000011, 6.385819499999968 ], [ 1.784626, 6.384304200000031 ], [ 1.782491400000026, 6.372884100000135 ], [ 1.787045200000023, 6.351864199999966 ], [ 1.779929900000013, 6.345110700000021 ], [ 1.787400900000137, 6.341362700000104 ], [ 1.784661500000141, 6.333318500000132 ], [ 1.7910938, 6.3355391 ], [ 1.791349900000057, 6.328226799999982 ], [ 1.796871399999986, 6.3235876 ], [ 1.796014800000023, 6.313058799999965 ], [ 1.788321399999916, 6.308660800000041 ], [ 1.793448399999932, 6.306117799999981 ], [ 1.791944, 6.296389 ], [ 1.8025, 6.280278 ], [ 1.778611000000126, 6.278889 ], [ 1.765278, 6.271111 ], [ 1.747222, 6.270278 ], [ 1.739444, 6.264167 ], [ 1.722500000000139, 6.265278 ], [ 1.714722, 6.259444 ], [ 1.703056, 6.260556 ], [ 1.693889, 6.255833 ], [ 1.684444, 6.258889 ], [ 1.6675, 6.248333 ], [ 1.656667000000141, 6.25 ], [ 1.6302541, 6.234909500000015 ], [ 1.523550600000135, 6.209856800000125 ], [ 1.486298, 6.204521 ], [ 1.384142, 6.177674 ], [ 1.379676590864099, 6.182034331937769 ], [ 1.381531236607067, 6.18509559447297 ] ] ] } },
{ "type": "Feature", "properties": { "region": "Maritime", "prefecture": "Vo", "superficie_km2": 774.8, "ctr_lon": 1.4845426321640194, "ctr_lat": 6.3940707098652432 }, "geometry": { "type": "Polygon", "coordinates": [ [ [ 1.387962889010833, 6.302506847983774 ], [ 1.367131131731161, 6.318698521900219 ], [ 1.370253636434549, 6.338171873319566 ], [ 1.367964764538156, 6.3560121472343 ], [ 1.374006390425786, 6.375541112755233 ], [ 1.381593251846689, 6.382779598390108 ], [ 1.379453014115123, 6.428613473150568 ], [ 1.372463829429335, 6.436430898379761 ], [ 1.404880585003099, 6.464533030157789 ], [ 1.391718869868513, 6.482222611539694 ], [ 1.391318054839224, 6.488280108684324 ], [ 1.410441463340695, 6.496973597321595 ], [ 1.411195739885798, 6.52042426928262 ], [ 1.398504902803034, 6.535997417776838 ], [ 1.401946899595088, 6.55342826568539 ], [ 1.415788864103028, 6.562009911309082 ], [ 1.438222501210198, 6.586271467297863 ], [ 1.467711395566426, 6.573595869456365 ], [ 1.485843146823044, 6.558619109786582 ], [ 1.539023536733125, 6.576906484154883 ], [ 1.544829805374825, 6.576356821626249 ], [ 1.547772308192444, 6.54804644951561 ], [ 1.542862899596406, 6.535868893713471 ], [ 1.534930685447045, 6.528791135946362 ], [ 1.547426663998198, 6.520321991978029 ], [ 1.54571193951727, 6.507873459522421 ], [ 1.560996285793554, 6.509726717485099 ], [ 1.56701987953932, 6.499302968720052 ], [ 1.573156574392815, 6.495300157163173 ], [ 1.577263304928177, 6.486190816939631 ], [ 1.569383290601518, 6.471741165876404 ], [ 1.571805874351805, 6.465543612177218 ], [ 1.57928646981135, 6.461399950654136 ], [ 1.577922110316707, 6.450359286381325 ], [ 1.582368296774842, 6.446309814304765 ], [ 1.581470060763442, 6.424445296614616 ], [ 1.586234738949394, 6.424591348290005 ], [ 1.597427788324426, 6.411178050606483 ], [ 1.601364132244774, 6.391768853984746 ], [ 1.598410019008027, 6.390032776880697 ], [ 1.605487351857585, 6.381923674487912 ], [ 1.615569848722585, 6.380296218761272 ], [ 1.613817632418568, 6.374309440957386 ], [ 1.601275777717279, 6.371424791357346 ], [ 1.599390099403815, 6.362680341325677 ], [ 1.612902049156249, 6.359921147192129 ], [ 1.6129872682991, 6.355916660773565 ], [ 1.593540048205205, 6.344171822421513 ], [ 1.597132075266749, 6.321887470973325 ], [ 1.587916977902103, 6.309589530569333 ], [ 1.588626881818457, 6.300129265786337 ], [ 1.572330761712821, 6.297235134781276 ], [ 1.561149031154519, 6.28474927076937 ], [ 1.567941745465, 6.263782025668692 ], [ 1.583274820483692, 6.244112800691343 ], [ 1.576236546476216, 6.237176327845789 ], [ 1.543792315725925, 6.230788751904542 ], [ 1.526775855070093, 6.234083811328428 ], [ 1.519893886444662, 6.229329188525699 ], [ 1.504366493592554, 6.233698094578962 ], [ 1.491613846002991, 6.228058194834007 ], [ 1.486528932212767, 6.229093843544447 ], [ 1.479210649917712, 6.223744479031558 ], [ 1.464183825042707, 6.222017404422332 ], [ 1.455805334030213, 6.232197558838844 ], [ 1.421170547413002, 6.242887534758586 ], [ 1.409265244112937, 6.242870879680404 ], [ 1.398554726619467, 6.264644461689254 ], [ 1.399621673821061, 6.269570709595936 ], [ 1.387962889010833, 6.302506847983774 ] ] ] } },
{ "type": "Feature", "properties": { "region": "Maritime", "prefecture": "Yoto", "superficie_km2": 1199.6, "ctr_lon": 1.4410476884683256, "ctr_lat": 6.6946197685709095 }, "geometry": { "type": "Polygon", "coordinates": [ [ [ 1.339998117328365, 6.514272634034152 ], [ 1.311941291959183, 6.543387728174363 ], [ 1.303068216690938, 6.546888215649648 ], [ 1.300174405876569, 6.580924273715049 ], [ 1.28359141081159, 6.584232498513113 ], [ 1.273775737402858, 6.612564225313581 ], [ 1.314609069704748, 6.627027258829736 ], [ 1.300255087200461, 6.648175303439798 ], [ 1.308593664609336, 6.683365229219078 ], [ 1.30545593622476, 6.686934870333282 ], [ 1.275762874500688, 6.684032977600596 ], [ 1.256153672630127, 6.706945074841911 ], [ 1.247649749247672, 6.707599363150509 ], [ 1.230804757839891, 6.723139289411365 ], [ 1.230179772197205, 6.739978484052994 ], [ 1.241338994939001, 6.759216301671344 ], [ 1.259315485692099, 6.76488091636244 ], [ 1.265801995383723, 6.762185336336306 ], [ 1.304035118689716, 6.792165821410445 ], [ 1.308087592593653, 6.792461132328758 ], [ 1.30881723327334, 6.80014197316913 ], [ 1.323599869621949, 6.828340045870807 ], [ 1.348600327497747, 6.815294854424574 ], [ 1.361054907779445, 6.841988026844469 ], [ 1.379251647894625, 6.848447073370888 ], [ 1.439667750647784, 6.829662528839251 ], [ 1.472380407723581, 6.871801824450305 ], [ 1.511879154578594, 6.864974521022287 ], [ 1.597877532875241, 6.870554592748171 ], [ 1.601397800000029, 6.837523799999985 ], [ 1.597624300000064, 6.830920099999958 ], [ 1.602026799999976, 6.826517600000045 ], [ 1.609888399999988, 6.828404400000011 ], [ 1.612561299999982, 6.825102500000014 ], [ 1.6028129, 6.819442100000117 ], [ 1.595414700000049, 6.809167000000116 ], [ 1.594322400000067, 6.799473600000113 ], [ 1.607358700000077, 6.796667 ], [ 1.613976400000013, 6.789725199999964 ], [ 1.608316100000081, 6.7718008 ], [ 1.616334900000084, 6.76378190000014 ], [ 1.624668200000031, 6.763467500000047 ], [ 1.622914700000081, 6.757778 ], [ 1.615548700000033, 6.754033500000048 ], [ 1.6232531, 6.737366899999984 ], [ 1.620894600000042, 6.734222300000056 ], [ 1.604783900000029, 6.7331375 ], [ 1.596247700000049, 6.719444 ], [ 1.596909900000128, 6.728798700000027 ], [ 1.590803400000027, 6.7278346 ], [ 1.591525699999977, 6.717778 ], [ 1.588469700000076, 6.713611 ], [ 1.593213900000023, 6.702123299999982 ], [ 1.581483100000014, 6.690231800000049 ], [ 1.5754397, 6.691279400000042 ], [ 1.575055300000031, 6.688464099999976 ], [ 1.58084029999992, 6.683803900000044 ], [ 1.585982600000136, 6.687499899999921 ], [ 1.5901222, 6.681337300000052 ], [ 1.5882479, 6.674197100000072 ], [ 1.593781600000113, 6.677320900000097 ], [ 1.607705099999976, 6.664825500000063 ], [ 1.607615800000076, 6.660005900000044 ], [ 1.6043027, 6.657778000000121 ], [ 1.607437300000015, 6.652419300000076 ], [ 1.615559400000052, 6.650991300000101 ], [ 1.612346200000104, 6.644386600000018 ], [ 1.6024392, 6.645011300000021 ], [ 1.602573, 6.636353800000109 ], [ 1.606946400000083, 6.632515899999987 ], [ 1.604025700000022, 6.625556 ], [ 1.611676899999964, 6.626893 ], [ 1.6101595, 6.613415800000041 ], [ 1.624350800000059, 6.601723600000014 ], [ 1.628367200000014, 6.603865699999972 ], [ 1.6352397, 6.601277400000072 ], [ 1.640715949147957, 6.590029684265216 ], [ 1.635899222574542, 6.583864545664259 ], [ 1.612317573516419, 6.573208126809187 ], [ 1.593871258364221, 6.584640425280542 ], [ 1.574493937259273, 6.578731921291893 ], [ 1.563584599956498, 6.584416958583557 ], [ 1.485843146823044, 6.558619109786582 ], [ 1.467711395566426, 6.573595869456365 ], [ 1.438222501210198, 6.586271467297863 ], [ 1.415788864103028, 6.562009911309082 ], [ 1.401946899595088, 6.55342826568539 ], [ 1.398504902803034, 6.535997417776838 ], [ 1.411195739885798, 6.52042426928262 ], [ 1.410441463340695, 6.496973597321595 ], [ 1.391318054839224, 6.488280108684324 ], [ 1.391718869868513, 6.482222611539694 ], [ 1.404880585003099, 6.464533030157789 ], [ 1.372463829429335, 6.436430898379761 ], [ 1.367899415440594, 6.4376472182522 ], [ 1.351457591516883, 6.491210067594325 ], [ 1.339998117328365, 6.514272634034152 ] ] ] } },
{ "type": "Feature", "properties": { "region": "Maritime", "prefecture": "Zio", "superficie_km2": 2150.1, "ctr_lon": 1.1537615806235106, "ctr_lat": 6.5457954467343376 }, "geometry": { "type": "Polygon", "coordinates": [ [ [ 1.014141899472574, 6.342897261104059 ], [ 1.028890703496467, 6.31676436583218 ], [ 1.034260654820382, 6.331912866859187 ], [ 1.016245035409819, 6.350887706210465 ], [ 1.016065909291242, 6.354636388991239 ], [ 1.040883423697097, 6.351694030771188 ], [ 1.060446119521764, 6.358098262992526 ], [ 1.07024750757137, 6.369006908664141 ], [ 1.08353554122216, 6.373214950832017 ], [ 1.106119932698069, 6.415046002469198 ], [ 1.095539782754057, 6.424535062769911 ], [ 1.062687292070298, 6.434751390416307 ], [ 1.062708314455499, 6.44126329065262 ], [ 1.08567412471646, 6.453384628388052 ], [ 1.089067257649619, 6.458762503267726 ], [ 1.081805085940578, 6.469402965278298 ], [ 1.056262382744174, 6.460538321282613 ], [ 1.040122973893596, 6.475158574538044 ], [ 1.044389120415113, 6.500188488322916 ], [ 1.034962605537544, 6.515380044450271 ], [ 1.027543169908511, 6.519452599818955 ], [ 1.012945262319059, 6.514583198608488 ], [ 1.000104792111195, 6.544781502509642 ], [ 0.988519849793845, 6.54427369535728 ], [ 0.981210370292552, 6.548636456004239 ], [ 0.976431698822276, 6.564012726960193 ], [ 0.9719329375312, 6.568699518412161 ], [ 0.979780615828582, 6.607086914038996 ], [ 0.973878585687096, 6.63655463769607 ], [ 0.956682541031125, 6.659459881361156 ], [ 0.943921565264497, 6.681807175784143 ], [ 0.943177034406601, 6.68810326887824 ], [ 0.92491610006693, 6.689529821244971 ], [ 0.908278485450248, 6.704842359307846 ], [ 0.889637842405304, 6.703252440989902 ], [ 0.877227792149074, 6.714154311922746 ], [ 0.895575486507529, 6.733892215848004 ], [ 0.890883345586816, 6.757600538084043 ], [ 0.88341848176576, 6.760180156933759 ], [ 0.879707270563116, 6.790150500167489 ], [ 0.891012935299364, 6.795882529615972 ], [ 0.887776728138791, 6.80694263076517 ], [ 0.894835815049465, 6.859484883468208 ], [ 0.923778446477171, 6.845332603874504 ], [ 0.934212479467306, 6.831110179348026 ], [ 0.976557269465642, 6.833515631414129 ], [ 0.98672127841632, 6.85198581578346 ], [ 0.992812987003602, 6.85476962214114 ], [ 0.996826259241904, 6.853819718447206 ], [ 1.012530449959975, 6.826883131045809 ], [ 1.04168461841281, 6.844154842370331 ], [ 1.042970665082903, 6.83062143854184 ], [ 1.063880153597612, 6.812820011574037 ], [ 1.07938980921898, 6.830051240024378 ], [ 1.101178033951311, 6.830021908858688 ], [ 1.109315953074151, 6.81597071627277 ], [ 1.124892412002387, 6.807917970729055 ], [ 1.128695141476548, 6.791456136223838 ], [ 1.149929058620118, 6.787887194824775 ], [ 1.158182406253033, 6.780156026382151 ], [ 1.159960621900985, 6.773283385994041 ], [ 1.173453505996164, 6.776435314152262 ], [ 1.192924002189897, 6.768263885915447 ], [ 1.192750566243547, 6.758801437674105 ], [ 1.196441581103031, 6.751322205180919 ], [ 1.230179772197205, 6.739978484052994 ], [ 1.230804757839891, 6.723139289411365 ], [ 1.247649749247672, 6.707599363150509 ], [ 1.256153672630127, 6.706945074841911 ], [ 1.275762874500688, 6.684032977600596 ], [ 1.30545593622476, 6.686934870333282 ], [ 1.308593664609336, 6.683365229219078 ], [ 1.300255087200461, 6.648175303439798 ], [ 1.314609069704748, 6.627027258829736 ], [ 1.273775737402858, 6.612564225313581 ], [ 1.28359141081159, 6.584232498513113 ], [ 1.300174405876569, 6.580924273715049 ], [ 1.303068216690938, 6.546888215649648 ], [ 1.311941291959183, 6.543387728174363 ], [ 1.339998117328365, 6.514272634034152 ], [ 1.351457591516883, 6.491210067594325 ], [ 1.367899415440594, 6.4376472182522 ], [ 1.379453014115123, 6.428613473150568 ], [ 1.381593251846689, 6.382779598390108 ], [ 1.374006390425786, 6.375541112755233 ], [ 1.367964764538156, 6.3560121472343 ], [ 1.370253636434549, 6.338171873319566 ], [ 1.367131131731161, 6.318698521900219 ], [ 1.387962889010833, 6.302506847983774 ], [ 1.399621673821061, 6.269570709595936 ], [ 1.398554726619467, 6.264644461689254 ], [ 1.409265244112937, 6.242870879680404 ], [ 1.394207354811384, 6.23076878115652 ], [ 1.388520085005089, 6.20918324592343 ], [ 1.370017256604383, 6.204497625190926 ], [ 1.335948193527808, 6.209567670708955 ], [ 1.315952895952615, 6.204142716856105 ], [ 1.29897682124712, 6.206724510694678 ], [ 1.277039941045249, 6.221903993950093 ], [ 1.281101857611845, 6.243197870445606 ], [ 1.268002969380476, 6.249307840193725 ], [ 1.258858683976806, 6.257997009123732 ], [ 1.246039547938052, 6.258736633496078 ], [ 1.241462933612259, 6.27453160425305 ], [ 1.247230188355814, 6.284425736838754 ], [ 1.256112404601218, 6.291264649708967 ], [ 1.258699966073816, 6.298000479033909 ], [ 1.255811756915771, 6.301361065605175 ], [ 1.262489420968921, 6.316816808380351 ], [ 1.254799472960517, 6.31955218013507 ], [ 1.250845684944339, 6.328470273339872 ], [ 1.258532825147965, 6.354367272462055 ], [ 1.249561631746713, 6.361258814533767 ], [ 1.233526682916553, 6.354569947640739 ], [ 1.227873158933704, 6.366479131386712 ], [ 1.219812932985729, 6.358707225708333 ], [ 1.210174150940838, 6.358136939744472 ], [ 1.206702988638761, 6.360785017672452 ], [ 1.204277655326891, 6.347336457906328 ], [ 1.19636251936426, 6.341649207871325 ], [ 1.192947274556488, 6.342753315974223 ], [ 1.180105777500146, 6.316356237871357 ], [ 1.174885861026747, 6.3176237375382 ], [ 1.159881256081319, 6.291140605938168 ], [ 1.152974228866315, 6.286488370587158 ], [ 1.144537050103851, 6.289129422676909 ], [ 1.140816532773426, 6.285860635808536 ], [ 1.130179714158987, 6.285689972191161 ], [ 1.124997151242317, 6.282481803694997 ], [ 1.123217296275607, 6.276773455531354 ], [ 1.09504165971153, 6.275981331717775 ], [ 1.097005832034643, 6.285559398988763 ], [ 1.087789434424138, 6.288795757407479 ], [ 1.081437145771838, 6.295048703240526 ], [ 1.076747797275994, 6.294467653500619 ], [ 1.074106503094023, 6.30293258908679 ], [ 1.061305955529459, 6.307396410001422 ], [ 1.057029543554168, 6.304452228108771 ], [ 1.046521164386322, 6.310916752527406 ], [ 1.031752455002262, 6.310857715522897 ], [ 1.028304113745981, 6.314139414859989 ], [ 1.005539524687597, 6.311715880747249 ], [ 1.008218000000113, 6.321066 ], [ 1.006592069206135, 6.330309579878644 ], [ 1.014141899472574, 6.342897261104059 ] ] ] } },
{ "type": "Feature", "properties": { "region": "Plateaux", "prefecture": "Agou", "superficie_km2": 971.6, "ctr_lon": 0.7705778066529364, "ctr_lat": 6.7586212838269262 }, "geometry": { "type": "Polygon", "coordinates": [ [ [ 0.654573232447012, 6.750234391460858 ], [ 0.654309026648373, 6.767853609354026 ], [ 0.682155862462494, 6.799088379443949 ], [ 0.685463532713755, 6.809366198409301 ], [ 0.660848105448768, 6.829499426371153 ], [ 0.661418708911584, 6.838215531729992 ], [ 0.625175521121981, 6.847208250907419 ], [ 0.622761567523619, 6.851479088139951 ], [ 0.632579948071747, 6.863315310699003 ], [ 0.668939000941567, 6.853977569221461 ], [ 0.686400558513184, 6.861015716711927 ], [ 0.69128793901567, 6.866592685386245 ], [ 0.711599113109501, 6.865302810332614 ], [ 0.722522826089818, 6.885899041137479 ], [ 0.709306235977443, 6.902449971002944 ], [ 0.721674618218395, 6.914358614364652 ], [ 0.718511503908618, 6.935660811431211 ], [ 0.721037456010522, 6.940968742091743 ], [ 0.720000132762194, 6.955657333539452 ], [ 0.713956203119423, 6.965100749009019 ], [ 0.724621943399641, 6.979092046968125 ], [ 0.747151697595918, 6.978623933172679 ], [ 0.752914878707249, 6.996871790083051 ], [ 0.77579487033667, 7.004220905612093 ], [ 0.786851873285787, 6.994254560670174 ], [ 0.793641439840313, 6.976094914385696 ], [ 0.802139747913339, 6.932418202843902 ], [ 0.813107539626438, 6.931457225831475 ], [ 0.82426814724095, 6.921417110740611 ], [ 0.822795094325207, 6.894239890992711 ], [ 0.830483059250134, 6.890616877325745 ], [ 0.840541293832341, 6.891884811853474 ], [ 0.856491649426186, 6.916509115398817 ], [ 0.870984205774592, 6.920472067624956 ], [ 0.895596508028927, 6.916397946466731 ], [ 0.899292267142896, 6.90290075748635 ], [ 0.891376783364699, 6.864830856351868 ], [ 0.894835815049465, 6.859484883468208 ], [ 0.887776728138791, 6.80694263076517 ], [ 0.891012935299364, 6.795882529615972 ], [ 0.879707270563116, 6.790150500167489 ], [ 0.88341848176576, 6.760180156933759 ], [ 0.890883345586816, 6.757600538084043 ], [ 0.895575486507529, 6.733892215848004 ], [ 0.877227792149074, 6.714154311922746 ], [ 0.889637842405304, 6.703252440989902 ], [ 0.888205733744509, 6.681319277141681 ], [ 0.879335625603835, 6.670107829199174 ], [ 0.880713770691917, 6.639665977883071 ], [ 0.846976987063548, 6.638909744073664 ], [ 0.84028548610623, 6.619437217053261 ], [ 0.845360930449061, 6.601272286262583 ], [ 0.83527636843758, 6.593858414186712 ], [ 0.812239898466862, 6.595193467971336 ], [ 0.802413829730034, 6.58622160835955 ], [ 0.804256560040713, 6.572647078083206 ], [ 0.796780464256819, 6.554614502444695 ], [ 0.77617323441293, 6.553526993663512 ], [ 0.760880070427302, 6.540136101647296 ], [ 0.741911826409244, 6.545232664896615 ], [ 0.730555575358179, 6.508745074309729 ], [ 0.718791659215884, 6.503564864918547 ], [ 0.712423, 6.529177 ], [ 0.72904, 6.549698 ], [ 0.747563, 6.562948 ], [ 0.741341, 6.584151 ], [ 0.728265, 6.593984 ], [ 0.704588, 6.587705 ], [ 0.687342, 6.59263 ], [ 0.68415, 6.597625 ], [ 0.691357, 6.598629 ], [ 0.673311, 6.613904 ], [ 0.66997, 6.608212 ], [ 0.664935, 6.608631 ], [ 0.666152, 6.604382 ], [ 0.657178, 6.607584 ], [ 0.643419, 6.632006 ], [ 0.636378, 6.634162 ], [ 0.640017, 6.63879 ], [ 0.635398, 6.641511 ], [ 0.6387144, 6.6545639 ], [ 0.649652, 6.674318 ], [ 0.646197, 6.686047 ], [ 0.642662, 6.688304 ], [ 0.648102, 6.712867 ], [ 0.641364, 6.72241 ], [ 0.650025, 6.736709 ], [ 0.646493830530401, 6.740827947267168 ], [ 0.654573232447012, 6.750234391460858 ] ] ] } },
{ "type": "Feature", "properties": { "region": "Plateaux", "prefecture": "Akébou", "superficie_km2": 1247.1, "ctr_lon": 0.79260639225282492, "ctr_lat": 7.8201307052943658 }, "geometry": { "type": "Polygon", "coordinates": [ [ [ 0.62721288945002, 7.681577584012595 ], [ 0.618809299303152, 7.696311357288804 ], [ 0.603916029226993, 7.71030297027335 ], [ 0.609669, 7.710752 ], [ 0.619591, 7.703203 ], [ 0.627113, 7.704283 ], [ 0.616225, 7.738648 ], [ 0.616958, 7.745428 ], [ 0.611397, 7.753867 ], [ 0.61306, 7.757287 ], [ 0.619026, 7.756898 ], [ 0.61909, 7.76437 ], [ 0.631076, 7.767771 ], [ 0.630072, 7.784386 ], [ 0.626795, 7.788642 ], [ 0.629615, 7.793153 ], [ 0.617196, 7.796369 ], [ 0.621987, 7.799292 ], [ 0.616976, 7.805768 ], [ 0.618505, 7.830114 ], [ 0.620003, 7.841485 ], [ 0.624213, 7.843457 ], [ 0.627468, 7.863519 ], [ 0.621684, 7.874517 ], [ 0.622299925613228, 7.894828549985576 ], [ 0.641139167274038, 7.896856220275875 ], [ 0.668979707891993, 7.92343094313931 ], [ 0.71789582242668, 7.930303476490254 ], [ 0.733172773875253, 8.001565446376615 ], [ 0.744828877315035, 8.009445642007549 ], [ 0.786925687604162, 8.005578777083139 ], [ 0.804173494853168, 7.969285366860149 ], [ 0.860450749289342, 7.96495170194836 ], [ 0.883077763847544, 7.972210701095543 ], [ 0.90790371912105, 7.995414400088529 ], [ 0.922538865164508, 7.985254014275884 ], [ 0.953615449931076, 7.987201768125985 ], [ 0.978286958006381, 7.995923490774431 ], [ 0.984508945700901, 7.993776948096128 ], [ 1.000485928171616, 7.942849572017488 ], [ 1.023147589231604, 7.967531851941258 ], [ 1.036586761744185, 7.958159616464988 ], [ 1.041586810626955, 7.944547426249854 ], [ 1.026155203459922, 7.892414246623378 ], [ 1.014389944755483, 7.884284043609411 ], [ 0.98797994614715, 7.885649476713249 ], [ 0.982862732345537, 7.879988795707064 ], [ 0.927680986883069, 7.865412876479324 ], [ 0.895069857620741, 7.795872320517945 ], [ 0.908052347496981, 7.78161891598698 ], [ 0.88044633539084, 7.722336666683682 ], [ 0.900582489417188, 7.68615487435678 ], [ 0.880971111161186, 7.675176476171965 ], [ 0.850003105704512, 7.63243609766779 ], [ 0.827602709757725, 7.639315628368624 ], [ 0.809454487623431, 7.631317409014342 ], [ 0.75941111231173, 7.640888172243605 ], [ 0.751490607097975, 7.625887000600457 ], [ 0.723976370000404, 7.617412011634109 ], [ 0.716465808152235, 7.620849133878155 ], [ 0.705221691187543, 7.63957420318853 ], [ 0.692623342429169, 7.625016521432799 ], [ 0.682581378608437, 7.633099577393625 ], [ 0.671200980134227, 7.627485813354898 ], [ 0.656036366552022, 7.642297967852306 ], [ 0.643875669409577, 7.670402186454995 ], [ 0.62721288945002, 7.681577584012595 ] ] ] } },
{ "type": "Feature", "properties": { "region": "Plateaux", "prefecture": "Amou", "superficie_km2": 1608.2, "ctr_lon": 1.0025427545378882, "ctr_lat": 7.5479053324387886 }, "geometry": { "type": "Polygon", "coordinates": [ [ [ 0.851529313271912, 7.313275433576884 ], [ 0.842136148932966, 7.310609005627386 ], [ 0.830221576172292, 7.28994925643967 ], [ 0.823778174751334, 7.289574575165944 ], [ 0.801465324556703, 7.301484355316142 ], [ 0.800552464099781, 7.308402253545381 ], [ 0.80859893128277, 7.324418378332932 ], [ 0.826795974576354, 7.324822496451458 ], [ 0.832365152387639, 7.344857134624204 ], [ 0.829590113987356, 7.353487611936165 ], [ 0.850404477993588, 7.368474050939033 ], [ 0.843897356263068, 7.391668563385927 ], [ 0.845967174220188, 7.404376074399877 ], [ 0.85760486399535, 7.416916156608669 ], [ 0.844938097685124, 7.443367198526602 ], [ 0.845444647431839, 7.451068156111761 ], [ 0.87529635824266, 7.446719136026125 ], [ 0.879817280405267, 7.462603182200523 ], [ 0.887645472678343, 7.464100438587728 ], [ 0.910642168068353, 7.477216193281184 ], [ 0.912673576103562, 7.495616177207878 ], [ 0.932875758400795, 7.503000598623463 ], [ 0.948624613763498, 7.49908775665912 ], [ 0.963396140233504, 7.507062887974889 ], [ 0.9668592465095, 7.518912282077406 ], [ 0.960363699970858, 7.531843075212352 ], [ 0.964540334289967, 7.537357049479219 ], [ 1.001680764979523, 7.550305242105353 ], [ 0.988405542978086, 7.590970375087878 ], [ 0.952925630238794, 7.591915261464811 ], [ 0.942308834021883, 7.59654422538802 ], [ 0.920595509358072, 7.595179256534564 ], [ 0.892821852400428, 7.613687716960405 ], [ 0.897322452229406, 7.636598628455937 ], [ 0.897950659885151, 7.684113200008356 ], [ 0.900582489417188, 7.68615487435678 ], [ 0.88044633539084, 7.722336666683682 ], [ 0.908052347496981, 7.78161891598698 ], [ 0.895069857620741, 7.795872320517945 ], [ 0.927680986883069, 7.865412876479324 ], [ 0.982862732345537, 7.879988795707064 ], [ 0.98797994614715, 7.885649476713249 ], [ 1.015511282708624, 7.884668966888645 ], [ 1.085843497508102, 7.860900213425058 ], [ 1.074244604607082, 7.825878723896674 ], [ 1.091092458778056, 7.824358535322881 ], [ 1.103592344109694, 7.818617649590879 ], [ 1.101924887747952, 7.7982240161958 ], [ 1.080607274218276, 7.774005570428576 ], [ 1.09011949519456, 7.765203265782624 ], [ 1.094463551802477, 7.751594423315415 ], [ 1.108877858962392, 7.733510113712696 ], [ 1.111096332572602, 7.715294045369848 ], [ 1.097219178903869, 7.701115789033945 ], [ 1.097406569820927, 7.678056866001815 ], [ 1.130198529246391, 7.655330984435684 ], [ 1.13386368376412, 7.638429456835679 ], [ 1.129345152279807, 7.631720215730667 ], [ 1.143387183032373, 7.596471440290471 ], [ 1.12972487696975, 7.574771774554697 ], [ 1.114777911405941, 7.56657497565941 ], [ 1.111895085445938, 7.548186170661284 ], [ 1.115939416945614, 7.540404416213564 ], [ 1.113304264464202, 7.533907790120286 ], [ 1.115588699102189, 7.53022328880357 ], [ 1.108165102648023, 7.517799809588344 ], [ 1.111968917739179, 7.509677319542408 ], [ 1.110170609259858, 7.50172256589785 ], [ 1.11635290952634, 7.489810599869237 ], [ 1.13227101393161, 7.487231526997754 ], [ 1.151112954471618, 7.456333970313982 ], [ 1.151125714070927, 7.442793722842723 ], [ 1.138562911272234, 7.424926765722608 ], [ 1.153072399746399, 7.376026255695154 ], [ 1.130719996702115, 7.361908394397984 ], [ 1.107017596580794, 7.336583189695072 ], [ 1.091910492125311, 7.337926831693713 ], [ 1.076370664173237, 7.331524024291758 ], [ 1.070466826144446, 7.295147803343291 ], [ 1.058076968814058, 7.293164073017727 ], [ 1.053908809198375, 7.282069518860938 ], [ 1.063486910153134, 7.246655861867002 ], [ 1.056434707630866, 7.236093199082876 ], [ 1.068068368824668, 7.213994224909037 ], [ 1.038226074687446, 7.202875877460686 ], [ 1.015198568866515, 7.205396913041071 ], [ 1.005326409591328, 7.21171741324974 ], [ 1.006894919232097, 7.217307265887309 ], [ 1.00251095530333, 7.241445452417888 ], [ 0.995665370895536, 7.25016496621593 ], [ 1.009164593331786, 7.273865114545979 ], [ 0.97516729065251, 7.290213047090336 ], [ 0.955101293146574, 7.272186261214229 ], [ 0.933871071821436, 7.305949265205062 ], [ 0.888941410001903, 7.31075054525781 ], [ 0.884092408056311, 7.277733421825447 ], [ 0.880253871993266, 7.273976096143477 ], [ 0.867556263093545, 7.278196045535806 ], [ 0.851529313271912, 7.313275433576884 ] ] ] } },
{ "type": "Feature", "properties": { "region": "Plateaux", "prefecture": "Anié", "superficie_km2": 2075.0, "ctr_lon": 1.404148705256989, "ctr_lat": 7.7220041728040245 }, "geometry": { "type": "Polygon", "coordinates": [ [ [ 1.178037454721651, 7.710122699417622 ], [ 1.184420566791749, 7.739982153681621 ], [ 1.177684315530319, 7.752403458207499 ], [ 1.167402171569725, 7.760202104007308 ], [ 1.158411906250915, 7.736107169958416 ], [ 1.140428568579989, 7.736589782888426 ], [ 1.134721901542868, 7.712895418901874 ], [ 1.111096332572602, 7.715294045369848 ], [ 1.108877858962392, 7.733510113712696 ], [ 1.094463551802477, 7.751594423315415 ], [ 1.09011949519456, 7.765203265782624 ], [ 1.080607274218276, 7.774005570428576 ], [ 1.101924887747952, 7.7982240161958 ], [ 1.103592344109694, 7.818617649590879 ], [ 1.091092458778056, 7.824358535322881 ], [ 1.074244604607082, 7.825878723896674 ], [ 1.085843497508102, 7.860900213425058 ], [ 1.015511282708624, 7.884668966888645 ], [ 1.026155203459922, 7.892414246623378 ], [ 1.041586810626955, 7.944547426249854 ], [ 1.036586761744185, 7.958159616464988 ], [ 1.048427778778299, 7.95811658876278 ], [ 1.080841015175148, 7.980984799844022 ], [ 1.105620709380566, 7.981216184178026 ], [ 1.130238655047285, 7.966405992394796 ], [ 1.145586232730608, 7.986717458257222 ], [ 1.154202923528324, 7.949987006701289 ], [ 1.132996099270411, 7.945329289992794 ], [ 1.128658832208684, 7.940771218128996 ], [ 1.158477505758183, 7.901571203555211 ], [ 1.163183147160004, 7.888581186781837 ], [ 1.195062750860834, 7.888803891000522 ], [ 1.209526490179165, 7.861738318086967 ], [ 1.227008659280707, 7.861670218620248 ], [ 1.258357335429167, 7.876938075630536 ], [ 1.275544087165653, 7.850324986364622 ], [ 1.273983684890477, 7.843530035860302 ], [ 1.323804701862828, 7.834169724814354 ], [ 1.324942703502237, 7.82773228415289 ], [ 1.34130612338551, 7.807548974243191 ], [ 1.341491495076153, 7.795311594611372 ], [ 1.371937956806825, 7.781708862268704 ], [ 1.390526714619743, 7.778613258831887 ], [ 1.400719529266981, 7.791018368892303 ], [ 1.424841442403079, 7.789814591682535 ], [ 1.438166945746675, 7.799902519037412 ], [ 1.460020893440444, 7.80146021871534 ], [ 1.475483507344756, 7.818593228521122 ], [ 1.445177511598992, 7.865200707740651 ], [ 1.44175554579379, 7.890698459484679 ], [ 1.443949101208627, 7.894311628312328 ], [ 1.490644404720755, 7.890388764574446 ], [ 1.508637771990973, 7.902178561170869 ], [ 1.541684509536375, 7.912923919700052 ], [ 1.549188359707657, 7.927327944325754 ], [ 1.597946584473793, 7.913495933838558 ], [ 1.63016120057175, 7.950171171195357 ], [ 1.638056, 7.952180828540618 ], [ 1.638056, 7.846389 ], [ 1.645833, 7.776111 ], [ 1.639167, 7.757778 ], [ 1.641389, 7.636389 ], [ 1.648056, 7.598611 ], [ 1.649444, 7.553333 ], [ 1.655833, 7.5325 ], [ 1.649722, 7.510833 ], [ 1.650606815589518, 7.492662875283797 ], [ 1.622067219597932, 7.486521715074761 ], [ 1.60703496321773, 7.477753382660498 ], [ 1.577735785549073, 7.478195095698284 ], [ 1.556565399238512, 7.480726857818961 ], [ 1.550787548752467, 7.495766107499843 ], [ 1.497787975388791, 7.488401878345782 ], [ 1.487006303736496, 7.479367143227284 ], [ 1.458439061063769, 7.47569069929843 ], [ 1.407057923210023, 7.492672424609561 ], [ 1.395563898577042, 7.506876772306819 ], [ 1.387730268767458, 7.510646684658555 ], [ 1.338679195925175, 7.576920279300503 ], [ 1.336116070337469, 7.592635369326589 ], [ 1.287867050726915, 7.60342942908169 ], [ 1.284391743958097, 7.608123615561158 ], [ 1.293649877784041, 7.650656088282388 ], [ 1.28825615086846, 7.653507636022845 ], [ 1.265997243208048, 7.683188046198177 ], [ 1.2599397540433, 7.685569296628176 ], [ 1.253564478664901, 7.679863251136771 ], [ 1.218493705006376, 7.681952522925497 ], [ 1.214444767608837, 7.673637237589088 ], [ 1.173386070652746, 7.685035253691781 ], [ 1.171185245237209, 7.702865555325117 ], [ 1.178037454721651, 7.710122699417622 ] ] ] } },
{ "type": "Feature", "properties": { "region": "Plateaux", "prefecture": "Danyi", "superficie_km2": 463.2, "ctr_lon": 0.71341538429159235, "ctr_lat": 7.2709370334078143 }, "geometry": { "type": "Polygon", "coordinates": [ [ [ 0.63997134354884, 7.118989507921969 ], [ 0.629441153780761, 7.124589581783098 ], [ 0.609089631863609, 7.106190506427404 ], [ 0.602492, 7.107161 ], [ 0.596623, 7.114248 ], [ 0.591146, 7.111518 ], [ 0.596753, 7.133385 ], [ 0.603144, 7.13578 ], [ 0.605435, 7.141936 ], [ 0.604825, 7.15391 ], [ 0.609722, 7.153291 ], [ 0.615983, 7.157644 ], [ 0.61849, 7.17057 ], [ 0.614159, 7.174015 ], [ 0.616657, 7.181951 ], [ 0.624346, 7.182934 ], [ 0.633763, 7.206866 ], [ 0.643051, 7.253583 ], [ 0.64462, 7.289283 ], [ 0.647633, 7.294106 ], [ 0.651997, 7.292467 ], [ 0.650005, 7.304957 ], [ 0.658007, 7.315331 ], [ 0.648687, 7.356957 ], [ 0.641188, 7.370928 ], [ 0.643342, 7.376786 ], [ 0.679499001185853, 7.387494661329479 ], [ 0.702885714494371, 7.383554030106585 ], [ 0.708827432780081, 7.370889039120686 ], [ 0.723944853777434, 7.367199348563267 ], [ 0.735707296920212, 7.391305230890083 ], [ 0.760503429984547, 7.391660541562417 ], [ 0.774733907546127, 7.396670538211305 ], [ 0.788909028521305, 7.391301738331337 ], [ 0.805710836088869, 7.409993316108137 ], [ 0.814515809324278, 7.405133202749563 ], [ 0.845967174220188, 7.404376074399877 ], [ 0.843897356263068, 7.391668563385927 ], [ 0.850404477993588, 7.368474050939033 ], [ 0.829590113987356, 7.353487611936165 ], [ 0.832365152387639, 7.344857134624204 ], [ 0.826795974576354, 7.324822496451458 ], [ 0.80859893128277, 7.324418378332932 ], [ 0.800552464099781, 7.308402253545381 ], [ 0.801465324556703, 7.301484355316142 ], [ 0.793438165043361, 7.294661076514886 ], [ 0.787869499127389, 7.273972914321609 ], [ 0.774958008345315, 7.261847426921787 ], [ 0.774262378682007, 7.237651928376953 ], [ 0.769981635656624, 7.228991197828857 ], [ 0.747110411007472, 7.234033016998615 ], [ 0.741439138043252, 7.208275096497503 ], [ 0.725831134498345, 7.209026023347032 ], [ 0.728050169290871, 7.176902587320416 ], [ 0.723100274535262, 7.166631232810391 ], [ 0.715288502672506, 7.159630086438911 ], [ 0.706079286851315, 7.133917086346815 ], [ 0.708929253054225, 7.106225706068555 ], [ 0.695110339962633, 7.108043833140323 ], [ 0.689936661074489, 7.114381670056686 ], [ 0.671540597181797, 7.110045895860768 ], [ 0.661265187471648, 7.122584230041284 ], [ 0.64942408606284, 7.123067375184865 ], [ 0.63997134354884, 7.118989507921969 ] ] ] } },
{ "type": "Feature", "properties": { "region": "Plateaux", "prefecture": "Est-Mono", "superficie_km2": 2506.5, "ctr_lon": 1.4204081629518475, "ctr_lat": 8.0969068606685504 }, "geometry": { "type": "Polygon", "coordinates": [ [ [ 1.209526490179165, 7.861738318086967 ], [ 1.195062750860834, 7.888803891000522 ], [ 1.163183147160004, 7.888581186781837 ], [ 1.158477505758183, 7.901571203555211 ], [ 1.128658832208684, 7.940771218128996 ], [ 1.132996099270411, 7.945329289992794 ], [ 1.154202923528324, 7.949987006701289 ], [ 1.145586232730608, 7.986717458257222 ], [ 1.163657961738827, 7.992734408674354 ], [ 1.205623278266652, 8.015699083466812 ], [ 1.210326278478133, 8.032735592862192 ], [ 1.242907295058008, 8.021345425278314 ], [ 1.261566327292811, 8.046920794507262 ], [ 1.247367348674882, 8.063267365466301 ], [ 1.275566158388716, 8.101146132821633 ], [ 1.249190135750623, 8.120090001250857 ], [ 1.247694059800239, 8.124532108491893 ], [ 1.253960850337701, 8.143742368495207 ], [ 1.279398259075204, 8.165801407200956 ], [ 1.272621507268395, 8.182359373199279 ], [ 1.279072266725886, 8.208212406596278 ], [ 1.24824976559689, 8.231496154070014 ], [ 1.259590150937005, 8.266444247054551 ], [ 1.253858447971556, 8.276056586774049 ], [ 1.248391134145968, 8.297673561707684 ], [ 1.235588190505804, 8.309339879269665 ], [ 1.22835826103431, 8.337401871898274 ], [ 1.238170713027389, 8.348816460429203 ], [ 1.280525098380305, 8.360724680710748 ], [ 1.292292534709237, 8.377912588189535 ], [ 1.301303622074548, 8.377624730158804 ], [ 1.331532814647747, 8.35095569175737 ], [ 1.344134362863813, 8.360501427291368 ], [ 1.347659709703424, 8.371829194087923 ], [ 1.378525782459349, 8.369845942647817 ], [ 1.381345246024116, 8.357403659373546 ], [ 1.39601547126618, 8.339151941564257 ], [ 1.424478540293127, 8.361782842343796 ], [ 1.459159348123988, 8.338346674669598 ], [ 1.469075551815859, 8.337720979486026 ], [ 1.481792866800488, 8.388039529932779 ], [ 1.523329605839844, 8.388930434666211 ], [ 1.535338245487723, 8.37907422567233 ], [ 1.572425609604379, 8.366462324227747 ], [ 1.582026826347417, 8.353130638255234 ], [ 1.634444, 8.336046059035127 ], [ 1.638056, 7.952180828540618 ], [ 1.63016120057175, 7.950171171195357 ], [ 1.597946584473793, 7.913495933838558 ], [ 1.549188359707657, 7.927327944325754 ], [ 1.541684509536375, 7.912923919700052 ], [ 1.508637771990973, 7.902178561170869 ], [ 1.490644404720755, 7.890388764574446 ], [ 1.443949101208627, 7.894311628312328 ], [ 1.44175554579379, 7.890698459484679 ], [ 1.445177511598992, 7.865200707740651 ], [ 1.475483507344756, 7.818593228521122 ], [ 1.460020893440444, 7.80146021871534 ], [ 1.438166945746675, 7.799902519037412 ], [ 1.424841442403079, 7.789814591682535 ], [ 1.400719529266981, 7.791018368892303 ], [ 1.390526714619743, 7.778613258831887 ], [ 1.371937956806825, 7.781708862268704 ], [ 1.341491495076153, 7.795311594611372 ], [ 1.34130612338551, 7.807548974243191 ], [ 1.324942703502237, 7.82773228415289 ], [ 1.323804701862828, 7.834169724814354 ], [ 1.273983684890477, 7.843530035860302 ], [ 1.275544087165653, 7.850324986364622 ], [ 1.258357335429167, 7.876938075630536 ], [ 1.227008659280707, 7.861670218620248 ], [ 1.209526490179165, 7.861738318086967 ] ] ] } },
{ "type": "Feature", "properties": { "region": "Plateaux", "prefecture": "Haho", "superficie_km2": 3054.7, "ctr_lon": 1.2301260561145646, "ctr_lat": 7.0180004738245998 }, "geometry": { "type": "Polygon", "coordinates": [ [ [ 0.976557269465642, 6.833515631414129 ], [ 0.934212479467306, 6.831110179348026 ], [ 0.923778446477171, 6.845332603874504 ], [ 0.900400784511266, 6.855800158381341 ], [ 0.891376783364699, 6.864830856351868 ], [ 0.899292267142896, 6.90290075748635 ], [ 0.895596508028927, 6.916397946466731 ], [ 0.905941558125571, 6.936601530141617 ], [ 0.929543385880972, 6.949805897941391 ], [ 0.935225048373208, 6.961700386476407 ], [ 0.929379757652838, 6.984124456661414 ], [ 0.942423532905494, 7.000590501480504 ], [ 0.953831739623329, 7.000639536110245 ], [ 0.962493625545872, 7.022033652331184 ], [ 0.982615928929138, 7.023442808131395 ], [ 0.984908071292939, 7.029475391155619 ], [ 0.954062741763447, 7.053859504427689 ], [ 0.96955955635917, 7.070097320523962 ], [ 0.952640948254742, 7.094731781024898 ], [ 0.946253966034169, 7.098141961868764 ], [ 0.949846927134446, 7.120624921727574 ], [ 0.927984562654832, 7.137477330784022 ], [ 0.934593206739331, 7.15570440883886 ], [ 0.924065488552641, 7.173031384925971 ], [ 0.927238190649067, 7.181880341423618 ], [ 0.924402750569745, 7.194479954235308 ], [ 0.944001704353043, 7.203625778042095 ], [ 0.94733580103812, 7.210644530008645 ], [ 0.942440171336301, 7.222802940041642 ], [ 0.922740784457948, 7.223928107665575 ], [ 0.91655606246829, 7.233377522858088 ], [ 0.948923342713195, 7.256733600205973 ], [ 0.955101293146574, 7.272186261214229 ], [ 0.97516729065251, 7.290213047090336 ], [ 1.009164593331786, 7.273865114545979 ], [ 0.995665370895536, 7.25016496621593 ], [ 1.00251095530333, 7.241445452417888 ], [ 1.006894919232097, 7.217307265887309 ], [ 1.005326409591328, 7.21171741324974 ], [ 1.015198568866515, 7.205396913041071 ], [ 1.038226074687446, 7.202875877460686 ], [ 1.04211256132528, 7.172310944324709 ], [ 1.053587184527947, 7.175371468678743 ], [ 1.071416724488463, 7.169783970100011 ], [ 1.083062028514702, 7.210077144318708 ], [ 1.098123510982268, 7.212783722239945 ], [ 1.108673903342382, 7.229555577797457 ], [ 1.140571952596519, 7.228403673513773 ], [ 1.144642636911223, 7.234586104187845 ], [ 1.185406695136089, 7.234654041542527 ], [ 1.187553622090041, 7.227819640743458 ], [ 1.228099575289484, 7.230399917653967 ], [ 1.263418453355222, 7.227337966082355 ], [ 1.271782806591142, 7.242363583504813 ], [ 1.290213057496552, 7.249884763392513 ], [ 1.316934231096968, 7.234412615946559 ], [ 1.353527050319157, 7.248340404846708 ], [ 1.384536565222839, 7.299311402169672 ], [ 1.404431322795072, 7.317889733046584 ], [ 1.421587573894973, 7.305572805979355 ], [ 1.440698958613449, 7.273247928280989 ], [ 1.448148211598145, 7.22398023506186 ], [ 1.462663385653999, 7.198201341298336 ], [ 1.470431236849011, 7.166852822061356 ], [ 1.414433512662987, 7.121228979416133 ], [ 1.42447030424349, 7.097559121477994 ], [ 1.463682854770111, 7.080336892575365 ], [ 1.49176763637277, 7.101859092694418 ], [ 1.538316456831013, 7.08124490636029 ], [ 1.563267588146422, 7.090886473256548 ], [ 1.568018808156507, 7.086598992231059 ], [ 1.574145544867047, 7.05094705626471 ], [ 1.551203963916028, 7.036331744991134 ], [ 1.52702367817358, 7.040475787175809 ], [ 1.525393237454433, 7.036367488908359 ], [ 1.537488231961454, 7.003251452895658 ], [ 1.551047439541533, 7.002755691627702 ], [ 1.559102288036509, 6.995005098755159 ], [ 1.5614361, 6.9717524 ], [ 1.5758721, 6.9427288 ], [ 1.5801377, 6.9402121 ], [ 1.577001699999926, 6.922317799999973 ], [ 1.583630600000049, 6.910086500000091 ], [ 1.605765400000053, 6.9050547 ], [ 1.602627699999971, 6.89025 ], [ 1.607086599999946, 6.881986700000027 ], [ 1.605170900000076, 6.874952899999982 ], [ 1.597877532875241, 6.870554592748171 ], [ 1.511879154578594, 6.864974521022287 ], [ 1.472380407723581, 6.871801824450305 ], [ 1.439667750647784, 6.829662528839251 ], [ 1.379251647894625, 6.848447073370888 ], [ 1.361054907779445, 6.841988026844469 ], [ 1.348600327497747, 6.815294854424574 ], [ 1.323599869621949, 6.828340045870807 ], [ 1.30881723327334, 6.80014197316913 ], [ 1.308087592593653, 6.792461132328758 ], [ 1.304035118689716, 6.792165821410445 ], [ 1.265801995383723, 6.762185336336306 ], [ 1.259315485692099, 6.76488091636244 ], [ 1.241338994939001, 6.759216301671344 ], [ 1.230179772197205, 6.739978484052994 ], [ 1.196441581103031, 6.751322205180919 ], [ 1.192750566243547, 6.758801437674105 ], [ 1.192924002189897, 6.768263885915447 ], [ 1.173453505996164, 6.776435314152262 ], [ 1.159960621900985, 6.773283385994041 ], [ 1.158182406253033, 6.780156026382151 ], [ 1.149929058620118, 6.787887194824775 ], [ 1.128695141476548, 6.791456136223838 ], [ 1.124892412002387, 6.807917970729055 ], [ 1.109315953074151, 6.81597071627277 ], [ 1.101178033951311, 6.830021908858688 ], [ 1.07938980921898, 6.830051240024378 ], [ 1.063880153597612, 6.812820011574037 ], [ 1.042970665082903, 6.83062143854184 ], [ 1.04168461841281, 6.844154842370331 ], [ 1.012530449959975, 6.826883131045809 ], [ 0.996826259241904, 6.853819718447206 ], [ 0.992812987003602, 6.85476962214114 ], [ 0.98672127841632, 6.85198581578346 ], [ 0.976557269465642, 6.833515631414129 ] ] ] } },
{ "type": "Feature", "properties": { "region": "Plateaux", "prefecture": "Kloto", "superficie_km2": 576.5, "ctr_lon": 0.63342262258459969, "ctr_lat": 6.9336469389206954 }, "geometry": { "type": "Polygon", "coordinates": [ [ [ 0.609089631863609, 7.106190506427404 ], [ 0.629441153780761, 7.124589581783098 ], [ 0.63997134354884, 7.118989507921969 ], [ 0.64942408606284, 7.123067375184865 ], [ 0.661265187471648, 7.122584230041284 ], [ 0.671540597181797, 7.110045895860768 ], [ 0.689936661074489, 7.114381670056686 ], [ 0.695110339962633, 7.108043833140323 ], [ 0.708929253054225, 7.106225706068555 ], [ 0.713740294671109, 7.094585243695979 ], [ 0.710807099655918, 7.087604855198729 ], [ 0.685075202189919, 7.09118191147398 ], [ 0.684767548987751, 7.066643086043602 ], [ 0.689635382140876, 7.059333543730505 ], [ 0.686890389939725, 7.034198509253048 ], [ 0.717170449966153, 7.023986120882403 ], [ 0.752914878707249, 6.996871790083051 ], [ 0.747151697595918, 6.978623933172679 ], [ 0.724621943399641, 6.979092046968125 ], [ 0.713956203119423, 6.965100749009019 ], [ 0.720000132762194, 6.955657333539452 ], [ 0.721037456010522, 6.940968742091743 ], [ 0.718511503908618, 6.935660811431211 ], [ 0.721674618218395, 6.914358614364652 ], [ 0.709306235977443, 6.902449971002944 ], [ 0.722522826089818, 6.885899041137479 ], [ 0.711599113109501, 6.865302810332614 ], [ 0.69128793901567, 6.866592685386245 ], [ 0.686400558513184, 6.861015716711927 ], [ 0.668939000941567, 6.853977569221461 ], [ 0.632579948071747, 6.863315310699003 ], [ 0.623949788705055, 6.855205725725618 ], [ 0.625175521121981, 6.847208250907419 ], [ 0.661418708911584, 6.838215531729992 ], [ 0.660848105448768, 6.829499426371153 ], [ 0.685463532713755, 6.809366198409301 ], [ 0.682155862462494, 6.799088379443949 ], [ 0.654309026648373, 6.767853609354026 ], [ 0.654573232447012, 6.750234391460858 ], [ 0.646493830530401, 6.740827947267168 ], [ 0.631236, 6.749432 ], [ 0.625434, 6.747115 ], [ 0.618778, 6.754806 ], [ 0.609171, 6.749951 ], [ 0.608712, 6.746976 ], [ 0.600566, 6.756799 ], [ 0.581441, 6.761493 ], [ 0.572368, 6.773562 ], [ 0.577536, 6.774436 ], [ 0.566626, 6.782317 ], [ 0.569897, 6.785053 ], [ 0.566203, 6.788668 ], [ 0.569835, 6.792787 ], [ 0.56997, 6.801107 ], [ 0.575929, 6.798547 ], [ 0.576041, 6.803702 ], [ 0.57984, 6.807286 ], [ 0.569561, 6.809427 ], [ 0.56519, 6.825049 ], [ 0.561032, 6.824097 ], [ 0.548287, 6.833622 ], [ 0.544536, 6.830886 ], [ 0.546269, 6.827852 ], [ 0.539374, 6.825133 ], [ 0.532263, 6.828471 ], [ 0.534666, 6.834258 ], [ 0.531469, 6.833172 ], [ 0.531294, 6.856864 ], [ 0.542787, 6.861098 ], [ 0.543419, 6.864402 ], [ 0.535279, 6.876503 ], [ 0.55102, 6.880928 ], [ 0.558465, 6.887597 ], [ 0.566006, 6.921055 ], [ 0.559611, 6.929112 ], [ 0.55045, 6.927926 ], [ 0.54845, 6.936159 ], [ 0.54564, 6.93356 ], [ 0.526272, 6.94122 ], [ 0.521759, 6.947591 ], [ 0.526023, 6.954786 ], [ 0.522187, 6.960695 ], [ 0.525323, 6.963773 ], [ 0.52111, 6.968558 ], [ 0.522706, 6.973193 ], [ 0.533971, 6.976756 ], [ 0.541956, 6.98744 ], [ 0.549594, 6.991649 ], [ 0.570439, 6.996131 ], [ 0.580204, 6.993906 ], [ 0.595276, 7.003508 ], [ 0.596938, 7.006492 ], [ 0.592577, 7.01001 ], [ 0.6044, 7.025379 ], [ 0.60115, 7.031392 ], [ 0.604624, 7.03594 ], [ 0.597594, 7.062615 ], [ 0.614142, 7.090011 ], [ 0.614215, 7.095227 ], [ 0.610981, 7.097311 ], [ 0.61359, 7.101329 ], [ 0.609089631863609, 7.106190506427404 ] ] ] } },
{ "type": "Feature", "properties": { "region": "Plateaux", "prefecture": "Kpélé", "superficie_km2": 928.2, "ctr_lon": 0.83918371399151714, "ctr_lat": 7.1100588323174341 }, "geometry": { "type": "Polygon", "coordinates": [ [ [ 0.685075202189919, 7.09118191147398 ], [ 0.710950865841847, 7.087717781860554 ], [ 0.713740294671109, 7.094585243695979 ], [ 0.708929253054225, 7.106225706068555 ], [ 0.706079286851315, 7.133917086346815 ], [ 0.715288502672506, 7.159630086438911 ], [ 0.723100274535262, 7.166631232810391 ], [ 0.728050169290871, 7.176902587320416 ], [ 0.725831134498345, 7.209026023347032 ], [ 0.741439138043252, 7.208275096497503 ], [ 0.747110411007472, 7.234033016998615 ], [ 0.769981635656624, 7.228991197828857 ], [ 0.774262378682007, 7.237651928376953 ], [ 0.774958008345315, 7.261847426921787 ], [ 0.787869499127389, 7.273972914321609 ], [ 0.793438165043361, 7.294661076514886 ], [ 0.801465324556703, 7.301484355316142 ], [ 0.823778174751334, 7.289574575165944 ], [ 0.830221576172292, 7.28994925643967 ], [ 0.842136148932966, 7.310609005627386 ], [ 0.851529313271912, 7.313275433576884 ], [ 0.867556263093545, 7.278196045535806 ], [ 0.880253871993266, 7.273976096143477 ], [ 0.884092408056311, 7.277733421825447 ], [ 0.888941410001903, 7.31075054525781 ], [ 0.933871071821436, 7.305949265205062 ], [ 0.955101293146574, 7.272186261214229 ], [ 0.948923342713195, 7.256733600205973 ], [ 0.91655606246829, 7.233377522858088 ], [ 0.922740784457948, 7.223928107665575 ], [ 0.942440171336301, 7.222802940041642 ], [ 0.94733580103812, 7.210644530008645 ], [ 0.944001704353043, 7.203625778042095 ], [ 0.924402750569745, 7.194479954235308 ], [ 0.927238190649067, 7.181880341423618 ], [ 0.924065488552641, 7.173031384925971 ], [ 0.934593206739331, 7.15570440883886 ], [ 0.927984562654832, 7.137477330784022 ], [ 0.949846927134446, 7.120624921727574 ], [ 0.946253966034169, 7.098141961868764 ], [ 0.952640948254742, 7.094731781024898 ], [ 0.96955955635917, 7.070097320523962 ], [ 0.954062741763447, 7.053859504427689 ], [ 0.984908071292939, 7.029475391155619 ], [ 0.982615928929138, 7.023442808131395 ], [ 0.962493625545872, 7.022033652331184 ], [ 0.953831739623329, 7.000639536110245 ], [ 0.942423532905494, 7.000590501480504 ], [ 0.929379757652838, 6.984124456661414 ], [ 0.935225048373208, 6.961700386476407 ], [ 0.929543385880972, 6.949805897941391 ], [ 0.905941558125571, 6.936601530141617 ], [ 0.895596508028927, 6.916397946466731 ], [ 0.870984205774592, 6.920472067624956 ], [ 0.856491649426186, 6.916509115398817 ], [ 0.840541293832341, 6.891884811853474 ], [ 0.830483059250134, 6.890616877325745 ], [ 0.822795094325207, 6.894239890992711 ], [ 0.82426814724095, 6.921417110740611 ], [ 0.813107539626438, 6.931457225831475 ], [ 0.802139747913339, 6.932418202843902 ], [ 0.793641439840313, 6.976094914385696 ], [ 0.786851873285787, 6.994254560670174 ], [ 0.77579487033667, 7.004220905612093 ], [ 0.752914878707249, 6.996871790083051 ], [ 0.717170449966153, 7.023986120882403 ], [ 0.686890389939725, 7.034198509253048 ], [ 0.689635382140876, 7.059333543730505 ], [ 0.684767548987751, 7.066643086043602 ], [ 0.685075202189919, 7.09118191147398 ] ] ] } },
{ "type": "Feature", "properties": { "region": "Plateaux", "prefecture": "Moyen-Mono", "superficie_km2": 706.5, "ctr_lon": 1.5612895545439833, "ctr_lat": 7.1931524764067039 }, "geometry": { "type": "Polygon", "coordinates": [ [ [ 1.568085066276294, 7.086507301393661 ], [ 1.563267588146422, 7.090886473256548 ], [ 1.538316456831013, 7.08124490636029 ], [ 1.49176763637277, 7.101859092694418 ], [ 1.463682854770111, 7.080336892575365 ], [ 1.42447030424349, 7.097559121477994 ], [ 1.414433512662987, 7.121228979416133 ], [ 1.470431236849011, 7.166852822061356 ], [ 1.462663385653999, 7.198201341298336 ], [ 1.448148211598145, 7.22398023506186 ], [ 1.440698958613449, 7.273247928280989 ], [ 1.50452170468881, 7.292518329116879 ], [ 1.516701119497687, 7.288360904829584 ], [ 1.528741885803089, 7.33842484559456 ], [ 1.527348576830047, 7.344750236590439 ], [ 1.538477791165906, 7.349021580521323 ], [ 1.573751540759011, 7.332839585366186 ], [ 1.578786542517897, 7.336445704719311 ], [ 1.5922380532615, 7.366437907217095 ], [ 1.596950643718357, 7.385248732075832 ], [ 1.594839787514211, 7.402218911351456 ], [ 1.61591367535574, 7.424680780560075 ], [ 1.628771666715929, 7.428547604091962 ], [ 1.643893637745547, 7.424990693331596 ], [ 1.6425, 6.995556 ], [ 1.5591747, 6.997177 ], [ 1.559102288036509, 6.995005098755159 ], [ 1.551047439541533, 7.002755691627702 ], [ 1.537488231961454, 7.003251452895658 ], [ 1.525393237454433, 7.036367488908359 ], [ 1.52702367817358, 7.040475787175809 ], [ 1.551203963916028, 7.036331744991134 ], [ 1.574145544867047, 7.05094705626471 ], [ 1.568085066276294, 7.086507301393661 ] ] ] } },
{ "type": "Feature", "properties": { "region": "Plateaux", "prefecture": "Ogou", "superficie_km2": 1889.8, "ctr_lon": 1.2993596977810196, "ctr_lat": 7.4289959849718992 }, "geometry": { "type": "Polygon", "coordinates": [ [ [ 1.058076968814058, 7.293164073017727 ], [ 1.070466826144446, 7.295147803343291 ], [ 1.076370664173237, 7.331524024291758 ], [ 1.091910492125311, 7.337926831693713 ], [ 1.107017596580794, 7.336583189695072 ], [ 1.130719996702115, 7.361908394397984 ], [ 1.153072399746399, 7.376026255695154 ], [ 1.138562911272234, 7.424926765722608 ], [ 1.151125714070927, 7.442793722842723 ], [ 1.151112954471618, 7.456333970313982 ], [ 1.13227101393161, 7.487231526997754 ], [ 1.11635290952634, 7.489810599869237 ], [ 1.110170609259858, 7.50172256589785 ], [ 1.111968917739179, 7.509677319542408 ], [ 1.108165102648023, 7.517799809588344 ], [ 1.115588699102189, 7.53022328880357 ], [ 1.113304264464202, 7.533907790120286 ], [ 1.115939416945614, 7.540404416213564 ], [ 1.111895085445938, 7.548186170661284 ], [ 1.114777911405941, 7.56657497565941 ], [ 1.12972487696975, 7.574771774554697 ], [ 1.143387183032373, 7.596471440290471 ], [ 1.129345152279807, 7.631720215730667 ], [ 1.13386368376412, 7.638429456835679 ], [ 1.130198529246391, 7.655330984435684 ], [ 1.097406569820927, 7.678056866001815 ], [ 1.097219178903869, 7.701115789033945 ], [ 1.111096332572602, 7.715294045369848 ], [ 1.134721901542868, 7.712895418901874 ], [ 1.140428568579989, 7.736589782888426 ], [ 1.158411906250915, 7.736107169958416 ], [ 1.167402171569725, 7.760202104007308 ], [ 1.177684315530319, 7.752403458207499 ], [ 1.184420566791749, 7.739982153681621 ], [ 1.178037454721651, 7.710122699417622 ], [ 1.171185245237209, 7.702865555325117 ], [ 1.173386070652746, 7.685035253691781 ], [ 1.214444767608837, 7.673637237589088 ], [ 1.218493705006376, 7.681952522925497 ], [ 1.253564478664901, 7.679863251136771 ], [ 1.2599397540433, 7.685569296628176 ], [ 1.265997243208048, 7.683188046198177 ], [ 1.28825615086846, 7.653507636022845 ], [ 1.293649877784041, 7.650656088282388 ], [ 1.284391743958097, 7.608123615561158 ], [ 1.287867050726915, 7.60342942908169 ], [ 1.336116070337469, 7.592635369326589 ], [ 1.338679195925175, 7.576920279300503 ], [ 1.387730268767458, 7.510646684658555 ], [ 1.395563898577042, 7.506876772306819 ], [ 1.407057923210023, 7.492672424609561 ], [ 1.458439061063769, 7.47569069929843 ], [ 1.487006303736496, 7.479367143227284 ], [ 1.497787975388791, 7.488401878345782 ], [ 1.550787548752467, 7.495766107499843 ], [ 1.556565399238512, 7.480726857818961 ], [ 1.577735785549073, 7.478195095698284 ], [ 1.60703496321773, 7.477753382660498 ], [ 1.622067219597932, 7.486521715074761 ], [ 1.650606815589518, 7.492662875283797 ], [ 1.643893637745547, 7.424990693331596 ], [ 1.628771666715929, 7.428547604091962 ], [ 1.61591367535574, 7.424680780560075 ], [ 1.594839787514211, 7.402218911351456 ], [ 1.597090122562638, 7.386232194876394 ], [ 1.5922380532615, 7.366437907217095 ], [ 1.578786542517897, 7.336445704719311 ], [ 1.575011249104872, 7.33359259085574 ], [ 1.538477791165906, 7.349021580521323 ], [ 1.527348576830047, 7.344750236590439 ], [ 1.528741885803089, 7.33842484559456 ], [ 1.516701119497687, 7.288360904829584 ], [ 1.50452170468881, 7.292518329116879 ], [ 1.440698958613449, 7.273247928280989 ], [ 1.421587573894973, 7.305572805979355 ], [ 1.404431322795072, 7.317889733046584 ], [ 1.384536565222839, 7.299311402169672 ], [ 1.353527050319157, 7.248340404846708 ], [ 1.316934231096968, 7.234412615946559 ], [ 1.290213057496552, 7.249884763392513 ], [ 1.271782806591142, 7.242363583504813 ], [ 1.263418453355222, 7.227337966082355 ], [ 1.228099575289484, 7.230399917653967 ], [ 1.187553622090041, 7.227819640743458 ], [ 1.185406695136089, 7.234654041542527 ], [ 1.144642636911223, 7.234586104187845 ], [ 1.140571952596519, 7.228403673513773 ], [ 1.108673903342382, 7.229555577797457 ], [ 1.098123510982268, 7.212783722239945 ], [ 1.083062028514702, 7.210077144318708 ], [ 1.071416724488463, 7.169783970100011 ], [ 1.053587184527947, 7.175371468678743 ], [ 1.04211256132528, 7.172310944324709 ], [ 1.039610128761606, 7.18667778505516 ], [ 1.038226074687446, 7.202875877460686 ], [ 1.068068368824668, 7.213994224909037 ], [ 1.056434707630866, 7.236093199082876 ], [ 1.063486910153134, 7.246655861867002 ], [ 1.053908809198375, 7.282069518860938 ], [ 1.058076968814058, 7.293164073017727 ] ] ] } },
{ "type": "Feature", "properties": { "region": "Plateaux", "prefecture": "Wawa", "superficie_km2": 1188.6, "ctr_lon": 0.72784882592027667, "ctr_lat": 7.5262193633345662 }, "geometry": { "type": "Polygon", "coordinates": [ [ [ 0.604583400408112, 7.709535773966246 ], [ 0.618809299303152, 7.696311357288804 ], [ 0.627227645890701, 7.681485095179422 ], [ 0.643875669409577, 7.670402186454995 ], [ 0.656036366552022, 7.642297967852306 ], [ 0.671200980134227, 7.627485813354898 ], [ 0.682581378608437, 7.633099577393625 ], [ 0.692623342429169, 7.625016521432799 ], [ 0.705221691187543, 7.63957420318853 ], [ 0.716465808152235, 7.620849133878155 ], [ 0.723976370000404, 7.617412011634109 ], [ 0.751490607097975, 7.625887000600457 ], [ 0.75941111231173, 7.640888172243605 ], [ 0.809454487623431, 7.631317409014342 ], [ 0.827602709757725, 7.639315628368624 ], [ 0.850003105704512, 7.63243609766779 ], [ 0.880971111161186, 7.675176476171965 ], [ 0.897950659885151, 7.684113200008356 ], [ 0.897322452229406, 7.636598628455937 ], [ 0.892821852400428, 7.613687716960405 ], [ 0.920595509358072, 7.595179256534564 ], [ 0.942308834021883, 7.59654422538802 ], [ 0.952925630238794, 7.591915261464811 ], [ 0.988405542978086, 7.590970375087878 ], [ 1.001216542469235, 7.548423117747631 ], [ 0.964540334289967, 7.537357049479219 ], [ 0.960363699970858, 7.531843075212352 ], [ 0.9668592465095, 7.518912282077406 ], [ 0.963396140233504, 7.507062887974889 ], [ 0.948624613763498, 7.49908775665912 ], [ 0.932875758400795, 7.503000598623463 ], [ 0.912673576103562, 7.495616177207878 ], [ 0.910642168068353, 7.477216193281184 ], [ 0.887645472678343, 7.464100438587728 ], [ 0.879817280405267, 7.462603182200523 ], [ 0.87529635824266, 7.446719136026125 ], [ 0.845444647431839, 7.451068156111761 ], [ 0.844938097685124, 7.443367198526602 ], [ 0.85760486399535, 7.416916156608669 ], [ 0.845967174220188, 7.404376074399877 ], [ 0.814515809324278, 7.405133202749563 ], [ 0.805710836088869, 7.409993316108137 ], [ 0.788909028521305, 7.391301738331337 ], [ 0.774733907546127, 7.396670538211305 ], [ 0.760503429984547, 7.391660541562417 ], [ 0.735707296920212, 7.391305230890083 ], [ 0.723944853777434, 7.367199348563267 ], [ 0.708827432780081, 7.370889039120686 ], [ 0.702885714494371, 7.383554030106585 ], [ 0.679499001185853, 7.387494661329479 ], [ 0.662714388414947, 7.381117512537039 ], [ 0.648832629926853, 7.380113931752005 ], [ 0.643305, 7.391966 ], [ 0.644127, 7.40116 ], [ 0.633695, 7.403747 ], [ 0.629133, 7.399723 ], [ 0.62531, 7.410342 ], [ 0.61853, 7.412817 ], [ 0.602119, 7.404971 ], [ 0.598866, 7.400298 ], [ 0.568686, 7.392208 ], [ 0.553189, 7.405364 ], [ 0.543615, 7.421812 ], [ 0.538605, 7.422163 ], [ 0.535662, 7.426474 ], [ 0.538171, 7.431267 ], [ 0.531864, 7.443747 ], [ 0.534408, 7.447196 ], [ 0.530676, 7.448618 ], [ 0.534195, 7.450305 ], [ 0.532282, 7.457117 ], [ 0.526265, 7.45841 ], [ 0.520325, 7.455266 ], [ 0.522402, 7.458695 ], [ 0.519705, 7.462528 ], [ 0.523513, 7.463623 ], [ 0.521541, 7.465116 ], [ 0.523665, 7.468575 ], [ 0.520727, 7.468614 ], [ 0.520473, 7.472871 ], [ 0.530059, 7.480823 ], [ 0.526217, 7.482879 ], [ 0.529303, 7.486595 ], [ 0.523195, 7.493665 ], [ 0.523971, 7.502926 ], [ 0.521332, 7.51094 ], [ 0.518713, 7.511124 ], [ 0.52521, 7.581419 ], [ 0.524656, 7.588912 ], [ 0.51809, 7.592577 ], [ 0.528974, 7.59652 ], [ 0.543903, 7.608429 ], [ 0.553053, 7.606702 ], [ 0.560805, 7.613606 ], [ 0.586039, 7.622082 ], [ 0.582646, 7.657012 ], [ 0.584023, 7.674562 ], [ 0.590358, 7.7031123 ], [ 0.604583400408112, 7.709535773966246 ] ] ] } },
{ "type": "Feature", "properties": { "region": "Savanes", "prefecture": "Cinkassé", "superficie_km2": 247.6, "ctr_lon": 0.068025584684468759, "ctr_lat": 11.056004781254984 }, "geometry": { "type": "Polygon", "coordinates": [ [ [ 0.065086264376133, 11.004379794833598 ], [ 0.028626, 11.003822 ], [ 0.023905, 11.062604 ], [ 0.003217, 11.084025 ], [ 0.001826, 11.0942872 ], [ -0.0051837, 11.1008816 ], [ -0.0046512, 11.107812 ], [ -0.0194235, 11.1144797 ], [ -0.0461886, 11.1003376 ], [ -0.0547004, 11.0859518 ], [ -0.0949986, 11.0861133 ], [ -0.1030759, 11.090223 ], [ -0.1025015, 11.0937308 ], [ -0.1192316, 11.0993372 ], [ -0.1264046, 11.1060112 ], [ -0.1429994, 11.1058198 ], [ -0.143739, 11.1186226 ], [ -0.133809, 11.1298039 ], [ -0.136228, 11.139497 ], [ -0.0031489, 11.1113759 ], [ 0.0183608, 11.113509 ], [ 0.0314499, 11.1085557 ], [ 0.0395609, 11.1009076 ], [ 0.181280061698522, 11.073510482295092 ], [ 0.178464581120263, 11.058520826863967 ], [ 0.168683371085661, 11.051560662940112 ], [ 0.173678977693059, 11.042922595621944 ], [ 0.188077249064957, 11.04920332786887 ], [ 0.1952248780681, 11.031352953723282 ], [ 0.211109345523342, 11.030161533731528 ], [ 0.209629608597902, 11.013619367605472 ], [ 0.213141838172726, 11.01089542794881 ], [ 0.196948346124243, 10.986044629640434 ], [ 0.172906259175063, 10.986694083342858 ], [ 0.16324694120328, 10.983729254003894 ], [ 0.152309515118104, 10.984387326557345 ], [ 0.144093625082414, 10.992700192078791 ], [ 0.132796178405353, 10.98759854150734 ], [ 0.117585672273335, 10.986568110642294 ], [ 0.11817767656363, 11.013209824382718 ], [ 0.112978211567628, 11.013476289517177 ], [ 0.10228086813744, 10.99111067330869 ], [ 0.099308341765891, 10.990499344243103 ], [ 0.089020896359583, 11.003426458669209 ], [ 0.070258139327539, 10.998769971645039 ], [ 0.065086264376133, 11.004379794833598 ] ] ] } },
{ "type": "Feature", "properties": { "region": "Savanes", "prefecture": "Kpendjal", "superficie_km2": 1098.4, "ctr_lon": 0.71625319869639881, "ctr_lat": 10.853111555403544 }, "geometry": { "type": "Polygon", "coordinates": [ [ [ 0.523575176344351, 10.770883663893287 ], [ 0.531041833653535, 10.839350415491905 ], [ 0.526397986879022, 10.844797903424974 ], [ 0.530267454788798, 10.868470380543098 ], [ 0.554014675947292, 10.879521741967737 ], [ 0.593830783861821, 10.883985165660539 ], [ 0.601701445863173, 10.916697639199887 ], [ 0.581198572649407, 10.953153490794978 ], [ 0.579632002766238, 10.96594591763183 ], [ 0.59506, 10.96956 ], [ 0.65631, 10.99736 ], [ 0.9122091, 10.9961705 ], [ 0.911944, 10.978611 ], [ 0.888611, 10.92 ], [ 0.904444, 10.876944 ], [ 0.888611, 10.860833 ], [ 0.879444, 10.799722 ], [ 0.809722, 10.727778 ], [ 0.8025, 10.714167 ], [ 0.800278, 10.686453449215533 ], [ 0.79257153353497, 10.6859512387907 ], [ 0.746625901422046, 10.739896346741428 ], [ 0.727272522711281, 10.756366859254303 ], [ 0.719139803666063, 10.756084141145037 ], [ 0.704157906368703, 10.72386019022769 ], [ 0.681287739898841, 10.718083209052308 ], [ 0.64839805679346, 10.691583725674937 ], [ 0.592391746961784, 10.691168384929501 ], [ 0.569852653685974, 10.701820750685526 ], [ 0.56458868281326, 10.712398259202564 ], [ 0.540667759477205, 10.719010269560078 ], [ 0.532775253415388, 10.765651672082766 ], [ 0.523575176344351, 10.770883663893287 ] ] ] } },
{ "type": "Feature", "properties": { "region": "Savanes", "prefecture": "Kpendjal-Ouest", "superficie_km2": 646.3, "ctr_lon": 0.45412719537248952, "ctr_lat": 10.839250795775449 }, "geometry": { "type": "Polygon", "coordinates": [ [ [ 0.369471711186952, 10.701796699096452 ], [ 0.341697961060968, 10.693316494311382 ], [ 0.320473159085606, 10.702451553009135 ], [ 0.32321667689047, 10.726275924685474 ], [ 0.352726658439187, 10.740928689259091 ], [ 0.346276976562751, 10.762944520098428 ], [ 0.350998833233502, 10.767027986369598 ], [ 0.355172045484475, 10.805093452937538 ], [ 0.347635007475088, 10.808478933087271 ], [ 0.322848383042472, 10.777773536247349 ], [ 0.300486765214778, 10.789398948300638 ], [ 0.296713769861161, 10.795407125181587 ], [ 0.312565730026225, 10.812552223054603 ], [ 0.325450502866461, 10.814403703007462 ], [ 0.347076282867849, 10.809245375592905 ], [ 0.362771908553759, 10.848267455516588 ], [ 0.374407772697918, 10.822320626740144 ], [ 0.399105254219358, 10.820137727668133 ], [ 0.408578884748476, 10.834605271269947 ], [ 0.406956408526134, 10.844506760367636 ], [ 0.394526267433178, 10.862586536085809 ], [ 0.384798523802729, 10.868249028054553 ], [ 0.374688320478504, 10.902066346605197 ], [ 0.387237413359325, 10.917665555482039 ], [ 0.413133511366007, 10.924342031363141 ], [ 0.399154723985573, 10.945362826418844 ], [ 0.419585947788099, 10.962511906657694 ], [ 0.412488048848732, 10.974624520853181 ], [ 0.402107556237233, 10.980174788271103 ], [ 0.399585501138505, 11.004866291709421 ], [ 0.429854572085837, 11.023229305549384 ], [ 0.50285, 11.00908 ], [ 0.48997, 10.98623 ], [ 0.49372, 10.98234 ], [ 0.50584, 10.98011 ], [ 0.50634, 10.97321 ], [ 0.49468, 10.931 ], [ 0.579632002766238, 10.96594591763183 ], [ 0.581198572649407, 10.953153490794978 ], [ 0.601701445863173, 10.916697639199887 ], [ 0.593830783861821, 10.883985165660539 ], [ 0.554014675947292, 10.879521741967737 ], [ 0.530267454788798, 10.868470380543098 ], [ 0.526397986879022, 10.844797903424974 ], [ 0.531041833653535, 10.839350415491905 ], [ 0.523575176344351, 10.770883663893287 ], [ 0.532775253415388, 10.765651672082766 ], [ 0.540667759477205, 10.719010269560078 ], [ 0.520385830507244, 10.709811554822995 ], [ 0.507293821735804, 10.696886616458794 ], [ 0.489951812656507, 10.705881441432755 ], [ 0.460665526497469, 10.698656532248981 ], [ 0.436626408809211, 10.674728457926127 ], [ 0.432104854330008, 10.681172602807335 ], [ 0.413182710162485, 10.686344542462983 ], [ 0.39855919444613, 10.684044705877383 ], [ 0.385307139114687, 10.68740123919239 ], [ 0.378549909645365, 10.700047516203369 ], [ 0.369471711186952, 10.701796699096452 ] ] ] } },
{ "type": "Feature", "properties": { "region": "Savanes", "prefecture": "Oti", "superficie_km2": 1705.2, "ctr_lon": 0.42581954151702767, "ctr_lat": 10.460850063872002 }, "geometry": { "type": "MultiPolygon", "coordinates": [ [ [ [ 0.218322740469447, 10.519770213945902 ], [ 0.210267656141714, 10.529044382180714 ], [ 0.230427017938014, 10.553594056992649 ], [ 0.229279130601382, 10.578545730963819 ], [ 0.239402426314783, 10.581816404062533 ], [ 0.248244256064798, 10.590427425267622 ], [ 0.272085497903769, 10.598918932238508 ], [ 0.280701505819443, 10.58878149799966 ], [ 0.291751383095484, 10.585532180254148 ], [ 0.300502282654935, 10.596662116048902 ], [ 0.311094359194633, 10.602889012353609 ], [ 0.313709848782584, 10.614750943529732 ], [ 0.333110467085469, 10.613868830516179 ], [ 0.33995703302601, 10.629763878933915 ], [ 0.336161132969128, 10.638013207784953 ], [ 0.350620072954927, 10.649450381563083 ], [ 0.355122427887563, 10.667286057819011 ], [ 0.355247513124161, 10.676917604355646 ], [ 0.336982457678359, 10.680170284899271 ], [ 0.341697961060968, 10.693316494311382 ], [ 0.368207613343812, 10.702060608461027 ], [ 0.378549909645365, 10.700047516203369 ], [ 0.385307139114687, 10.68740123919239 ], [ 0.39855919444613, 10.684044705877383 ], [ 0.413182710162485, 10.686344542462983 ], [ 0.432104854330008, 10.681172602807335 ], [ 0.436626408809211, 10.674728457926127 ], [ 0.460665526497469, 10.698656532248981 ], [ 0.489951812656507, 10.705881441432755 ], [ 0.507293821735804, 10.696886616458794 ], [ 0.520385830507244, 10.709811554822995 ], [ 0.540667759477205, 10.719010269560078 ], [ 0.56458868281326, 10.712398259202564 ], [ 0.569852653685974, 10.701820750685526 ], [ 0.581257691039136, 10.695575311010519 ], [ 0.578190810195059, 10.637105631379479 ], [ 0.583908649992344, 10.638487119021852 ], [ 0.617555979710311, 10.630593167017693 ], [ 0.627595843641999, 10.603981495384385 ], [ 0.621614370545832, 10.575209144947738 ], [ 0.590194228259346, 10.569032035698259 ], [ 0.576503818679746, 10.518947488425296 ], [ 0.545083734985292, 10.513894265044803 ], [ 0.527420166751293, 10.49068741330348 ], [ 0.525737392960295, 10.480575484165799 ], [ 0.552508597990004, 10.458831791092679 ], [ 0.555396184267264, 10.422205888794702 ], [ 0.549681689933909, 10.417110035473705 ], [ 0.535354375360531, 10.390020860367494 ], [ 0.565197316964825, 10.367316598689097 ], [ 0.573573679482834, 10.346407191594082 ], [ 0.59321718531867, 10.332503832820464 ], [ 0.597991664429489, 10.310751462752846 ], [ 0.594798978182094, 10.299853288673845 ], [ 0.57715266516185, 10.293322606361619 ], [ 0.537307499501238, 10.213748762453285 ], [ 0.472305815560256, 10.205132575766912 ], [ 0.465295037447938, 10.199761580018663 ], [ 0.435654775606834, 10.207965297922785 ], [ 0.415972098454499, 10.194917311188116 ], [ 0.420066574269086, 10.180766967168404 ], [ 0.408191958641547, 10.163108953518226 ], [ 0.408357502507628, 10.142933239613591 ], [ 0.395617695224311, 10.128616221566944 ], [ 0.363573020199403, 10.138426505434941 ], [ 0.3623292, 10.1472054 ], [ 0.3506759, 10.1683193 ], [ 0.3547669, 10.1828869 ], [ 0.3512426, 10.1924296 ], [ 0.3568507, 10.1975879 ], [ 0.3553805, 10.2117321 ], [ 0.3605147, 10.2190168 ], [ 0.3615908, 10.2581078 ], [ 0.3644573, 10.2645572 ], [ 0.3723297, 10.265674 ], [ 0.3817512, 10.2732111 ], [ 0.381983, 10.276936 ], [ 0.373019, 10.279985 ], [ 0.369517, 10.284839 ], [ 0.373277, 10.282712 ], [ 0.373192, 10.288387 ], [ 0.378149, 10.28632 ], [ 0.37877, 10.294614 ], [ 0.384691, 10.296807 ], [ 0.382731, 10.299074 ], [ 0.38837, 10.304018 ], [ 0.397303, 10.304534 ], [ 0.396722, 10.312915 ], [ 0.389028, 10.315695 ], [ 0.365773, 10.310746 ], [ 0.353309, 10.314248 ], [ 0.348398, 10.307685 ], [ 0.33631, 10.308323 ], [ 0.332073, 10.311486 ], [ 0.330526, 10.308247 ], [ 0.328885, 10.311724 ], [ 0.324764, 10.306762 ], [ 0.31622, 10.310593 ], [ 0.322023, 10.312677 ], [ 0.323024, 10.319501 ], [ 0.33837, 10.325151 ], [ 0.33264, 10.337403 ], [ 0.325378, 10.340454 ], [ 0.320639, 10.334092 ], [ 0.315591, 10.337967 ], [ 0.314475, 10.35958 ], [ 0.307491, 10.371501 ], [ 0.302375, 10.369475 ], [ 0.300788, 10.373168 ], [ 0.290145, 10.376721 ], [ 0.293335, 10.380422 ], [ 0.290406, 10.381846 ], [ 0.30079, 10.39177 ], [ 0.298419, 10.409648 ], [ 0.290147, 10.408986 ], [ 0.284481, 10.422458 ], [ 0.276642, 10.419277 ], [ 0.272723, 10.421028 ], [ 0.270297, 10.415553 ], [ 0.266437, 10.416074 ], [ 0.268474, 10.410213 ], [ 0.264008, 10.408852 ], [ 0.263693, 10.410979 ], [ 0.259261, 10.407587 ], [ 0.258364, 10.409907 ], [ 0.25095, 10.409245 ], [ 0.249433, 10.41372 ], [ 0.243825, 10.416008 ], [ 0.237685, 10.416186 ], [ 0.236562, 10.41248 ], [ 0.226351, 10.422359 ], [ 0.217467, 10.422733 ], [ 0.221175, 10.424884 ], [ 0.216589347114915, 10.424954745897633 ], [ 0.212687176388355, 10.464255392351824 ], [ 0.193821154885774, 10.480530326293168 ], [ 0.218322740469447, 10.519770213945902 ] ] ], [ [ [ 0.190022830755676, 10.561283877528217 ], [ 0.204374943390072, 10.551786313578381 ], [ 0.196021358888888, 10.532968502597132 ], [ 0.187081962480648, 10.528586224712333 ], [ 0.169707345179286, 10.548704647794436 ], [ 0.184628697460915, 10.560410805620158 ], [ 0.190022830755676, 10.561283877528217 ] ] ] ] } },
{ "type": "Feature", "properties": { "region": "Savanes", "prefecture": "Oti-Sud", "superficie_km2": 2635.1, "ctr_lon": 0.65074822190485293, "ctr_lat": 10.285656421548383 }, "geometry": { "type": "Polygon", "coordinates": [ [ [ 0.479254684402221, 9.943299534039868 ], [ 0.445425491529211, 9.966796634717127 ], [ 0.445499497230515, 9.976146267736864 ], [ 0.424511328730025, 10.001153171107321 ], [ 0.4250254552134, 10.03155174382697 ], [ 0.41718206489085, 10.043565166350309 ], [ 0.41330959724817, 10.044213163556003 ], [ 0.4177473, 10.0576044 ], [ 0.4160052, 10.0624788 ], [ 0.3958541, 10.0809759 ], [ 0.3646555, 10.0855955 ], [ 0.3563274, 10.0910178 ], [ 0.3523933, 10.1111619 ], [ 0.363573020199403, 10.138426505434941 ], [ 0.395617695224311, 10.128616221566944 ], [ 0.408357502507628, 10.142933239613591 ], [ 0.408191958641547, 10.163108953518226 ], [ 0.420066574269086, 10.180766967168404 ], [ 0.415972098454499, 10.194917311188116 ], [ 0.435654775606834, 10.207965297922785 ], [ 0.465295037447938, 10.199761580018663 ], [ 0.472305815560256, 10.205132575766912 ], [ 0.537307499501238, 10.213748762453285 ], [ 0.57715266516185, 10.293322606361619 ], [ 0.595262203887703, 10.300283431882642 ], [ 0.597991664429489, 10.310751462752846 ], [ 0.59321718531867, 10.332503832820464 ], [ 0.573573679482834, 10.346407191594082 ], [ 0.565197316964825, 10.367316598689097 ], [ 0.535354375360531, 10.390020860367494 ], [ 0.549681689933909, 10.417110035473705 ], [ 0.555396184267264, 10.422205888794702 ], [ 0.552508597990004, 10.458831791092679 ], [ 0.525737392960295, 10.480575484165799 ], [ 0.527420166751293, 10.49068741330348 ], [ 0.545083734985292, 10.513894265044803 ], [ 0.576503818679746, 10.518947488425296 ], [ 0.590194228259346, 10.569032035698259 ], [ 0.621614370545832, 10.575209144947738 ], [ 0.627595843641999, 10.603981495384385 ], [ 0.617555979710311, 10.630593167017693 ], [ 0.583908649992344, 10.638487119021852 ], [ 0.578190810195059, 10.637105631379479 ], [ 0.581257691039136, 10.695575311010519 ], [ 0.592391746961784, 10.691168384929501 ], [ 0.64839805679346, 10.691583725674937 ], [ 0.681287739898841, 10.718083209052308 ], [ 0.704157906368703, 10.72386019022769 ], [ 0.719139803666063, 10.756084141145037 ], [ 0.727272522711281, 10.756366859254303 ], [ 0.746625901422046, 10.739896346741428 ], [ 0.79257153353497, 10.6859512387907 ], [ 0.800278, 10.686453449215533 ], [ 0.8075, 10.607222 ], [ 0.806944, 10.579722 ], [ 0.800556, 10.551111 ], [ 0.785278, 10.524444 ], [ 0.776667, 10.376667 ], [ 0.91372712536325, 10.280310053860214 ], [ 0.90320354944515, 10.24492268122304 ], [ 0.8883386792699, 10.233307103927249 ], [ 0.885633113325931, 10.227491181390937 ], [ 0.88461343437731, 10.168576476418881 ], [ 0.867993810862096, 10.139288510494824 ], [ 0.857978293502656, 10.139459263291318 ], [ 0.825478865558996, 10.125435930655511 ], [ 0.745175546240326, 10.156943228404826 ], [ 0.71990748426242, 10.10106626035072 ], [ 0.686885777000617, 10.091585149849733 ], [ 0.696265103205394, 10.064006520361168 ], [ 0.678702417614581, 10.041064434450867 ], [ 0.685937681768597, 10.030590721072384 ], [ 0.701512231041296, 10.025757900477398 ], [ 0.7103026649814, 9.995796888766078 ], [ 0.683245705612687, 9.981647090065334 ], [ 0.649879372589959, 9.973958495309953 ], [ 0.649472994228301, 9.958962439044601 ], [ 0.665770900780641, 9.943463031703581 ], [ 0.641004311768129, 9.922802026617562 ], [ 0.647758871572579, 9.915465686140889 ], [ 0.648026894248922, 9.905102946781852 ], [ 0.62143848910887, 9.885243108493896 ], [ 0.600469296832347, 9.898088954948747 ], [ 0.593947186997305, 9.893298314363745 ], [ 0.557885209834417, 9.89494404138153 ], [ 0.552261956858531, 9.902998252339438 ], [ 0.529514182245661, 9.905394164894242 ], [ 0.515131771151449, 9.91200368828863 ], [ 0.528356138753624, 9.949416362418047 ], [ 0.492673821873033, 9.950352297931049 ], [ 0.479254684402221, 9.943299534039868 ] ] ] } },
{ "type": "Feature", "properties": { "region": "Savanes", "prefecture": "Tandjoaré", "superficie_km2": 939.3, "ctr_lon": 0.12383475907039192, "ctr_lat": 10.654424472353728 }, "geometry": { "type": "Polygon", "coordinates": [ [ [ -0.040221549180527, 10.778845254474328 ], [ -0.016366278229309, 10.782311506908069 ], [ -0.000040443786043, 10.773090682991647 ], [ 0.015405962298082, 10.78174887795763 ], [ 0.023234669360288, 10.778085842887494 ], [ 0.020563918186002, 10.756365409477626 ], [ 0.038619824718721, 10.752374228679278 ], [ 0.058265505069863, 10.756903661119459 ], [ 0.062891878054942, 10.776012617215562 ], [ 0.059053438786658, 10.791519646568842 ], [ 0.069009641606992, 10.810461135848991 ], [ 0.068834409094564, 10.81780471758524 ], [ 0.075944115634891, 10.819168864273575 ], [ 0.089715862440815, 10.814442848523646 ], [ 0.115128256770614, 10.796583272123748 ], [ 0.131406963442945, 10.794764526585345 ], [ 0.141990179524596, 10.784031288098777 ], [ 0.153697234297246, 10.784568025603019 ], [ 0.169116198603393, 10.765224335463877 ], [ 0.18167459674283, 10.762806923375811 ], [ 0.193190998480208, 10.771893285177153 ], [ 0.211927549416498, 10.754170342598869 ], [ 0.235593171016298, 10.750687418120588 ], [ 0.229270727519235, 10.725801357107981 ], [ 0.241267725833341, 10.717346636918538 ], [ 0.242194250419576, 10.708105485553771 ], [ 0.247418642555328, 10.704564273124317 ], [ 0.2444645416672, 10.681347851289571 ], [ 0.269825493447697, 10.681763454116028 ], [ 0.268651634007175, 10.689993219246876 ], [ 0.281725860981127, 10.702921348831053 ], [ 0.302320094572292, 10.703170608450023 ], [ 0.307097096085154, 10.699591049301617 ], [ 0.307042141618177, 10.684080504669362 ], [ 0.310517629234451, 10.674552221806447 ], [ 0.329437423415437, 10.674349059227941 ], [ 0.331208670721123, 10.666147569257644 ], [ 0.323412359692662, 10.651139473008019 ], [ 0.336161132969128, 10.638013207784953 ], [ 0.33995703302601, 10.629763878933915 ], [ 0.333110467085469, 10.613868830516179 ], [ 0.313709848782584, 10.614750943529732 ], [ 0.311094359194633, 10.602889012353609 ], [ 0.300502282654935, 10.596662116048902 ], [ 0.291751383095484, 10.585532180254148 ], [ 0.280701505819443, 10.58878149799966 ], [ 0.272085497903769, 10.598918932238508 ], [ 0.248244256064798, 10.590427425267622 ], [ 0.239402426314783, 10.581816404062533 ], [ 0.229279130601382, 10.578545730963819 ], [ 0.230427017938014, 10.553594056992649 ], [ 0.210267656141714, 10.529044382180714 ], [ 0.218322740469447, 10.519770213945902 ], [ 0.193821154885774, 10.480530326293168 ], [ 0.212687176388355, 10.464255392351824 ], [ 0.216589347114915, 10.424954745897633 ], [ 0.210301, 10.421577 ], [ 0.21202, 10.416859 ], [ 0.205131, 10.418255 ], [ 0.209414, 10.405477 ], [ 0.206565, 10.40444 ], [ 0.204823, 10.407621 ], [ 0.1940635, 10.4029412 ], [ 0.190356, 10.404317 ], [ 0.190932, 10.416738 ], [ 0.185324, 10.417135 ], [ 0.182008, 10.423721 ], [ 0.174846, 10.424491 ], [ 0.169105, 10.430335 ], [ 0.17115, 10.433654 ], [ 0.166658, 10.441512 ], [ 0.172872, 10.446321 ], [ 0.172629, 10.450651 ], [ 0.164024, 10.453872 ], [ 0.16168, 10.46056 ], [ 0.15426, 10.46508 ], [ 0.158871, 10.47518 ], [ 0.154139, 10.477714 ], [ 0.154809, 10.4846 ], [ 0.150623, 10.487182 ], [ 0.151202, 10.497285 ], [ 0.146972, 10.501233 ], [ 0.147326, 10.513568 ], [ 0.144137, 10.515129 ], [ 0.1426695, 10.5262702 ], [ 0.127629, 10.529747 ], [ 0.117222, 10.541419 ], [ 0.060996, 10.560818 ], [ 0.056124, 10.583512 ], [ 0.042873, 10.594405 ], [ 0.041287, 10.601442 ], [ -0.011815, 10.615744 ], [ -0.015695, 10.623597 ], [ -0.059247, 10.632333 ], [ -0.078258, 10.690268 ], [ -0.09009, 10.7115612 ], [ -0.085675, 10.7164 ], [ -0.072631, 10.719206 ], [ -0.074411, 10.730086 ], [ -0.070945, 10.741817 ], [ -0.073273544440622, 10.748502687868472 ], [ -0.046900972923364, 10.765064376515872 ], [ -0.040221549180527, 10.778845254474328 ] ], [ [ 0.190022830755676, 10.561283877528217 ], [ 0.184628697460915, 10.560410805620158 ], [ 0.169707345179286, 10.548704647794436 ], [ 0.187081962480648, 10.528586224712333 ], [ 0.196021358888888, 10.532968502597132 ], [ 0.204374943390072, 10.551786313578381 ], [ 0.190022830755676, 10.561283877528217 ] ] ] } },
{ "type": "Feature", "properties": { "region": "Savanes", "prefecture": "Tône", "superficie_km2": 1313.7, "ctr_lon": 0.20456648283558879, "ctr_lat": 10.886513974841804 }, "geometry": { "type": "Polygon", "coordinates": [ [ [ 0.023234669360288, 10.778085842887494 ], [ 0.015405962298082, 10.78174887795763 ], [ -0.000040443786043, 10.773090682991647 ], [ -0.016366278229309, 10.782311506908069 ], [ -0.040221549180527, 10.778845254474328 ], [ -0.046900972923364, 10.765064376515872 ], [ -0.073273544440622, 10.748502687868472 ], [ -0.0742, 10.757788 ], [ -0.069735, 10.76413 ], [ -0.072847, 10.769827 ], [ -0.064072, 10.772738 ], [ -0.056219, 10.786293 ], [ -0.04469, 10.792201 ], [ -0.044244, 10.798024 ], [ -0.038463, 10.804684 ], [ -0.030527, 10.807279 ], [ -0.029119, 10.814512 ], [ -0.021767, 10.818676 ], [ -0.0223489, 10.8316816 ], [ -0.0279073, 10.8421743 ], [ -0.0295014, 10.8544666 ], [ -0.0251416, 10.8657582 ], [ -0.025371, 10.8813609 ], [ -0.0177198, 10.8895717 ], [ -0.0121979, 10.9054201 ], [ -0.015077, 10.9063353 ], [ -0.007661, 10.9146888 ], [ -0.0118142, 10.9441846 ], [ -0.0070459, 10.9456402 ], [ -0.0050436, 10.9643746 ], [ 0.0097266, 10.9655898 ], [ 0.013125, 10.971281 ], [ 0.023508, 10.977401 ], [ 0.03325, 10.977966 ], [ 0.031245, 10.982687 ], [ 0.034392, 10.99268 ], [ 0.028996074258764, 11.003153612241796 ], [ 0.065086264376133, 11.004379794833598 ], [ 0.070258139327539, 10.998769971645039 ], [ 0.089020896359583, 11.003426458669209 ], [ 0.099308341765891, 10.990499344243103 ], [ 0.10228086813744, 10.99111067330869 ], [ 0.112978211567628, 11.013476289517177 ], [ 0.11817767656363, 11.013209824382718 ], [ 0.117585672273335, 10.986568110642294 ], [ 0.132796178405353, 10.98759854150734 ], [ 0.144093625082414, 10.992700192078791 ], [ 0.152309515118104, 10.984387326557345 ], [ 0.196948346124243, 10.986044629640434 ], [ 0.213141838172726, 11.01089542794881 ], [ 0.209629608597902, 11.013619367605472 ], [ 0.211109345523342, 11.030161533731528 ], [ 0.1952248780681, 11.031352953723282 ], [ 0.188077249064957, 11.04920332786887 ], [ 0.173678977693059, 11.042922595621944 ], [ 0.168683371085661, 11.051560662940112 ], [ 0.178464581120263, 11.058520826863967 ], [ 0.181280061698522, 11.073510482295092 ], [ 0.429854572085837, 11.023229305549384 ], [ 0.399585501138505, 11.004866291709421 ], [ 0.402107556237233, 10.980174788271103 ], [ 0.412488048848732, 10.974624520853181 ], [ 0.419585947788099, 10.962511906657694 ], [ 0.399154723985573, 10.945362826418844 ], [ 0.413133511366007, 10.924342031363141 ], [ 0.387237413359325, 10.917665555482039 ], [ 0.374688320478504, 10.902066346605197 ], [ 0.384798523802729, 10.868249028054553 ], [ 0.394526267433178, 10.862586536085809 ], [ 0.406956408526134, 10.844506760367636 ], [ 0.408578884748476, 10.834605271269947 ], [ 0.399105254219358, 10.820137727668133 ], [ 0.374407772697918, 10.822320626740144 ], [ 0.362771908553759, 10.848267455516588 ], [ 0.347076282867849, 10.809245375592905 ], [ 0.325450502866461, 10.814403703007462 ], [ 0.312565730026225, 10.812552223054603 ], [ 0.296713769861161, 10.795407125181587 ], [ 0.300486765214778, 10.789398948300638 ], [ 0.322848383042472, 10.777773536247349 ], [ 0.347635007475088, 10.808478933087271 ], [ 0.355172045484475, 10.805093452937538 ], [ 0.350998833233502, 10.767027986369598 ], [ 0.346276976562751, 10.762944520098428 ], [ 0.352726658439187, 10.740928689259091 ], [ 0.32321667689047, 10.726275924685474 ], [ 0.320473159085606, 10.702451553009135 ], [ 0.341697961060968, 10.693316494311382 ], [ 0.336982457678359, 10.680170284899271 ], [ 0.355247513124161, 10.676917604355646 ], [ 0.350620072954927, 10.649450381563083 ], [ 0.336161132969128, 10.638013207784953 ], [ 0.323412359692662, 10.651139473008019 ], [ 0.331208670721123, 10.666147569257644 ], [ 0.329437423415437, 10.674349059227941 ], [ 0.310517629234451, 10.674552221806447 ], [ 0.307042141618177, 10.684080504669362 ], [ 0.307097096085154, 10.699591049301617 ], [ 0.302320094572292, 10.703170608450023 ], [ 0.281725860981127, 10.702921348831053 ], [ 0.268651634007175, 10.689993219246876 ], [ 0.269825493447697, 10.681763454116028 ], [ 0.2444645416672, 10.681347851289571 ], [ 0.247418642555328, 10.704564273124317 ], [ 0.242194250419576, 10.708105485553771 ], [ 0.241267725833341, 10.717346636918538 ], [ 0.229270727519235, 10.725801357107981 ], [ 0.235593171016298, 10.750687418120588 ], [ 0.211927549416498, 10.754170342598869 ], [ 0.193190998480208, 10.771893285177153 ], [ 0.18167459674283, 10.762806923375811 ], [ 0.169116198603393, 10.765224335463877 ], [ 0.153697234297246, 10.784568025603019 ], [ 0.141990179524596, 10.784031288098777 ], [ 0.131406963442945, 10.794764526585345 ], [ 0.115128256770614, 10.796583272123748 ], [ 0.089715862440815, 10.814442848523646 ], [ 0.075944115634891, 10.819168864273575 ], [ 0.068834409094564, 10.81780471758524 ], [ 0.069009641606992, 10.810461135848991 ], [ 0.059053438786658, 10.791519646568842 ], [ 0.062891878054942, 10.776012617215562 ], [ 0.058265505069863, 10.756903661119459 ], [ 0.038619824718721, 10.752374228679278 ], [ 0.020563918186002, 10.756365409477626 ], [ 0.023234669360288, 10.778085842887494 ] ] ] } }
]
}
